rank_global,rank_posicion,player_id,name,gender,age,position,alternative_positions,n_alternative_positions,ovr,gk_diving,gk_handling,gk_kicking,gk_reflexes,gk_speed,gk_positioning,acceleration,sprint_speed,positioning,finishing,shot_power,long_shots,volleys,penalties,vision,crossing,free_kick_accuracy,short_passing,long_passing,curve,dribbling,agility,balance,reactions,ball_control,composure,interceptions,heading_accuracy,def_awareness,standing_tackle,sliding_tackle,jumping,stamina,strength,aggression,height_cm,weight_kg,preferred_foot,weak_foot,skill_moves,play_styles,n_play_styles,n_play_styles_plus,nation,league,team,name_key
1,1,212831,Alisson,M,33,GK,,0,89,86,85,86,89,56,90,60,49,13,13,65,14,20,23,17,66,18,60,58,19,27,40,37,87,42,66,11,29,15,19,16,82,32,78,27,193.0,91.0,Right,3,1,Rush Out+|Deflector|Far Throw,3,1,Brazil,Premier League,Liverpool,alisson
1,1,230621,Gianluigi Donnarumma,M,27,GK,,0,89,90,83,70,90,52,87,50,55,14,12,53,18,8,24,12,60,14,36,34,12,28,57,38,87,30,54,26,12,21,14,16,73,41,75,30,196.0,90.0,Right,3,1,Deflector+|Footwork,2,1,Italy,Premier League,Manchester City,gianluigi donnarumma
1,1,192119,Thibaut Courtois,M,33,GK,,0,89,85,89,76,90,46,88,42,52,13,14,57,17,12,27,14,44,20,33,35,19,13,63,45,88,23,66,15,13,20,18,16,68,38,70,23,200.0,96.0,Left,3,1,Cross Claimer+|Far Throw|Rush Out,3,1,Belgium,LALIGA EA SPORTS,Real Madrid,thibaut courtois
4,4,245956,Christiane Endler,F,34,GK,,0,88,88,82,84,89,42,89,46,35,10,15,63,17,8,13,15,69,11,31,35,18,15,39,42,83,22,45,16,13,15,11,12,60,41,46,21,183.0,73.0,Left,3,1,Rush Out+|Cross Claimer,2,1,Chile,Arkema PL,OL Lyonnes,christiane endler
4,4,200389,Jan Oblak,M,33,GK,,0,88,85,90,78,87,46,86,42,53,11,11,59,12,13,11,13,67,14,43,40,13,12,64,48,85,30,68,24,15,27,14,18,72,42,78,36,188.0,87.0,Right,3,1,Cross Claimer+|Far Reach|Far Throw,3,1,Slovenia,LALIGA EA SPORTS,Atlético de Madrid,jan oblak
6,6,220901,David Raya,M,30,GK,,0,87,86,84,87,87,62,85,64,59,15,19,65,14,20,26,12,68,15,62,67,18,19,68,45,84,43,68,11,20,28,14,13,64,31,38,29,183.0,75.0,Right,3,1,Cross Claimer+|Footwork,2,1,Spain,Premier League,Arsenal,david raya
6,6,215698,Mike Maignan,M,30,GK,,0,87,84,83,85,88,64,84,65,62,15,15,64,20,16,15,18,65,16,64,61,38,30,60,56,85,40,68,25,17,23,18,20,82,39,83,35,191.0,89.0,Right,4,1,Far Throw+|Deflector|Footwork|Long Ball Pass,4,1,France,Serie A Enilive,Milano FC,mike maignan
6,6,177683,Yann Sommer,M,37,GK,,0,87,83,82,85,89,50,87,48,54,15,13,64,12,8,24,13,64,13,46,38,12,22,57,58,83,30,54,21,10,9,20,14,68,45,68,38,183.0,77.0,Right,4,1,Far Reach+,1,1,Switzerland,Serie A Enilive,Lombardia FC,yann sommer
9,9,258310,Ann-Katrin Berger,F,35,GK,,0,86,86,84,81,87,45,81,40,52,9,25,61,29,20,45,27,66,30,60,58,30,30,38,40,85,41,67,25,24,28,24,25,69,29,67,40,180.0,63.0,Right,4,1,Cross Claimer+|Footwork|Long Ball Pass,3,1,Germany,NWSL,Gotham FC,ann katrin berger
9,9,235073,Gregor Kobel,M,28,GK,,0,86,87,83,64,87,44,86,38,52,10,10,48,10,10,12,13,59,12,39,33,13,24,37,29,84,34,66,14,13,15,15,15,71,30,81,24,195.0,88.0,Right,3,1,Rush Out+|Deflector|Far Throw,3,1,Switzerland,Bundesliga,Borussia Dortmund,gregor kobel
9,9,192448,Marc-André ter Stegen,M,33,GK,,0,86,84,84,89,85,47,84,45,50,11,14,67,10,14,25,18,70,12,61,63,18,21,39,43,84,30,70,22,11,25,13,10,72,35,78,43,187.0,85.0,Right,4,1,Footwork|Long Ball Pass|Rush Out,3,0,Germany,LALIGA EA SPORTS,FC Barcelona,marc andre ter stegen
12,12,246641,Chiamaka Nnadozie,F,25,GK,,0,85,87,80,80,88,63,84,63,62,14,11,60,9,7,13,12,55,13,29,22,14,17,48,42,75,21,57,23,12,22,13,10,71,36,61,35,180.0,69.0,Right,3,1,Footwork+|Deflector|Long Ball Pass,3,1,Nigeria,Barclays WSL,Brighton,chiamaka nnadozie
12,12,193080,De Gea,M,35,GK,,0,85,85,78,71,87,46,84,47,45,9,13,53,12,13,29,17,45,19,40,39,21,18,60,40,85,32,45,21,18,15,20,15,57,30,38,15,192.0,76.0,Right,2,1,Far Throw|Footwork,2,0,Spain,Serie A Enilive,Fiorentina,de gea
12,12,210257,Ederson,M,32,GK,,0,85,83,82,91,83,64,83,64,63,20,14,68,18,18,65,20,70,20,65,68,39,30,60,48,82,45,70,27,14,29,15,8,78,44,78,38,188.0,86.0,Left,3,1,Long Ball Pass+|Cross Claimer|Pinged Pass,3,1,Brazil,Trendyol Süper Lig,Fenerbahçe,ederson
12,12,202811,Emiliano Martínez,M,33,GK,,0,85,83,82,82,85,56,85,55,57,12,16,62,16,13,43,22,67,20,61,59,22,24,54,49,81,43,69,21,26,25,20,20,79,40,78,40,195.0,88.0,Right,4,1,Footwork|Rush Out,2,0,Argentina,Premier League,Aston Villa,emiliano martinez
12,12,185122,Péter Gulácsi,M,35,GK,,0,85,83,83,74,84,43,87,42,44,11,10,56,12,10,24,16,44,11,35,31,18,19,41,42,82,25,45,23,23,25,16,20,72,37,74,34,193.0,86.0,Right,2,1,Footwork,1,0,Hungary,Bundesliga,RB Leipzig,peter gulacsi
12,12,230869,Unai Simón,M,28,GK,,0,85,84,80,76,85,49,84,48,50,14,14,57,13,17,24,16,48,14,38,34,20,12,37,47,82,16,40,26,18,11,18,12,74,44,76,29,190.0,89.0,Right,3,1,Footwork|Pinged Pass|Rush Out,3,0,Spain,LALIGA EA SPORTS,Athletic Club,unai simon
18,18,268942,Cata Coll,F,24,GK,,0,84,83,81,76,87,53,82,53,54,13,8,57,5,7,28,9,61,21,49,35,15,17,50,66,81,34,50,14,7,9,12,14,67,30,65,20,170.0,68.0,Right,3,1,Cross Claimer,1,0,Spain,Liga F Moeve,FC Barcelona,cata coll
18,18,234577,Diogo Costa,M,26,GK,,0,84,83,78,82,86,35,83,33,39,18,6,62,9,8,14,13,67,10,50,55,10,18,42,35,83,30,44,18,11,19,13,11,61,28,63,23,187.0,84.0,Right,2,1,Far Throw|Long Ball Pass|Rush Out,3,0,Portugal,Liga Portugal,FC Porto,diogo costa
18,18,262621,Giorgi Mamardashvili,M,25,GK,,0,84,84,81,72,84,48,84,48,48,8,9,54,7,7,11,13,34,10,20,20,11,11,40,26,74,22,26,8,14,5,12,10,71,45,74,25,199.0,88.0,Left,3,1,Cross Claimer|Far Throw|Footwork,3,0,Georgia,Premier League,Liverpool,giorgi mamardashvili
18,18,263009,Hannah Hampton,F,25,GK,,0,84,82,83,82,84,60,85,61,58,7,8,62,13,11,24,22,45,18,31,35,27,19,35,47,83,30,38,11,9,12,13,14,64,25,50,25,175.0,64.0,Right,3,1,Deflector+|Cross Claimer|Long Ball Pass,3,1,England,Barclays WSL,Chelsea,hannah hampton
18,18,204935,Jordan Pickford,M,32,GK,,0,84,84,78,88,87,53,81,57,47,18,19,66,13,20,48,17,69,16,59,61,18,20,59,55,82,42,65,26,18,21,20,12,75,40,72,45,185.0,77.0,Left,4,1,Far Throw|Footwork|Long Ball Pass,3,0,England,Premier League,Everton,jordan pickford
18,18,167495,Manuel Neuer,M,40,GK,,0,84,81,81,90,81,31,86,29,35,12,13,68,16,11,49,15,68,11,60,67,14,30,51,35,83,44,67,30,25,17,10,11,71,43,80,29,193.0,93.0,Right,4,1,Pinged Pass+|Far Throw|Long Ball Pass,3,1,Germany,Bundesliga,FC Bayern München,manuel neuer
18,18,252154,Marco Carnesecchi,M,25,GK,,0,84,86,83,71,86,30,85,24,39,9,8,53,10,7,17,11,54,12,36,31,18,14,40,25,71,21,40,13,20,16,17,14,58,28,55,27,191.0,83.0,Right,3,1,Rush Out,1,0,Italy,Serie A Enilive,Bergamo Calcio,marco carnesecchi
18,18,247504,Mary Earps,F,33,GK,,0,84,81,80,83,82,41,84,44,36,10,10,62,13,12,26,13,68,12,31,29,14,12,29,40,83,20,35,14,7,11,15,14,64,38,63,31,173.0,68.0,Right,3,1,Footwork,1,0,England,Arkema PL,Paris SG,mary earps
18,18,247789,Merle Frohms,F,31,GK,,0,84,81,82,76,84,51,85,45,59,7,8,57,7,7,18,9,31,10,28,38,11,8,61,44,80,20,44,18,10,6,13,11,67,29,70,20,175.0,60.0,Right,3,1,Deflector+|Far Reach,2,1,Germany,Liga F Moeve,Real Madrid,merle frohms
18,18,186153,Wojciech Szczęsny,M,35,GK,,0,84,82,83,75,84,48,84,49,46,14,12,56,14,14,18,12,48,14,51,66,16,11,55,51,80,22,65,15,16,20,13,12,69,45,65,40,196.0,90.0,Right,3,1,Far Throw,1,0,Poland,LALIGA EA SPORTS,FC Barcelona,wojciech szczesny
28,28,266816,Aubrey Kingsbury,F,34,GK,,0,83,84,82,72,85,41,83,37,47,13,8,54,5,7,11,10,60,12,54,52,10,29,53,45,79,38,50,13,11,13,14,11,50,23,35,23,175.0,65.0,Right,2,1,Far Throw,1,0,United States,NWSL,Washington Spirit,aubrey kingsbury
28,28,258680,Daphne van Domselaar,F,26,GK,,0,83,82,81,81,82,40,83,36,45,8,6,61,8,7,19,12,46,14,31,16,10,9,37,46,83,18,25,8,10,6,14,13,49,21,34,18,176.0,66.0,Right,2,1,Far Reach|Footwork,2,0,Holland,Barclays WSL,Arsenal,daphne van domselaar
28,28,259532,Joan García,M,24,GK,,0,83,81,82,77,86,46,83,48,44,6,6,58,9,7,18,13,54,12,48,49,12,17,59,42,77,28,59,13,12,7,13,14,64,35,59,30,191.0,79.0,Right,3,1,Cross Claimer,1,0,Spain,LALIGA EA SPORTS,FC Barcelona,joan garcia
28,28,237673,Kailen Sheridan,F,30,GK,,0,83,81,80,79,85,41,82,38,45,15,10,59,17,9,25,13,63,15,57,55,13,30,58,46,79,37,61,13,17,18,14,13,65,40,64,26,176.0,72.0,Right,2,1,Far Reach|Far Throw|Long Ball Pass,3,0,Canada,NWSL,San Diego Wave,kailen sheridan
28,28,251752,Lucas Chevalier,M,24,GK,,0,83,84,79,73,86,50,80,52,46,7,9,55,8,9,16,12,47,14,38,34,15,14,38,38,80,17,45,10,12,10,10,11,63,41,53,23,189.0,84.0,Right,3,1,Footwork|Rush Out,2,0,France,Ligue 1 McDonald's,Paris SG,lucas chevalier
28,28,199641,Matz Sels,M,34,GK,,0,83,82,80,79,83,36,83,37,35,18,16,59,18,19,22,16,58,17,48,53,17,19,36,34,80,33,62,17,14,14,15,14,65,26,67,29,188.0,75.0,Right,2,1,Far Reach,1,0,Belgium,Premier League,Nott'm Forest,matz sels
28,28,193698,Oliver Baumann,M,35,GK,,0,83,83,81,78,83,39,80,37,41,10,11,59,13,11,22,14,44,11,34,30,12,19,45,43,82,17,52,21,16,15,18,14,66,39,69,32,187.0,82.0,Right,2,1,Deflector|Footwork,2,0,Germany,Bundesliga,TSG Hoffenheim,oliver baumann
28,28,246178,Pauline Peyraud-Magnin,F,34,GK,,0,83,80,80,82,84,47,83,51,40,10,11,62,11,9,12,13,31,15,29,25,17,15,58,44,80,22,38,19,11,15,14,15,57,35,43,24,175.0,63.0,Left,2,1,Deflector|Far Reach,2,0,France,Calcio A Femminile,Juventus,pauline peyraud magnin
28,28,267212,Phallon Tullis-Joyce,F,29,GK,,0,83,82,81,80,84,44,83,44,45,13,11,60,19,9,18,12,31,15,24,28,12,12,53,58,83,17,32,8,12,12,15,13,65,26,65,17,185.0,61.0,Right,2,1,Cross Claimer|Deflector|Far Throw,3,0,United States,Barclays WSL,Manchester Utd,phallon tullis joyce
28,28,227127,Álex Remiro,M,31,GK,,0,83,83,78,80,84,45,84,44,46,11,13,60,11,15,24,12,44,17,36,29,14,19,70,40,78,26,55,20,13,14,17,18,69,42,73,34,191.0,79.0,Right,4,1,Far Throw|Footwork|Long Ball Pass,3,0,Spain,LALIGA EA SPORTS,Real Sociedad,alex remiro
38,38,225116,Alex Meret,M,29,GK,,0,82,81,79,74,85,44,84,41,48,20,17,56,17,20,21,15,40,21,30,25,20,16,46,48,78,25,67,22,19,10,22,14,66,29,65,22,192.0,82.0,Left,3,1,,0,0,Italy,Serie A Enilive,SSC Napoli,alex meret
38,38,226335,Alyssa Naeher,F,37,GK,,0,82,83,81,83,80,46,87,45,48,14,19,62,14,12,42,17,64,15,55,45,14,28,57,56,70,40,62,21,16,18,19,20,62,39,54,25,173.0,64.0,Right,3,1,Far Throw+|Deflector,2,1,United States,NWSL,Chicago Stars FC,alyssa naeher
38,38,243775,Casey Murphy,F,29,GK,,0,82,84,78,78,82,40,86,40,41,13,12,59,11,11,19,16,57,14,51,50,14,28,58,51,71,31,54,15,15,12,12,16,60,27,54,18,185.0,70.0,Right,2,1,Cross Claimer,1,0,United States,NWSL,NC Courage,casey murphy
38,38,264895,Constance Picaud,F,27,GK,,0,82,82,79,76,85,47,82,46,49,11,9,57,9,10,15,11,45,13,31,27,14,21,48,51,79,30,43,18,13,20,11,10,54,30,39,25,180.0,62.0,Right,2,1,Far Reach,1,0,France,Arkema PL,FC Fleury 91,constance picaud
38,38,215316,Gerónimo Rulli,M,33,GK,,0,82,82,77,80,83,54,81,56,52,12,15,60,17,16,24,12,68,20,36,50,19,14,58,50,79,15,61,21,12,15,13,17,73,42,73,26,189.0,84.0,Right,3,1,Footwork,1,0,Argentina,Ligue 1 McDonald's,OM,geronimo rulli
38,38,240091,Guglielmo Vicario,M,29,GK,,0,82,83,78,78,84,52,80,54,49,13,6,59,5,7,13,11,68,10,57,55,14,22,56,38,81,41,62,15,11,23,11,13,67,38,60,29,194.0,76.0,Right,4,1,Footwork,1,0,Italy,Premier League,Spurs,guglielmo vicario
38,38,224987,Ivan Provedel,M,32,GK,,0,82,83,79,80,84,42,83,44,40,16,17,60,20,14,22,21,63,13,61,56,13,16,38,44,75,22,68,22,23,22,23,22,65,28,56,27,192.0,84.0,Right,2,1,Deflector|Footwork|Long Ball Pass,3,0,Italy,Serie A Enilive,Latium,ivan provedel
38,38,192984,Koen Casteels,M,33,GK,,0,82,82,79,74,85,45,83,44,46,15,15,56,18,13,20,15,42,13,35,37,20,14,50,43,79,23,40,16,14,11,19,17,69,44,72,33,197.0,86.0,Left,2,1,Footwork|Long Ball Pass|Rush Out,3,0,Belgium,ROSHN Saudi League,Al Qadsiah,koen casteels
38,38,273136,Lorena,F,28,GK,,0,82,79,81,78,82,29,80,29,29,11,15,59,22,19,33,17,57,22,55,52,20,30,24,57,82,36,46,12,13,11,15,14,55,40,50,28,183.0,78.0,Right,2,1,,0,0,Brazil,NWSL,KC Current,lorena
38,38,230872,Mile Svilar,M,26,GK,,0,82,80,80,77,85,58,82,60,55,9,14,58,18,16,37,18,53,22,42,42,23,26,66,54,79,28,48,13,22,12,24,19,72,32,61,28,189.0,77.0,Right,3,1,Cross Claimer|Rush Out,2,0,Serbia,Serie A Enilive,AS Roma,mile svilar
38,38,258789,Misa,F,26,GK,,0,82,84,77,77,80,61,84,59,63,14,17,58,19,17,29,20,30,21,33,27,18,22,56,55,78,18,34,21,15,14,18,19,74,30,56,31,173.0,66.0,Left,3,1,Cross Claimer|Deflector,2,0,Spain,Liga F Moeve,Real Madrid,misa
38,38,209981,Yassine Bounou,M,34,GK,,0,82,81,82,76,85,38,82,38,37,10,14,57,19,13,24,15,62,19,39,44,12,20,47,29,76,12,57,12,14,20,18,15,65,43,69,25,195.0,78.0,Left,2,1,Cross Claimer|Far Throw|Footwork,3,0,Morocco,ROSHN Saudi League,Al Hilal,yassine bounou
50,50,223885,Alexander Nübel,M,29,GK,,0,81,81,76,84,82,48,78,49,46,10,18,63,18,13,16,15,65,20,55,48,20,26,34,58,81,41,69,20,13,23,14,13,71,39,74,23,193.0,86.0,Right,4,1,Deflector|Footwork,2,0,Germany,Bundesliga,VfB Stuttgart,alexander nubel
50,50,243952,Andriy Lunin,M,27,GK,,0,81,80,78,79,82,37,80,39,35,11,8,59,7,12,19,15,60,15,25,26,14,11,36,25,80,15,56,19,12,22,13,11,62,32,61,22,191.0,78.0,Right,3,1,Footwork,1,0,Ukraine,LALIGA EA SPORTS,Real Madrid,andriy lunin
50,50,265856,Anna Moorhouse,F,31,GK,,0,81,78,78,75,82,41,83,39,43,8,8,56,11,7,18,12,58,11,25,22,14,10,38,57,82,13,25,8,8,10,14,12,61,35,62,12,185.0,71.0,Right,2,1,Footwork,1,0,England,NWSL,Orlando Pride,anna moorhouse
50,50,267215,Bella Bixby,F,30,GK,,0,81,81,79,74,84,42,80,41,43,18,25,56,15,7,27,12,54,10,48,51,11,20,57,44,75,31,52,9,8,13,15,12,63,39,67,27,183.0,70.0,Right,2,1,Far Reach|Footwork,2,0,United States,NWSL,Portland Thorns,bella bixby
50,50,223952,David Soria,M,32,GK,,0,81,81,79,74,82,41,80,46,34,12,19,56,18,19,23,15,51,11,30,33,23,16,48,40,79,20,61,21,23,22,13,13,74,43,76,26,192.0,85.0,Right,3,1,Footwork|Long Ball Pass,2,0,Spain,LALIGA EA SPORTS,Getafe CF,david soria
50,50,233306,Dean Henderson,M,29,GK,,0,81,82,78,77,82,55,80,55,56,8,9,58,6,5,16,14,55,10,45,48,13,13,61,56,81,35,60,11,13,15,14,14,69,32,64,35,188.0,85.0,Right,3,1,Footwork,1,0,England,Premier League,Crystal Palace,dean henderson
50,50,238212,Jane Campbell,F,31,GK,,0,81,79,78,83,82,40,84,38,44,14,18,62,14,12,32,17,57,15,56,53,14,15,54,55,77,30,57,19,17,12,18,19,53,39,42,21,175.0,66.0,Right,2,1,Far Throw|Footwork,2,0,United States,NWSL,Houston Dash,jane campbell
50,50,188943,Kevin Trapp,M,35,GK,,0,81,82,80,74,84,46,76,43,50,12,13,56,13,12,17,13,48,12,25,14,14,10,42,37,82,24,65,22,11,15,14,10,68,45,75,30,189.0,84.0,Right,4,1,Far Throw|Footwork,2,0,Germany,Ligue 1 McDonald's,Paris FC,kevin trapp
50,50,227204,Lola Gallardo,F,32,GK,,0,81,83,77,75,82,51,80,49,54,15,12,56,18,14,23,22,21,22,30,27,15,10,57,60,77,22,52,18,14,17,16,20,70,35,72,26,173.0,57.0,Right,2,1,Far Reach+|Footwork|Long Ball Pass,3,1,Spain,Liga F Moeve,Atlético de Madrid,lola gallardo
50,50,230670,Lucas Perri,M,28,GK,,0,81,80,79,79,82,35,80,32,39,12,11,59,13,15,19,19,65,20,45,48,22,18,37,27,77,14,44,25,13,10,18,14,69,38,83,35,197.0,98.0,Right,2,1,Far Throw,1,0,Brazil,Premier League,Leeds United,lucas perri
50,50,190941,Lukáš Hrádecký,M,36,GK,,0,81,83,79,64,83,40,81,38,44,9,11,48,14,9,20,11,53,15,30,33,11,10,43,39,80,20,45,18,11,10,10,13,59,34,55,31,192.0,85.0,Right,3,1,Footwork,1,0,Finland,Ligue 1 McDonald's,AS Monaco,lukas hradecky
50,50,235840,Michele Di Gregorio,M,28,GK,,0,81,82,78,79,85,56,83,55,57,9,9,59,18,11,17,13,65,14,50,50,17,30,55,55,69,35,56,15,11,21,16,12,69,36,68,26,187.0,82.0,Right,3,1,Footwork,1,0,Italy,Serie A Enilive,Juventus,michele di gregorio
50,50,203841,Nick Pope,M,33,GK,,0,81,81,81,68,82,49,78,50,47,13,14,51,15,14,22,11,50,12,42,52,13,15,36,42,78,25,63,23,11,19,15,14,71,35,75,36,199.0,90.0,Right,3,1,Footwork,1,0,England,Premier League,Newcastle Utd,nick pope
50,50,265076,Rafaela Borggräfe,F,26,GK,,0,81,82,77,79,82,47,81,49,43,5,15,59,19,5,50,31,21,34,30,35,16,22,52,44,79,35,35,20,7,16,16,14,57,36,48,27,174.0,64.0,Right,2,1,Cross Claimer|Far Throw|Footwork|Long Ball Pass,4,0,Germany,Barclays WSL,Liverpool,rafaela borggrafe
50,50,210385,Rui Silva,M,32,GK,,0,81,82,78,77,84,31,81,31,30,20,20,58,14,20,30,13,55,20,29,30,19,18,34,24,73,24,49,27,14,25,10,19,67,27,76,19,191.0,91.0,Left,3,1,Deflector|Footwork,2,0,Portugal,Liga Portugal,Sporting CP,rui silva
50,50,210676,Wladimiro Falcone,M,30,GK,,0,81,83,81,75,84,27,76,26,28,5,19,56,20,13,29,17,45,12,25,26,16,13,33,34,73,20,44,8,13,6,13,18,59,28,62,15,196.0,85.0,Right,2,1,Footwork|Rush Out,2,0,Italy,Serie A Enilive,Lecce,wladimiro falcone
66,66,272212,Adriana Nanclares,F,23,GK,,0,80,80,77,70,81,45,79,50,37,7,9,53,10,7,12,9,27,11,15,23,10,10,56,44,78,11,32,14,11,9,17,18,53,16,36,18,170.0,52.0,Left,2,1,Cross Claimer|Footwork|Long Ball Pass,3,0,Spain,Liga F Moeve,Athletic Club,adriana nanclares
66,66,250753,Anatoliy Trubin,M,24,GK,,0,80,77,76,77,84,45,83,49,38,6,9,58,8,6,18,11,64,13,37,32,13,13,36,45,76,29,50,9,12,9,11,11,68,33,69,28,199.0,86.0,Right,2,1,Footwork,1,0,Ukraine,Liga Portugal,SL Benfica,anatoliy trubin
66,66,226753,André Onana,M,30,GK,,0,80,81,75,85,83,61,77,62,60,11,12,64,17,13,27,15,68,17,57,58,30,26,66,53,76,40,65,15,20,12,18,14,79,40,78,38,190.0,93.0,Right,3,1,Rush Out,1,0,Cameroon,Premier League,Man Utd,andre onana
66,66,73562,Bento,M,26,GK,,0,80,79,76,77,83,39,81,39,40,6,5,58,9,9,15,11,69,13,17,23,14,9,34,34,77,16,30,9,13,5,13,10,61,19,58,22,190.0,80.0,Right,2,1,Deflector,1,0,Brazil,ROSHN Saudi League,Al Nassr,bento
66,66,192563,Bernd Leno,M,34,GK,,0,80,80,79,76,81,53,80,54,51,7,9,57,14,10,23,9,53,8,50,48,9,16,51,44,77,35,63,25,13,27,15,18,70,44,70,28,189.0,83.0,Right,3,1,Footwork|Rush Out,2,0,Germany,Premier League,Fulham,bernd leno
66,66,204883,Brice Samba,M,31,GK,,0,80,78,80,80,80,53,80,49,60,11,9,60,10,13,15,10,48,13,48,45,14,14,39,54,78,36,66,18,15,12,14,12,73,37,78,26,187.0,90.0,Left,3,1,Footwork|Long Ball Pass,2,0,France,Ligue 1 McDonald's,Stade Rennais FC,brice samba
66,66,241671,Dominik Livaković,M,31,GK,,0,80,80,76,71,83,56,80,57,54,11,12,53,9,10,15,13,60,11,50,60,12,19,65,30,81,28,64,21,13,24,20,21,74,32,75,26,188.0,79.0,Right,2,1,Far Throw|Footwork,2,0,Croatia,LALIGA EA SPORTS,Girona FC,dominik livakovic
66,66,201269,Frederik Rønnow,M,33,GK,,0,80,80,80,69,82,47,78,48,45,14,9,52,13,7,17,14,48,7,25,30,16,13,34,40,76,12,31,12,12,15,11,13,67,32,67,17,188.0,81.0,Right,2,1,Cross Claimer,1,0,Denmark,Bundesliga,Union Berlin,frederik r nnow
66,66,266568,Khiara Keating,F,21,GK,,0,80,78,79,81,80,31,78,33,29,9,8,61,15,7,21,11,52,15,31,33,15,18,35,55,79,17,37,9,9,15,17,15,61,25,66,32,167.0,70.0,Right,3,1,Far Reach|Long Ball Pass,2,0,England,Barclays WSL,Manchester City,khiara keating
66,66,264899,Maria-Luisa Grohs,F,24,GK,,0,80,78,79,74,78,54,79,55,52,7,6,56,6,5,19,12,55,15,22,34,11,10,56,53,81,23,23,12,6,13,11,10,68,19,68,21,180.0,73.0,Right,3,1,Cross Claimer|Far Reach,2,0,Germany,GPFBL,FC Bayern München,maria luisa grohs
66,66,241727,Predrag Rajković,M,30,GK,,0,80,78,78,76,84,29,79,33,22,4,9,57,10,8,20,13,43,10,31,42,14,8,32,29,73,18,32,10,13,11,10,10,62,26,66,25,191.0,85.0,Right,2,1,Far Throw|Footwork,2,0,Serbia,ROSHN Saudi League,Al Ittihad,predrag rajkovic
66,66,265054,Stina Johannes,F,26,GK,,0,80,78,80,77,78,52,79,52,52,10,7,58,7,6,13,12,69,14,25,36,11,12,51,35,79,13,51,13,7,13,11,9,67,28,69,23,177.0,66.0,Right,3,1,Far Throw+|Deflector|Footwork,3,1,Germany,GPFBL,VfL Wolfsburg,stina johannes
66,66,226300,Uğurcan Çakır,M,29,GK,,0,80,81,76,74,79,54,80,53,56,14,13,56,19,20,23,15,60,20,32,27,18,17,64,58,77,27,60,25,14,17,18,16,70,40,69,34,191.0,82.0,Right,3,1,Far Throw|Footwork|Long Ball Pass,3,0,Turkey,Trendyol Süper Lig,Galatasaray,ugurcan cak r
66,66,234642,Édouard Mendy,M,34,GK,,0,80,78,77,75,81,34,79,33,36,6,5,56,9,9,13,10,50,14,54,54,13,18,50,33,80,31,57,13,10,10,11,13,64,36,72,22,197.0,86.0,Right,2,1,Cross Claimer|Footwork,2,0,Senegal,ROSHN Saudi League,Al Ahli,edouard mendy
66,66,269626,Đorđe Petrović,M,26,GK,,0,80,80,78,73,82,41,78,40,43,11,11,55,11,11,13,11,50,12,47,50,12,20,45,34,79,45,62,15,13,20,15,17,67,37,73,27,194.0,89.0,Right,2,1,Footwork,1,0,Serbia,Premier League,AFC Bournemouth,or e petrovic
81,81,227186,Augusto Batalla,M,29,GK,,0,79,78,78,74,80,43,77,43,42,17,14,56,15,13,23,17,51,17,40,36,13,17,37,43,77,27,34,23,16,18,18,17,69,31,72,26,186.0,77.0,Right,3,1,Cross Claimer|Far Throw|Footwork,3,0,Argentina,LALIGA EA SPORTS,Rayo Vallecano,augusto batalla
81,81,245824,Ayaka Yamashita,F,30,GK,,0,79,78,76,74,80,19,76,18,20,10,8,56,7,6,22,20,70,25,15,18,11,13,48,68,80,22,40,11,8,12,10,12,53,41,59,18,170.0,64.0,Left,3,1,,0,0,Japan,Barclays WSL,Manchester City,ayaka yamashita
81,81,240913,Caoimhin Kelleher,M,27,GK,,0,79,77,76,79,80,43,78,45,39,4,6,59,8,9,30,13,56,11,48,50,12,25,44,48,77,37,66,12,13,18,10,14,68,19,71,21,188.0,81.0,Right,4,1,,0,0,Republic of Ireland,Premier League,Brentford,caoimhin kelleher
81,81,267368,Didi Haračić,F,33,GK,,0,79,78,77,73,80,43,77,45,41,14,14,55,21,11,26,14,55,10,25,29,11,12,54,47,78,19,45,16,18,13,19,18,67,39,67,15,173.0,65.0,Right,2,1,Footwork,1,0,Bosnia and Herzegovina,NWSL,San Diego Wave,didi haracic
81,81,272213,Elene Lete,F,23,GK,,0,79,80,75,75,80,54,78,52,57,9,10,56,8,8,11,9,30,12,15,20,11,12,60,45,77,12,30,15,15,10,16,20,62,20,36,18,173.0,66.0,Right,2,1,,0,0,Spain,Barclays WSL,London City,elene lete
81,81,228630,Esther Sullastres,F,33,GK,,0,79,80,77,74,76,48,79,50,46,11,17,56,14,17,28,12,22,14,22,20,12,20,58,65,78,21,21,18,13,29,15,16,59,41,49,17,175.0,58.0,Right,3,1,Far Throw,1,0,Spain,Liga F Moeve,Sevilla FC,esther sullastres
81,81,182494,Fernando Muslera,M,39,GK,,0,79,81,80,66,77,43,78,40,47,13,10,50,10,10,67,15,50,10,42,40,14,25,45,60,77,27,55,23,12,12,18,21,64,40,68,32,190.0,74.0,Right,2,1,Cross Claimer|Far Throw|Long Ball Pass|Rush Out,4,0,Uruguay,LPF,Estudiantes,fernando muslera
81,81,199987,Jasper Cillessen,M,36,GK,,0,79,78,78,71,80,54,78,56,50,11,10,53,15,19,21,17,55,10,50,33,10,12,48,50,79,32,61,25,12,18,12,11,69,40,67,25,186.0,85.0,Right,3,1,Deflector,1,0,Holland,Eredivisie,N.E.C. Nijmegen,jasper cillessen
81,81,214979,Juan Musso,M,31,GK,,0,79,79,77,73,82,44,81,46,42,19,18,55,14,15,25,20,48,12,31,24,16,16,32,39,70,20,67,18,15,12,14,16,68,35,70,27,191.0,93.0,Right,3,1,,0,0,Argentina,LALIGA EA SPORTS,Atlético de Madrid,juan musso
81,81,228383,Kamil Grabara,M,27,GK,,0,79,80,76,73,84,42,78,42,42,16,15,55,16,15,24,18,57,24,48,49,20,20,45,48,66,35,56,23,24,25,19,18,70,38,71,36,195.0,85.0,Right,3,1,Cross Claimer|Far Throw|Footwork,3,0,Poland,Bundesliga,VfL Wolfsburg,kamil grabara
81,81,163587,Kasper Schmeichel,M,39,GK,,0,79,78,77,81,79,42,79,38,47,13,12,61,14,15,26,18,61,15,59,66,13,12,57,47,79,40,65,20,16,14,14,13,67,31,72,45,189.0,90.0,Right,3,1,Deflector|Footwork|Long Ball Pass,3,0,Denmark,Scottish Prem,Celtic,kasper schmeichel
81,81,267321,Katie Lund,F,29,GK,,0,79,78,78,73,80,40,79,38,43,12,12,55,9,7,25,11,53,10,27,32,13,12,58,38,76,16,40,8,8,12,11,8,61,39,64,19,185.0,65.0,Right,2,1,Deflector,1,0,United States,NWSL,Rac. Louisville,katie lund
81,81,206585,Kepa,M,31,GK,,0,79,77,78,82,81,40,77,38,42,10,11,62,10,10,23,13,60,15,60,60,20,20,45,38,77,33,62,20,15,20,17,18,60,35,55,20,189.0,89.0,Right,4,1,Footwork,1,0,Spain,Premier League,Arsenal,kepa
81,81,252552,Konstantinos Tzolakis,M,23,GK,,0,79,79,77,74,81,54,79,53,56,9,10,56,11,11,16,12,61,11,47,56,31,26,63,57,73,41,61,9,11,8,14,14,68,43,68,38,193.0,80.0,Right,3,1,Cross Claimer,1,0,Greece,Hellas Liga,Olympiacos FC,konstantinos tzolakis
81,81,227925,Mackenzie Arnold,F,32,GK,,0,79,78,73,77,81,51,78,54,46,10,13,58,15,15,22,15,50,13,32,31,15,19,41,54,78,25,53,20,8,20,12,16,64,36,59,22,181.0,76.0,Right,2,1,Far Throw,1,0,Australia,NWSL,Portland Thorns,mackenzie arnold
81,81,265242,Manuela Zinsberger,F,30,GK,,0,79,78,77,78,78,46,80,48,42,11,18,59,25,12,53,31,70,24,23,15,19,11,46,62,77,36,56,10,6,20,13,16,70,22,78,26,177.0,67.0,Right,4,1,Cross Claimer|Rush Out,2,0,Austria,Barclays WSL,Arsenal,manuela zinsberger
81,81,238186,Marcin Bułka,M,26,GK,,0,79,79,76,71,81,27,79,28,25,8,8,53,7,5,18,12,49,14,35,33,13,13,41,28,73,15,58,11,10,15,10,14,67,37,82,25,199.0,99.0,Right,2,1,Footwork,1,0,Poland,ROSHN Saudi League,Neom,marcin bu ka
81,81,227290,Marko Dmitrović,M,34,GK,,0,79,76,79,78,80,37,80,39,35,9,20,59,17,20,58,30,45,18,40,40,20,8,32,37,70,10,59,17,20,19,22,20,71,45,79,20,194.0,91.0,Left,2,1,Far Throw|Footwork,2,0,Serbia,LALIGA EA SPORTS,RCD Espanyol,marko dmitrovic
81,81,221087,Pau López,M,31,GK,,0,79,77,77,78,79,48,79,45,52,20,19,59,18,17,25,24,69,21,63,55,23,18,40,57,76,43,62,16,15,19,20,11,60,42,52,39,189.0,77.0,Left,3,1,Deflector|Far Throw,2,0,Spain,LALIGA EA SPORTS,Real Betis,pau lopez
81,81,205186,Paulo Gazzaniga,M,34,GK,,0,79,79,78,81,78,57,78,57,56,15,12,61,19,13,40,23,64,21,49,52,31,20,65,60,77,31,61,19,14,23,21,14,66,42,55,40,196.0,90.0,Right,3,1,Cross Claimer|Footwork,2,0,Argentina,LALIGA EA SPORTS,Girona FC,paulo gazzaniga
81,81,224003,Sergio Herrera,M,32,GK,,0,79,79,78,75,80,47,77,45,50,13,16,56,14,16,32,20,37,21,24,21,21,15,45,45,77,27,53,12,14,15,17,18,66,42,67,25,192.0,82.0,Right,3,1,Cross Claimer|Far Throw|Footwork|Long Ball Pass,4,0,Spain,LALIGA EA SPORTS,CA Osasuna,sergio herrera
81,81,265053,Sophia Winkler,F,22,GK,,0,79,81,77,75,81,59,76,57,62,12,18,56,12,12,23,29,59,20,13,11,33,13,54,69,75,20,35,18,11,12,16,10,72,15,71,22,175.0,64.0,Right,2,1,Cross Claimer|Far Throw|Footwork,3,0,Germany,GPFBL,Frankfurt,sophia winkler
81,81,200159,Stefan Ortega,M,33,GK,,0,79,78,77,85,81,52,78,51,53,10,15,64,12,13,24,18,66,12,50,60,30,26,42,54,75,41,56,27,20,29,12,15,73,33,73,29,185.0,88.0,Right,4,1,Far Reach|Footwork,2,0,Germany,Premier League,Manchester City,stefan ortega
81,81,211348,Stole Dimitrievski,M,32,GK,,0,79,79,78,74,78,36,77,35,38,15,20,56,17,15,21,11,51,17,23,27,17,18,44,43,77,19,53,21,14,19,19,17,66,40,72,17,188.0,84.0,Right,2,1,Far Throw|Footwork,2,0,North Macedonia,LALIGA EA SPORTS,Valencia CF,stole dimitrievski
81,81,224836,Vanja Milinković-Savić,M,29,GK,,0,79,79,77,84,79,43,81,41,45,12,20,63,20,16,24,18,58,40,31,30,40,15,38,38,72,18,65,21,12,11,15,19,67,33,73,34,202.0,99.0,Right,3,1,Far Throw|Footwork|Long Ball Pass,3,0,Serbia,Serie A Enilive,SSC Napoli,vanja milinkovic savic
81,81,215223,Walter Benítez,M,33,GK,,0,79,79,78,72,80,37,78,38,35,17,14,54,14,13,25,12,46,17,28,27,20,19,45,45,76,20,62,21,13,17,20,17,69,40,80,28,191.0,93.0,Right,2,1,Rush Out,1,0,Argentina,Premier League,Crystal Palace,walter benitez
81,81,246657,Álvaro Valles,M,28,GK,,0,79,78,78,78,80,41,80,40,42,9,6,59,8,8,14,16,67,8,58,56,15,12,38,35,70,14,45,15,10,9,10,9,63,40,65,22,191.0,82.0,Right,4,1,Cross Claimer|Deflector,2,0,Spain,LALIGA EA SPORTS,Real Betis,alvaro valles
81,81,189908,Łukasz Skorupski,M,34,GK,,0,79,79,76,68,83,51,78,51,51,13,11,51,15,17,22,19,40,19,35,26,12,18,48,38,76,23,58,17,10,18,15,14,63,31,58,33,188.0,90.0,Right,3,1,Far Throw,1,0,Poland,Serie A Enilive,Bologna,ukasz skorupski
109,109,258498,Bart Verbruggen,M,23,GK,,0,78,79,76,76,81,56,75,57,55,4,8,57,7,6,21,10,43,15,40,35,11,15,52,45,76,23,35,19,15,12,17,14,73,30,72,17,193.0,89.0,Right,4,1,Footwork,1,0,Holland,Premier League,Brighton,bart verbruggen
109,109,219522,Conan Ledesma,M,33,GK,,0,78,79,75,73,79,49,78,49,48,15,16,55,21,19,30,18,53,18,35,31,20,22,48,49,75,33,47,22,17,15,15,14,74,41,79,34,183.0,84.0,Right,2,1,Cross Claimer|Deflector|Far Throw,3,0,Argentina,LPF,River Plate,conan ledesma
109,109,263139,Dominik Greif,M,28,GK,,0,78,77,76,78,77,24,77,25,22,7,9,59,5,5,14,14,34,10,25,17,12,10,21,21,75,17,32,14,10,8,11,11,56,17,60,16,197.0,82.0,Right,3,1,Far Throw,1,0,Slovakia,Ligue 1 McDonald's,OL,dominik greif
109,109,221610,Dénes Dibusz,M,35,GK,,0,78,78,73,75,81,27,77,29,24,13,15,56,17,16,23,14,49,19,23,30,14,16,21,21,74,20,65,19,18,12,15,18,48,19,36,20,188.0,81.0,Right,3,1,Cross Claimer,1,0,Hungary,Magyar Liga,Ferencvárosi TC,denes dibusz
109,109,247796,Ellie Roebuck,F,26,GK,,0,78,81,77,76,78,59,76,58,61,10,10,57,13,12,21,10,68,10,28,31,11,11,54,51,67,25,52,15,11,13,12,13,67,31,61,26,174.0,67.0,Right,3,1,Footwork,1,0,England,Barclays WSL,Aston Villa,ellie roebuck
109,109,228413,Emil Audero,M,29,GK,,0,78,79,74,72,81,53,76,55,49,8,16,54,19,18,22,13,40,12,29,19,12,19,53,51,75,18,56,11,19,10,12,12,66,25,55,24,192.0,83.0,Right,3,1,Cross Claimer,1,0,Indonesia,Serie A Enilive,Cremonese,emil audero
109,109,271860,Ena Mahmutovic,F,22,GK,,0,78,76,72,75,80,48,78,50,45,5,13,56,20,17,14,20,51,25,13,37,11,18,53,56,78,12,49,11,12,10,20,13,60,30,50,20,177.0,65.0,Right,4,1,Far Reach|Footwork|Long Ball Pass,3,0,Germany,GPFBL,FC Bayern München,ena mahmutovic
109,109,214584,Franco Armani,M,39,GK,,0,78,73,75,69,82,44,81,44,45,17,11,52,17,18,20,18,54,16,35,29,15,21,31,50,74,42,52,21,19,14,13,18,74,35,83,44,189.0,88.0,Right,3,1,Cross Claimer|Deflector|Long Ball Pass,3,0,Argentina,LPF,River Plate,franco armani
109,109,264915,Friederike Repohl,F,31,GK,,0,78,78,77,75,74,45,79,47,41,13,15,56,8,15,15,27,21,17,13,37,32,24,47,55,74,13,55,14,6,21,14,12,65,40,70,12,177.0,68.0,Right,2,1,Far Reach|Footwork,2,0,Germany,GPFBL,Leverkusen,friederike repohl
109,109,265526,Guillaume Restes,M,21,GK,,0,78,78,74,80,80,40,77,38,44,9,9,60,7,7,15,17,62,13,51,48,13,8,38,42,72,17,55,13,12,11,16,14,62,39,65,22,188.0,82.0,Left,3,1,Footwork,1,0,France,Ligue 1 McDonald's,Toulouse FC,guillaume restes
109,109,261848,Inês Pereira,F,26,GK,,0,78,78,74,78,80,37,74,38,36,11,11,59,8,9,11,12,37,13,32,28,18,22,33,44,78,24,47,12,12,14,15,13,49,34,37,23,170.0,67.0,Left,3,1,Cross Claimer|Footwork,2,0,Portugal,Liga F Moeve,RC Deportivo,ines pereira
109,109,264967,Katarzyna Kiedrzynek,F,35,GK,,0,78,78,77,74,80,39,78,41,35,12,6,56,5,7,35,9,61,21,36,35,9,8,43,41,73,15,58,17,7,22,12,13,66,32,74,30,180.0,67.0,Right,3,1,,0,0,Poland,Arkema PL,Paris SG,katarzyna kiedrzynek
109,109,199833,Lars Unnerstall,M,35,GK,,0,78,78,77,65,81,32,78,30,34,13,13,49,12,15,16,10,41,11,26,29,13,16,20,20,74,19,58,21,10,11,17,15,60,35,82,36,198.0,103.0,Right,1,1,Footwork,1,0,Germany,Eredivisie,FC Twente,lars unnerstall
109,109,227330,Laura Benkarth,F,33,GK,,0,78,81,77,79,77,45,76,42,50,10,8,59,11,13,20,12,44,12,29,25,16,11,42,42,73,14,60,13,14,16,11,12,68,37,75,26,176.0,73.0,Right,3,1,,0,0,Germany,GPFBL,SC Freiburg,laura benkarth
109,109,200110,Marco Bizot,M,35,GK,,0,78,78,75,72,78,46,79,45,47,13,15,54,14,13,36,20,56,15,28,33,20,12,50,40,76,32,47,17,16,11,12,14,65,31,63,39,193.0,88.0,Right,2,1,Deflector|Far Throw|Footwork|Long Ball Pass,4,0,Holland,Premier League,Aston Villa,marco bizot
109,109,211738,Mark Flekken,M,32,GK,,0,78,79,76,80,80,32,76,29,36,14,16,60,11,14,23,14,51,12,54,56,19,12,34,38,74,34,62,12,11,15,13,20,63,28,72,32,195.0,87.0,Right,4,1,Footwork|Long Ball Pass,2,0,Holland,Bundesliga,Leverkusen,mark flekken
109,109,198009,Mattia Perin,M,33,GK,,0,78,78,78,71,78,57,79,57,56,12,11,53,17,19,21,11,45,13,33,31,15,19,53,30,74,23,65,19,12,20,12,19,63,30,52,25,188.0,77.0,Right,3,1,,0,0,Italy,Serie A Enilive,Juventus,mattia perin
109,109,240225,Matvey Safonov,M,27,GK,,0,78,79,74,75,80,44,77,46,42,8,8,56,7,7,12,13,58,11,39,26,15,15,55,34,70,26,59,15,13,20,14,12,65,34,65,38,192.0,82.0,Right,2,1,Far Throw,1,0,Russia,Ligue 1 McDonald's,Paris SG,matvey safonov
109,109,190113,Mert Günok,M,37,GK,,0,78,76,76,79,78,56,77,55,57,15,15,59,15,16,16,15,55,16,40,47,16,15,53,50,74,25,56,25,14,22,13,12,70,39,68,31,196.0,92.0,Right,3,1,Cross Claimer|Far Throw|Footwork,3,0,Turkey,Trendyol Süper Lig,Beşiktaş,mert gunok
109,109,205211,Milan Borjan,M,38,GK,,0,78,72,78,76,76,46,82,49,42,14,15,57,12,19,34,15,57,16,38,48,16,28,42,48,74,23,60,24,24,21,23,21,77,42,81,44,196.0,84.0,Right,2,1,Cross Claimer|Far Throw,2,0,Canada,ROSHN Saudi League,Al Riyadh,milan borjan
109,109,264865,Mylène Chavas,F,28,GK,,0,78,78,78,75,79,39,77,37,41,8,10,56,9,8,14,10,41,12,29,32,13,11,30,41,73,18,45,16,12,11,18,16,60,25,60,30,178.0,63.0,Left,2,1,Cross Claimer,1,0,France,Arkema PL,Paris FC,mylene chavas
109,109,205812,Pietro Terracciano,M,36,GK,,0,78,79,75,72,82,41,78,40,42,12,11,54,11,16,22,13,45,12,27,21,12,15,48,45,70,22,65,16,15,20,11,19,62,33,60,21,193.0,78.0,Right,2,1,Footwork|Rush Out,2,0,Italy,Serie A Enilive,Milano FC,pietro terracciano
109,109,228789,Robert Sánchez,M,28,GK,,0,78,79,77,75,79,59,77,55,65,12,12,56,12,12,17,13,55,13,52,50,13,20,45,35,74,45,55,15,15,20,17,15,75,40,77,35,197.0,90.0,Right,4,1,Cross Claimer|Footwork,2,0,Spain,Premier League,Chelsea,robert sanchez
109,109,224251,Robin Zentner,M,31,GK,,0,78,81,74,59,83,62,72,60,64,10,14,44,13,15,25,17,22,16,29,26,14,11,30,45,77,16,46,18,18,17,17,13,80,29,83,42,194.0,96.0,Right,3,1,Far Throw|Footwork,2,0,Germany,Bundesliga,1. FSV Mainz 05,robin zentner
109,109,215069,Rodrigo Rey,M,35,GK,,0,78,76,76,74,79,50,78,55,43,14,18,56,13,15,23,18,56,17,31,13,17,20,43,53,72,23,62,22,12,18,18,13,66,35,60,33,190.0,78.0,Right,3,1,Footwork,1,0,Argentina,LPF,Independiente,rodrigo rey
109,109,254803,Senne Lammens,M,23,GK,,0,78,79,77,71,77,21,79,19,25,6,10,53,8,8,11,14,30,11,40,39,12,15,40,27,73,19,36,15,14,7,15,12,64,29,79,29,193.0,92.0,Right,4,1,Cross Claimer|Footwork,2,0,Belgium,Premier League,Man Utd,senne lammens
109,109,235633,Yehvann Diouf,M,26,GK,,0,78,78,75,76,80,50,76,52,48,6,8,57,8,7,11,13,41,13,35,30,12,13,48,38,75,21,46,15,14,13,11,16,67,44,62,26,190.0,74.0,Right,3,1,Cross Claimer|Far Throw,2,0,Senegal,Ligue 1 McDonald's,OGC Nice,yehvann diouf
136,136,233934,Aaron Ramsdale,M,27,GK,,0,77,77,76,80,79,48,74,47,50,18,14,60,15,16,25,15,65,16,56,55,17,23,53,49,73,36,60,24,15,24,16,15,66,40,64,35,191.0,77.0,Right,3,1,Cross Claimer|Deflector,2,0,England,Premier League,Newcastle Utd,aaron ramsdale
136,136,243771,Abby Smith,F,32,GK,,0,77,72,80,70,77,39,78,33,47,11,7,53,11,10,12,16,56,12,21,21,14,11,36,46,77,15,47,8,15,10,16,13,47,24,34,19,173.0,66.0,Right,2,1,Rush Out,1,0,United States,NWSL,Houston Dash,abby smith
136,136,201095,Agustín Marchesín,M,38,GK,,0,77,77,75,74,77,53,76,54,51,18,14,56,12,15,14,18,65,15,37,34,16,24,64,59,74,20,64,15,11,22,15,15,64,38,57,45,188.0,85.0,Right,3,1,Footwork,1,0,Argentina,LPF,Boca Juniors,agustin marchesin
136,136,193314,Aitor,M,34,GK,,0,77,77,74,68,80,56,76,58,53,15,12,51,12,15,24,30,50,14,38,35,34,22,55,48,76,14,55,24,20,14,13,12,65,39,52,15,182.0,78.0,Right,2,1,,0,0,Spain,LALIGA EA SPORTS,CA Osasuna,aitor
136,136,193105,Alphonse Areola,M,33,GK,,0,77,78,75,74,78,55,76,56,54,17,19,56,14,16,25,20,59,16,48,55,16,15,58,58,74,22,64,23,14,13,18,12,75,38,79,26,195.0,94.0,Right,3,1,Far Throw|Footwork,2,0,France,Premier League,West Ham,alphonse areola
136,136,272020,Andrea Tarazona,F,22,GK,,0,77,77,74,75,81,34,78,35,33,8,9,56,10,11,12,10,25,11,15,15,9,10,57,40,69,11,33,17,15,11,20,12,48,18,34,22,168.0,56.0,Right,2,1,,0,0,Spain,Liga F Moeve,Levante UD,andrea tarazona
136,136,265040,Barbora Votíková,F,29,GK,,0,77,80,69,70,81,50,79,48,52,11,10,53,8,7,17,14,35,13,29,29,15,23,50,56,67,27,45,18,13,19,17,13,62,30,57,38,178.0,67.0,Right,2,1,Cross Claimer,1,0,Czech Republic,Ceska Liga Žen,Slavia Praha,barbora votikova
136,136,239254,Berke Özer,M,25,GK,,0,77,77,73,70,79,44,76,40,49,11,11,53,12,10,21,15,48,11,43,34,24,21,31,45,73,29,60,18,10,18,19,24,61,38,61,29,190.0,73.0,Right,3,1,Footwork,1,0,Turkey,Ligue 1 McDonald's,LOSC Lille,berke ozer
136,136,200059,Colin Coosemans,M,33,GK,,0,77,78,75,74,80,44,77,43,46,9,12,56,14,17,37,13,48,15,43,47,17,13,47,37,69,33,57,18,13,12,13,16,63,30,63,31,186.0,84.0,Right,4,1,Footwork,1,0,Belgium,1A Pro League,RSC Anderlecht,colin coosemans
136,136,258534,Diego Conde,M,27,GK,,0,77,75,75,68,79,43,76,44,41,11,11,51,9,13,21,15,47,20,22,25,22,15,58,38,75,20,43,14,14,14,9,13,64,39,62,21,188.0,78.0,Right,3,1,Footwork,1,0,Spain,LALIGA EA SPORTS,Villarreal CF,diego conde
136,136,246267,Dominik Kotarski,M,26,GK,,0,77,79,72,76,80,46,73,46,45,11,6,57,9,8,15,12,61,12,48,43,21,20,55,53,75,39,50,22,11,15,14,10,62,31,59,38,189.0,80.0,Right,3,1,Footwork,1,0,Croatia,3F Superliga,F.C. København,dominik kotarski
136,136,265086,Elvira Herzog,F,26,GK,,0,77,76,75,73,77,47,76,49,44,12,14,55,11,10,30,22,40,27,34,28,14,19,48,55,74,29,21,21,13,23,19,12,57,21,45,12,179.0,74.0,Right,3,1,Far Throw|Footwork|Rush Out,3,0,Switzerland,GPFBL,RB Leipzig,elvira herzog
136,136,258485,Filip Jörgensen,M,23,GK,,0,77,77,76,72,78,45,77,45,45,10,11,54,10,10,11,10,50,11,45,47,12,18,55,40,74,40,55,13,12,17,13,13,63,35,62,25,192.0,85.0,Right,3,1,Far Throw|Footwork,2,0,Denmark,Premier League,Chelsea,filip jorgensen
136,136,242818,Finn Dahmen,M,28,GK,,0,77,76,70,81,80,52,76,52,53,9,8,61,6,5,11,14,54,12,42,37,13,25,52,56,77,30,33,13,12,19,12,11,63,33,55,20,188.0,80.0,Right,3,1,Footwork,1,0,Germany,Bundesliga,FC Augsburg,finn dahmen
136,136,223249,Gabriel Arias,M,38,GK,,0,77,76,75,72,76,45,76,45,44,17,18,54,16,14,26,15,50,20,38,42,30,25,46,57,76,40,45,13,22,27,21,24,68,35,67,33,189.0,85.0,Right,3,1,,0,0,Chile,LPF,Racing Club,gabriel arias
136,136,167948,Hugo Lloris,M,39,GK,,0,77,78,76,69,77,54,77,55,53,9,10,52,14,16,40,15,58,12,52,54,15,13,49,56,75,29,54,25,10,24,13,18,54,31,39,31,188.0,82.0,Left,1,1,Deflector,1,0,France,MLS,LAFC,hugo lloris
136,136,212442,José Sá,M,33,GK,,0,77,77,75,70,77,52,76,52,53,17,15,53,18,17,11,18,50,21,48,42,12,17,62,40,75,19,45,18,14,14,19,15,72,34,75,35,192.0,84.0,Right,2,1,Footwork|Rush Out,2,0,Portugal,Premier League,Wolves,jose sa
136,136,269805,Kinga Szemik,F,28,GK,,0,77,77,75,72,78,49,76,51,45,9,13,54,8,8,19,12,41,12,31,24,16,17,42,45,76,22,33,14,11,10,15,13,54,32,42,22,182.0,70.0,Right,2,1,Cross Claimer|Far Throw|Rush Out,3,0,Poland,Barclays WSL,West Ham,kinga szemik
136,136,258466,Leo Román,M,25,GK,,0,77,76,75,72,78,49,75,49,48,11,12,54,10,10,15,14,49,12,28,25,14,16,50,47,76,18,46,14,12,12,14,15,67,44,68,23,189.0,83.0,Right,3,1,Cross Claimer,1,0,Spain,LALIGA EA SPORTS,RCD Mallorca,leo roman
136,136,258885,Luiz Júnior,M,25,GK,,0,77,77,77,71,77,30,77,29,31,8,9,53,5,6,14,13,52,14,24,26,13,10,31,25,75,18,40,14,13,6,10,12,63,22,72,24,194.0,88.0,Right,3,1,Cross Claimer|Deflector|Far Throw,3,0,Brazil,LALIGA EA SPORTS,Villarreal CF,luiz junior
136,136,220407,Martin Dúbravka,M,37,GK,,0,77,76,76,78,79,38,75,36,42,12,10,59,17,11,20,12,58,13,48,59,15,19,47,60,73,33,59,25,12,19,15,14,60,38,60,28,190.0,80.0,Right,2,1,Cross Claimer|Far Throw|Footwork,3,0,Slovakia,Premier League,Burnley,martin dubravka
136,136,224041,Marvin Schwäbe,M,30,GK,,0,77,77,74,75,82,47,75,49,43,12,15,56,17,15,28,21,63,9,53,49,20,20,45,46,71,41,61,17,15,21,16,17,68,36,70,28,190.0,86.0,Right,3,1,Far Throw|Footwork,2,0,Germany,Bundesliga,1. FC Köln,marvin schwabe
136,136,224241,Nick Olij,M,30,GK,,0,77,82,75,62,80,50,74,50,50,20,17,47,17,20,27,18,46,20,26,45,16,12,31,68,72,25,31,27,16,9,14,16,61,26,52,24,184.0,78.0,Right,2,1,Far Reach|Far Throw|Long Ball Pass,3,0,Holland,Eredivisie,PSV,nick olij
136,136,262956,Nikola Vasilj,M,30,GK,,0,77,77,72,65,79,34,77,36,30,8,9,49,7,6,16,10,44,11,40,38,14,12,40,23,75,22,55,15,12,13,10,14,65,21,72,30,193.0,86.0,Right,3,1,Footwork,1,0,Bosnia and Herzegovina,Bundesliga,FC St. Pauli,nikola vasilj
136,136,262659,Noah Atubolu,M,23,GK,,0,77,76,73,75,79,55,74,52,59,9,8,56,9,8,14,12,50,12,27,31,13,11,32,31,77,14,46,13,13,12,12,12,73,29,79,26,190.0,99.0,Right,3,1,Far Reach|Footwork,2,0,Germany,Bundesliga,SC Freiburg,noah atubolu
136,136,239364,Philipp Köhn,M,28,GK,,0,77,78,74,69,78,46,75,48,43,7,8,52,7,6,16,11,54,14,35,30,10,23,56,26,74,28,32,12,12,12,13,14,65,28,63,28,190.0,80.0,Right,2,1,Cross Claimer,1,0,Switzerland,Ligue 1 McDonald's,AS Monaco,philipp kohn
136,136,235413,Radosław Majecki,M,26,GK,,0,77,77,75,71,78,31,76,29,34,11,19,53,16,19,13,12,41,13,29,15,10,27,39,29,74,28,43,23,12,8,24,25,58,23,61,41,193.0,78.0,Right,3,1,,0,0,Poland,Ligue 1 McDonald's,Stade Brestois 29,rados aw majecki
136,136,189117,Roman Bürki,M,35,GK,,0,77,79,75,60,79,46,73,44,50,10,8,45,14,13,20,15,57,12,37,24,13,12,49,52,75,23,64,18,17,15,13,16,71,40,78,35,187.0,85.0,Right,2,1,Far Reach|Far Throw,2,0,Switzerland,MLS,St. Louis CITY SC,roman burki
164,164,263880,Agirrezabala,M,25,GK,,0,76,76,74,78,75,32,77,30,36,6,7,59,10,15,13,16,55,9,43,40,8,13,33,35,69,35,36,12,6,10,13,12,56,26,60,24,187.0,80.0,Left,3,1,Cross Claimer,1,0,Spain,LALIGA EA SPORTS,Valencia CF,agirrezabala
164,164,265106,Anneke Borbe,F,25,GK,,0,76,73,74,74,76,45,76,47,41,12,16,56,18,5,56,21,60,23,15,14,15,15,43,32,73,14,19,12,12,9,17,19,65,22,65,31,180.0,67.0,Right,2,1,Cross Claimer|Far Throw|Footwork,3,0,Germany,Barclays WSL,Arsenal,anneke borbe
164,164,199482,Anthony Lopes,M,35,GK,,0,76,78,72,65,79,65,75,65,64,9,18,49,18,13,16,19,48,14,32,31,15,15,67,62,75,21,65,25,16,13,15,13,76,36,73,45,184.0,81.0,Left,2,1,Footwork,1,0,Portugal,Ligue 1 McDonald's,FC Nantes,anthony lopes
164,164,215502,Bartłomiej Drągowski,M,28,GK,,0,76,77,73,75,78,42,73,40,45,15,12,56,18,12,21,19,62,20,35,32,12,20,33,54,73,18,65,21,13,20,16,16,59,34,56,19,191.0,74.0,Right,3,1,Deflector,1,0,Poland,Hellas Liga,Panathinaikos,bart omiej dragowski
164,164,265331,Courtney Brosnan,F,30,GK,,0,76,72,73,68,78,41,78,42,40,13,8,51,14,9,23,13,46,16,30,35,17,19,38,53,77,25,42,9,7,10,11,12,65,25,72,21,175.0,73.0,Right,3,1,Deflector|Far Throw,2,0,Republic of Ireland,Barclays WSL,Everton,courtney brosnan
164,164,176550,David Ospina,M,37,GK,,0,76,75,74,77,77,53,79,55,50,16,10,58,12,12,26,11,50,13,40,45,10,12,59,60,65,32,57,25,15,11,13,12,60,19,49,20,183.0,80.0,Right,3,1,,0,0,Colombia,Libertadores,Atl. Nacional,david ospina
164,164,204549,Davy Roef,M,32,GK,,0,76,75,73,73,75,51,77,53,48,11,15,55,13,15,31,15,56,20,40,55,12,19,45,49,72,26,52,12,12,12,11,18,68,33,70,28,187.0,84.0,Right,3,1,Cross Claimer|Footwork,2,0,Belgium,1A Pro League,KAA Gent,davy roef
164,164,205377,Donovan Léon,M,33,GK,,0,76,76,71,81,79,47,75,48,46,15,19,61,16,18,22,20,43,18,41,47,16,14,42,53,69,19,48,26,13,10,10,19,72,34,78,26,187.0,94.0,Right,2,1,Footwork|Rush Out,2,0,France,Ligue 1 McDonald's,AJ Auxerre,donovan leon
164,164,255303,Elia Caprile,M,24,GK,,0,76,75,73,72,78,51,74,50,52,6,7,54,9,8,18,11,56,14,40,38,14,18,60,45,73,25,33,6,11,13,14,16,62,28,56,26,191.0,74.0,Right,3,1,Cross Claimer|Deflector|Far Throw,3,0,Italy,Serie A Enilive,Cagliari,elia caprile
164,164,215251,Guido Herrera,M,34,GK,,0,76,75,74,74,76,59,74,61,55,12,17,56,12,18,28,17,52,21,29,18,12,20,53,57,74,20,57,28,20,24,15,17,73,45,67,31,187.0,67.0,Left,2,1,Cross Claimer|Deflector,2,0,Argentina,LPF,Talleres,guido herrera
164,164,246139,Iñaki Peña,M,27,GK,,0,76,75,73,77,78,35,75,33,38,5,6,58,8,5,17,10,39,12,33,57,12,12,49,51,75,21,38,6,11,9,10,11,55,27,54,17,184.0,78.0,Right,3,1,Footwork,1,0,Spain,LALIGA EA SPORTS,Elche CF,inaki pena
164,164,263063,James Trafford,M,23,GK,,0,76,77,74,72,78,53,74,54,52,14,8,54,9,9,16,17,60,12,56,53,23,23,52,51,75,33,64,20,15,21,16,19,64,40,55,28,192.0,90.0,Right,3,1,Cross Claimer|Far Throw|Footwork|Long Ball Pass,4,0,England,Premier League,Manchester City,james trafford
164,164,225149,Jean Butez,M,30,GK,,0,76,75,75,78,77,49,75,52,44,20,22,59,11,17,41,14,70,14,48,66,13,30,37,54,73,31,42,17,20,13,14,15,68,42,62,21,189.0,75.0,Right,4,1,Cross Claimer|Long Ball Pass,2,0,France,Serie A Enilive,Como,jean butez
164,164,221909,Jindřich Staněk,M,29,GK,,0,76,74,71,78,78,36,76,36,35,12,15,59,16,19,37,16,17,22,22,19,17,17,27,31,72,27,48,15,12,16,13,15,62,26,68,18,192.0,90.0,Right,2,1,Footwork,1,0,Czech Republic,Česká Liga,Slavia Praha,jindrich stanek
164,164,223550,Jonas Omlin,M,32,GK,,0,76,77,76,68,78,52,73,52,51,15,17,51,18,15,27,24,42,16,35,30,21,27,32,51,72,31,45,25,24,20,21,24,71,35,69,22,190.0,85.0,Right,3,1,Far Reach,1,0,Switzerland,Bundesliga,M'gladbach,jonas omlin
164,164,227349,Laëtitia Philippe,F,34,GK,,0,76,79,73,67,77,47,77,49,44,11,18,50,18,17,25,21,32,17,25,27,16,16,40,60,70,25,35,19,14,16,19,18,63,29,58,22,173.0,61.0,Right,3,1,,0,0,France,Arkema PL,Havre AC,laetitia philippe
164,164,273411,Livia Peng,F,24,GK,,0,76,74,71,76,77,22,76,24,18,7,9,57,6,6,13,9,35,10,16,11,12,12,22,32,75,18,15,11,8,9,15,12,41,22,33,19,174.0,64.0,Right,2,1,Far Reach|Footwork|Long Ball Pass,3,0,Switzerland,Barclays WSL,Chelsea,livia peng
164,164,215363,Lorenzo Montipò,M,30,GK,,0,76,75,72,69,82,42,74,40,45,15,20,52,14,18,29,15,40,15,21,23,17,19,46,49,73,20,38,18,17,10,21,13,60,35,55,31,191.0,82.0,Right,3,1,Far Reach|Footwork,2,0,Italy,Serie A Enilive,Hellas Verona,lorenzo montipo
164,164,242879,Maarten Vandevoordt,M,24,GK,,0,76,78,75,75,77,40,74,41,39,5,7,56,5,5,15,23,64,8,52,66,12,24,52,37,68,29,54,14,15,11,10,18,61,37,59,16,192.0,81.0,Right,3,1,Cross Claimer|Far Throw|Footwork|Long Ball Pass,4,0,Belgium,Bundesliga,RB Leipzig,maarten vandevoordt
164,164,246158,Mads Hermansen,M,25,GK,,0,76,76,75,76,77,50,76,49,51,12,9,57,13,9,15,13,46,14,62,60,12,24,47,42,68,40,41,16,11,15,10,13,64,44,61,20,185.0,81.0,Right,2,1,Deflector|Footwork,2,0,Denmark,Premier League,West Ham,mads hermansen
164,164,216065,Marco Sportiello,M,33,GK,,0,76,75,72,74,76,44,79,48,38,18,18,56,17,12,21,13,58,21,55,52,30,19,55,58,68,22,65,29,18,26,17,13,67,37,66,23,192.0,87.0,Right,2,1,,0,0,Italy,Serie A Enilive,Bergamo Calcio,marco sportiello
164,164,240987,Michael Cooper,M,26,GK,,0,76,76,74,77,77,54,75,54,54,7,8,58,9,6,11,10,61,11,58,57,12,13,61,57,74,28,52,12,14,14,14,12,66,35,60,24,185.0,75.0,Right,3,1,Far Throw|Footwork|Long Ball Pass,3,0,England,EFL Championship,Sheffield Utd,michael cooper
164,164,227370,Michael Zetterer,M,30,GK,,0,76,76,71,81,77,41,73,39,44,13,16,61,14,16,15,17,52,14,50,64,14,17,32,40,76,29,43,21,19,24,16,12,66,38,70,29,187.0,79.0,Right,5,1,Far Throw|Footwork|Long Ball Pass,3,0,Germany,Bundesliga,Frankfurt,michael zetterer
164,164,206075,Sam Johnstone,M,33,GK,,0,76,77,76,69,77,41,74,38,45,11,11,52,16,15,42,17,48,17,27,35,16,16,55,27,73,18,50,17,17,22,17,20,64,37,68,24,193.0,85.0,Right,3,1,Deflector,1,0,England,Premier League,Wolves,sam johnstone
164,164,267219,Shelby Hogan,F,27,GK,,0,76,76,72,77,76,44,74,44,45,9,10,58,15,8,24,12,54,9,27,30,11,10,48,41,76,16,34,9,12,12,12,9,65,35,68,14,180.0,69.0,Right,2,1,Deflector,1,0,United States,NWSL,Gotham FC,shelby hogan
164,164,222464,Sivera,M,29,GK,,0,76,76,74,77,78,57,75,58,55,16,15,58,12,16,24,22,48,12,34,33,26,14,61,53,69,26,53,24,14,13,17,12,69,42,63,25,185.0,79.0,Right,3,1,Cross Claimer|Footwork,2,0,Spain,LALIGA EA SPORTS,D. Alavés,sivera
164,164,223686,Timon Wellenreuther,M,30,GK,,0,76,77,74,69,76,52,73,52,53,20,9,52,11,10,23,9,45,14,32,37,12,18,45,54,74,27,50,23,18,10,11,9,71,37,71,25,188.0,80.0,Right,4,1,Cross Claimer|Deflector,2,0,Germany,Eredivisie,Feyenoord,timon wellenreuther
164,164,242179,Yahia Fofana,M,25,GK,,0,76,78,71,70,79,41,74,40,43,4,5,53,6,6,11,11,30,10,15,24,11,7,35,29,69,12,22,10,14,11,11,14,69,33,77,25,194.0,89.0,Right,3,1,Cross Claimer|Footwork,2,0,Côte d'Ivoire,Trendyol Süper Lig,Çaykur Rizespor,yahia fofana
164,164,185427,Ørjan Nyland,M,35,GK,,0,76,76,75,77,75,47,74,47,48,13,11,58,13,14,25,12,33,14,29,35,13,21,45,53,73,23,39,21,13,17,11,12,67,33,70,26,192.0,90.0,Right,4,1,Far Throw|Footwork,2,0,Norway,LALIGA EA SPORTS,Sevilla FC,rjan nyland
193,193,220383,Aarón,M,30,GK,,0,75,72,76,75,74,38,73,40,34,12,15,56,16,19,21,20,66,18,40,42,25,19,44,56,73,22,46,24,24,30,19,18,60,45,54,27,185.0,71.0,Right,4,1,Pinged Pass,1,0,Spain,LALIGA EA SPORTS,R. Oviedo,aaron
193,193,231691,Alban Lafont,M,27,GK,,0,75,71,70,69,81,47,76,48,45,4,6,52,9,9,16,13,56,12,54,51,13,14,60,53,69,10,61,11,13,20,14,12,67,40,70,20,196.0,90.0,Right,2,1,Cross Claimer|Far Throw|Footwork,3,0,Côte d'Ivoire,Hellas Liga,Panathinaikos,alban lafont
193,193,241050,Alexander Meyer,M,34,GK,,0,75,72,71,79,76,41,74,39,45,7,8,59,9,6,12,13,36,10,31,29,12,17,22,29,74,19,37,8,11,20,10,9,68,19,79,22,195.0,88.0,Right,3,1,Long Ball Pass,1,0,Germany,Bundesliga,Borussia Dortmund,alexander meyer
193,193,243647,Altay Bayındır,M,27,GK,,0,75,77,72,70,77,30,75,30,31,14,10,53,11,15,16,11,55,14,40,45,10,10,51,24,69,16,60,14,14,14,13,10,61,31,68,29,198.0,88.0,Right,2,1,,0,0,Turkey,Premier League,Man Utd,altay bay nd r
193,193,216939,Andre Blake,M,35,GK,,0,75,74,70,71,77,45,78,43,49,12,13,53,11,11,19,12,41,12,32,33,24,11,48,42,71,28,62,15,24,14,14,13,68,41,68,27,188.0,79.0,Right,2,1,Cross Claimer|Long Ball Pass,2,0,Jamaica,MLS,Philadelphia,andre blake
193,193,263673,Andrew,M,24,GK,,0,75,75,73,77,77,45,73,48,41,4,10,58,12,14,28,13,66,14,45,43,16,12,39,35,72,17,34,8,11,10,9,17,59,39,53,24,189.0,76.0,Right,2,1,Deflector|Footwork|Pinged Pass,3,0,Brazil,Liga Portugal,Gil Vicente,andrew
193,193,184167,Anthony Moris,M,35,GK,,0,75,74,71,81,75,47,76,46,48,16,11,61,15,12,27,20,65,14,46,62,16,16,46,49,69,34,36,17,19,21,14,19,68,31,69,24,186.0,75.0,Left,3,1,Far Throw|Footwork|Long Ball Pass,3,0,Luxembourg,ROSHN Saudi League,Al Khaleej,anthony moris
193,193,273142,Antonia Canales,F,23,GK,,0,75,77,74,68,74,36,73,32,43,7,9,51,10,10,14,9,34,15,16,11,11,14,22,31,73,20,15,11,9,10,14,11,43,21,32,17,175.0,77.0,Right,2,1,Far Reach,1,0,Chile,Liga F Moeve,Badalona Women,antonia canales
193,193,73580,Antonín Kinský,M,23,GK,,0,75,76,76,76,75,25,74,25,26,6,6,57,6,8,15,13,47,14,40,45,13,18,39,25,68,30,70,11,14,9,10,11,57,20,60,24,190.0,80.0,Right,4,1,,0,0,Czech Republic,Premier League,Spurs,antonin kinsky
193,193,267273,Cassie Miller,F,27,GK,,0,75,77,70,75,77,41,76,39,43,10,16,56,12,8,30,11,60,9,26,28,10,10,51,56,68,15,33,15,9,13,14,11,61,39,65,15,180.0,67.0,Right,2,1,Cross Claimer,1,0,United States,NWSL,Seattle Reign,cassie miller
193,193,245825,Chika Hirao,F,29,GK,,0,75,74,73,71,76,18,75,18,18,11,11,53,12,6,25,24,53,27,15,28,10,8,42,53,75,12,15,15,12,12,16,14,59,44,72,33,173.0,64.0,Right,3,1,Cross Claimer,1,0,Japan,Liga F Moeve,Granada CF,chika hirao
193,193,267200,Claudia Dickey,F,26,GK,,0,75,71,74,70,75,37,76,35,41,9,9,53,8,9,18,9,63,14,27,25,13,9,37,54,75,14,28,8,12,9,18,11,61,34,65,13,178.0,72.0,Right,2,1,Cross Claimer,1,0,United States,NWSL,Seattle Reign,claudia dickey
193,193,236033,Dani Cárdenas,M,29,GK,,0,75,74,73,73,76,44,75,45,43,5,5,55,5,8,17,10,34,13,40,49,11,13,55,42,74,16,42,6,12,13,13,12,58,26,52,21,186.0,74.0,Right,3,1,,0,0,Spain,LALIGA EA SPORTS,Rayo Vallecano,dani cardenas
193,193,270141,Franco Israel,M,25,GK,,0,75,79,71,71,80,31,74,30,32,8,6,53,8,5,11,11,45,10,37,30,14,18,33,37,64,24,44,11,10,7,12,11,65,23,80,16,190.0,82.0,Right,3,1,,0,0,Uruguay,Serie A Enilive,Torino,franco israel
193,193,211908,Günay Güvenç,M,34,GK,,0,75,75,72,76,75,57,75,56,59,18,20,57,10,18,21,17,54,17,55,64,19,23,59,47,70,26,30,23,16,14,14,14,70,37,68,25,187.0,85.0,Right,4,1,,0,0,Turkey,Trendyol Süper Lig,Galatasaray,gunay guvenc
193,193,203042,Jack Butland,M,33,GK,,0,75,76,74,72,76,52,75,53,50,13,16,54,13,12,43,11,53,14,50,53,12,21,49,48,69,36,60,20,12,15,13,11,71,29,75,39,196.0,95.0,Right,4,1,Deflector|Footwork,2,0,England,Scottish Prem,Rangers,jack butland
193,193,212432,Jo Hyeon Woo,M,34,GK,,0,75,79,72,62,77,51,73,52,50,12,18,47,14,18,19,11,61,15,28,23,19,12,31,53,72,18,63,17,16,29,18,16,52,29,33,19,189.0,75.0,Right,3,1,Far Reach|Footwork,2,0,Korea Republic,K League 1,Ulsan HD FC,jo hyeon woo
193,193,243311,Josep Martínez,M,27,GK,,0,75,75,71,67,74,26,76,24,30,11,6,50,7,6,18,12,52,12,27,24,11,8,32,22,75,11,42,11,11,15,13,15,54,42,58,24,191.0,78.0,Right,3,1,Cross Claimer|Far Throw,2,0,Spain,Serie A Enilive,Lombardia FC,josep martinez
193,193,234790,Juan Soriano,M,28,GK,,0,75,75,71,69,77,37,74,37,37,12,14,52,16,13,28,13,38,24,23,24,32,20,43,43,72,23,47,16,20,16,10,14,61,35,58,25,184.0,82.0,Left,2,1,Far Throw,1,0,Spain,LALIGA HYPERMOTION,CD Leganés,juan soriano
193,193,232229,Justin Bijlow,M,28,GK,,0,75,77,72,75,76,42,73,41,43,10,8,56,10,10,18,10,55,10,32,46,12,11,51,31,74,20,53,10,11,16,12,14,62,25,65,22,188.0,84.0,Right,2,1,Cross Claimer|Rush Out,2,0,Holland,Eredivisie,Feyenoord,justin bijlow
193,193,269959,Justine Lerond,F,26,GK,,0,75,74,73,67,79,41,74,40,42,11,11,50,10,9,19,13,31,14,26,21,16,13,38,45,72,17,41,13,12,15,14,11,63,32,68,29,169.0,74.0,Right,2,1,Far Reach|Far Throw,2,0,France,Arkema PL,Montpellier,justine lerond
193,193,264995,Laura Dick,F,22,GK,,0,75,73,74,69,76,38,73,35,43,14,19,52,13,17,52,11,59,15,65,42,20,26,41,55,74,31,43,12,18,11,11,16,56,31,50,40,177.0,66.0,Right,2,1,Cross Claimer,1,0,Germany,GPFBL,TSG Hoffenheim,laura dick
193,193,245871,Lee Gibson,F,34,GK,,0,75,76,71,73,77,32,76,31,34,13,10,55,14,11,17,11,60,10,24,21,13,14,37,45,70,13,33,15,14,21,13,15,54,30,53,25,170.0,65.0,Right,2,1,Footwork,1,0,Scotland,Scottish Women's League,Glasgow City FC,lee gibson
193,193,235574,Lucas França,M,30,GK,,0,75,73,72,65,78,41,75,42,39,18,13,49,12,11,14,15,58,12,22,15,18,14,37,51,78,21,52,28,12,13,12,15,62,40,62,38,194.0,92.0,Right,2,1,Footwork,1,0,Brazil,Liga Portugal,Nacional,lucas franca
193,193,208375,Marius Müller,M,32,GK,,0,75,75,73,62,78,30,76,25,38,11,10,47,12,9,18,11,51,13,27,26,11,14,34,38,70,22,30,14,12,20,13,11,62,35,75,30,192.0,93.0,Right,2,1,Footwork,1,0,Germany,Bundesliga,VfL Wolfsburg,marius muller
193,193,269511,Martin Jedlička,M,28,GK,,0,75,74,76,70,77,35,73,33,37,9,6,53,8,6,12,11,41,14,31,55,13,11,28,26,71,22,38,12,16,11,12,13,60,22,62,34,187.0,83.0,Right,2,1,Deflector,1,0,Czech Republic,Česká Liga,Viktoria Plzeň,martin jedlicka
193,193,264999,Martina Tufeković,F,31,GK,,0,75,75,74,74,76,50,73,48,53,14,16,56,19,11,16,11,35,21,13,11,15,19,52,27,74,23,20,19,12,21,17,16,61,16,56,25,170.0,60.0,Right,2,1,Deflector|Footwork,2,0,Germany,GPFBL,VfL Wolfsburg,martina tufekovic
193,193,207935,Matías Dituro,M,38,GK,,0,75,74,72,77,77,38,74,32,48,19,12,58,16,19,20,13,67,17,58,53,12,17,40,32,74,40,68,21,12,18,12,18,63,42,72,20,191.0,86.0,Right,3,1,Far Throw|Footwork|Long Ball Pass,3,0,Argentina,LALIGA EA SPORTS,Elche CF,matias dituro
193,193,242948,Matěj Kovář,M,25,GK,,0,75,74,75,78,75,30,77,26,37,7,9,59,6,10,15,15,57,11,43,50,27,22,31,22,67,35,63,18,11,12,14,10,54,28,55,28,196.0,89.0,Right,4,1,,0,0,Czech Republic,Eredivisie,PSV,matej kovar
193,193,265295,Megan Walsh,F,31,GK,,0,75,73,70,76,79,34,76,35,33,10,7,57,14,8,23,21,59,10,17,30,11,12,37,55,71,12,58,8,8,17,15,16,61,37,70,27,172.0,64.0,Right,3,1,Far Throw,1,0,Republic of Ireland,Barclays WSL,West Ham,megan walsh
193,193,235018,Moritz Nicolas,M,28,GK,,0,75,77,76,70,78,21,75,18,26,7,9,53,10,11,17,14,47,14,47,38,17,16,42,31,59,13,48,15,16,10,17,13,61,28,74,27,193.0,89.0,Right,2,1,,0,0,Germany,Bundesliga,M'gladbach,moritz nicolas
193,193,272235,Noelia Ramos,F,27,GK,,0,75,76,76,70,76,45,74,45,45,12,17,53,13,16,20,11,22,13,20,19,11,21,55,65,60,20,20,15,12,20,14,15,60,40,55,40,168.0,60.0,Right,2,1,Rush Out,1,0,Spain,Liga F Moeve,C. Adeje Tenerife,noelia ramos
193,193,275811,Olivie Lukášová,F,24,GK,,0,75,71,71,70,76,41,75,40,43,11,6,53,7,8,21,13,48,15,43,31,13,7,39,41,77,14,51,13,10,10,16,15,67,31,77,31,181.0,71.0,Right,3,1,Cross Claimer|Deflector,2,0,Czech Republic,Calcio A Femminile,Roma,olivie lukasova
193,193,235629,Ortwin De Wolf,M,28,GK,,0,75,76,73,76,77,36,75,33,41,7,8,57,8,9,16,11,42,10,27,27,10,9,39,22,62,18,29,9,12,11,10,14,61,23,69,26,190.0,83.0,Left,3,1,Cross Claimer|Footwork,2,0,Belgium,1A Pro League,KV Mechelen,ortwin de wolf
193,193,193107,Paulo Victor,M,39,GK,,0,75,76,71,69,77,49,71,47,52,9,12,52,13,11,14,19,65,16,30,50,13,14,55,50,75,17,54,16,13,11,11,13,61,30,57,29,187.0,81.0,Left,2,1,Far Throw|Long Ball Pass|Rush Out,3,0,Brazil,Trendyol Süper Lig,Alanyaspor,paulo victor
193,193,231237,Peter Vindahl,M,28,GK,,0,75,77,70,77,78,36,70,40,30,16,15,58,15,15,17,15,53,15,44,40,20,20,42,45,75,36,56,22,20,22,18,18,65,35,65,35,194.0,86.0,Right,3,1,Rush Out,1,0,Denmark,Česká Liga,Sparta Praha,peter vindahl
193,193,162328,Remko Pasveer,M,42,GK,,0,75,72,78,79,68,33,80,36,28,15,12,59,16,18,28,15,57,14,45,57,18,18,36,36,67,37,63,13,16,14,18,20,64,35,70,30,187.0,88.0,Right,4,1,Cross Claimer,1,0,Holland,Eredivisie,Ajax,remko pasveer
193,193,186148,Ron-Robert Zieler,M,37,GK,,0,75,73,71,70,75,48,77,46,50,15,10,53,14,12,24,15,42,10,25,22,11,12,43,41,76,22,61,21,13,20,12,13,61,32,55,32,187.0,82.0,Right,3,1,Deflector,1,0,Germany,Bundesliga,1. FC Köln,ron robert zieler
193,193,259273,Tomás Marchiori,M,30,GK,,0,75,75,73,71,75,42,74,43,41,8,6,53,7,9,20,9,38,21,35,38,22,22,50,45,71,32,33,12,22,9,21,22,72,39,77,35,186.0,84.0,Right,3,1,Footwork,1,0,Argentina,LPF,Vélez Sarsfield,tomas marchiori
193,193,229541,Álvaro Montero,M,31,GK,,0,75,75,74,72,71,43,80,42,44,19,18,54,17,19,31,20,30,14,39,30,22,16,32,48,70,24,41,21,14,20,20,21,69,45,77,26,196.0,85.0,Right,2,1,Footwork,1,0,Colombia,LPF,Vélez Sarsfield,alvaro montero
193,193,234341,İrfan Can Eğribayat,M,27,GK,,0,75,75,74,73,75,47,73,47,48,7,6,55,6,7,18,12,51,10,44,44,13,12,48,27,69,16,37,13,14,18,14,11,62,21,59,18,193.0,79.0,Right,2,1,Deflector,1,0,Turkey,Trendyol Süper Lig,Fenerbahçe,irfan can egribayat
234,234,235312,Alfonso Herrero,M,31,GK,,0,74,73,73,62,75,49,73,47,52,12,11,47,10,12,20,18,50,13,34,38,22,13,51,69,72,20,53,22,12,13,10,15,65,32,66,23,183.0,83.0,Right,3,1,Far Throw|Footwork,2,0,Spain,LALIGA HYPERMOTION,Málaga CF,alfonso herrero
234,234,146296,Andrés Fernández,M,39,GK,,0,74,73,73,74,75,57,74,58,55,14,13,56,12,13,16,17,41,12,35,40,24,14,60,65,69,18,56,26,12,22,14,15,72,39,74,40,187.0,82.0,Right,3,1,Far Throw|Rush Out,2,0,Spain,LALIGA HYPERMOTION,UD Almería,andres fernandez
234,234,259065,Arnau Tenas,M,24,GK,,0,74,73,70,81,77,52,72,54,48,11,5,61,9,5,15,14,65,18,45,49,10,18,58,45,72,38,60,14,12,11,13,15,60,26,38,41,185.0,85.0,Right,2,1,,0,0,Spain,LALIGA EA SPORTS,Villarreal CF,arnau tenas
234,234,265254,Becky Spencer,F,35,GK,,0,74,74,73,67,71,43,78,42,45,9,16,50,13,12,24,18,57,17,31,35,15,19,32,51,71,26,58,11,9,10,15,15,62,25,65,22,167.0,57.0,Right,2,1,Deflector|Far Throw,2,0,Jamaica,Barclays WSL,Chelsea,becky spencer
234,234,200726,Benjamin Lecomte,M,34,GK,,0,74,73,72,75,75,41,73,41,40,10,11,56,10,10,20,13,44,19,30,33,20,11,36,30,71,23,61,24,10,17,11,12,63,34,68,23,186.0,78.0,Left,3,1,Far Throw|Footwork|Long Ball Pass,3,0,France,Premier League,Fulham,benjamin lecomte
234,234,219754,Bruno Varela,M,31,GK,,0,74,73,72,69,76,41,74,39,43,14,16,52,18,12,24,20,55,13,35,36,20,19,59,43,72,25,33,17,16,15,12,20,67,44,73,23,191.0,88.0,Right,2,1,Deflector|Rush Out,2,0,Cape Verde Islands,ROSHN Saudi League,Al Hazem,bruno varela
234,234,265118,Charlotte Voll,F,26,GK,,0,74,72,71,73,75,47,72,45,51,9,12,55,14,9,15,13,35,10,33,30,24,25,53,58,73,29,40,17,15,15,11,10,55,33,47,20,178.0,68.0,Right,2,1,,0,0,Germany,GPFBL,Leverkusen,charlotte voll
234,234,278032,Christos Mandas,M,24,GK,,0,74,76,71,72,78,23,70,22,25,7,8,54,5,7,18,11,40,12,30,20,12,12,39,34,71,18,31,14,10,5,12,14,46,23,45,19,189.0,73.0,Right,3,1,,0,0,Greece,Serie A Enilive,Latium,christos mandas
234,234,212197,Daniel Heuer Fernandes,M,33,GK,,0,74,74,70,75,75,41,73,42,40,7,11,56,9,7,19,8,48,12,45,54,13,20,38,33,70,26,28,15,10,12,15,11,63,40,69,23,188.0,81.0,Right,4,1,Deflector|Long Ball Pass,2,0,Portugal,Bundesliga,Hamburger SV,daniel heuer fernandes
234,234,214933,Diego Rodríguez,M,36,GK,,0,74,72,71,76,76,45,74,44,46,16,18,57,25,16,54,19,57,22,44,46,30,29,50,58,73,34,50,22,14,25,20,15,65,36,69,35,184.0,80.0,Left,2,1,Far Throw|Footwork|Long Ball Pass|Rush Out,4,0,Argentina,LPF,Argentinos Jrs.,diego rodriguez
234,234,265628,Dmytro Riznyk,M,27,GK,,0,74,75,67,78,76,48,77,52,43,9,14,59,25,9,30,11,53,12,49,48,14,27,33,31,68,29,49,12,26,16,12,11,69,30,61,28,191.0,77.0,Right,3,1,,0,0,Ukraine,Ukrayina Liha,Shakhtar Donetsk,dmytro riznyk
234,234,72705,Eunate Astralaga,F,20,GK,,0,74,76,73,72,73,45,72,45,45,15,10,54,11,15,20,18,61,17,30,20,16,15,41,51,70,21,51,16,25,15,22,17,71,31,71,30,186.0,70.0,Right,2,1,,0,0,Spain,Liga F Moeve,SD Eibar,eunate astralaga
234,234,269271,Filip Stanković,M,24,GK,,0,74,74,73,70,75,50,71,58,39,6,6,53,8,6,19,11,45,11,15,25,11,9,42,40,68,12,30,11,10,6,13,13,61,24,51,24,187.0,79.0,Right,3,1,,0,0,Serbia,Serie BKT,Venezia,filip stankovic
234,234,256407,Franco Petroli,M,27,GK,,0,74,72,72,71,75,46,74,47,45,7,5,53,7,16,20,11,45,21,37,43,25,23,51,44,70,30,39,12,20,11,20,21,68,38,68,37,187.0,85.0,Left,2,1,Footwork|Long Ball Pass|Rush Out,3,0,Argentina,LPF,Godoy Cruz,franco petroli
234,234,254601,Gastón Olveira,M,32,GK,,0,74,72,77,65,75,19,70,16,23,6,8,49,5,8,12,13,41,12,25,19,13,11,27,29,72,15,34,12,12,9,12,10,54,18,63,21,190.0,81.0,Right,3,1,Footwork,1,0,Uruguay,Libertadores,Olimpia,gaston olveira
234,234,230727,Gautier Larsonneur,M,29,GK,,0,74,72,72,72,75,52,73,51,53,17,19,54,12,20,21,18,25,11,32,30,15,22,60,65,70,24,52,17,14,15,20,12,64,38,59,25,181.0,70.0,Right,2,1,Cross Claimer|Footwork,2,0,France,Ligue 2 BKT,AS Saint-Étienne,gautier larsonneur
234,234,253354,Hernán Galíndez,M,39,GK,,0,74,74,73,70,74,32,76,33,30,18,15,53,13,10,20,11,44,13,22,33,14,13,38,28,65,21,51,26,11,14,11,14,66,28,77,23,189.0,84.0,Right,2,1,Footwork,1,0,Ecuador,LPF,Huracán,hernan galindez
234,234,234102,Ionuț Andrei Radu,M,28,GK,,0,74,74,71,69,77,50,70,52,48,9,18,52,17,16,15,13,37,15,24,24,16,15,43,40,72,17,43,14,16,12,21,17,64,32,58,22,188.0,70.0,Right,2,1,Cross Claimer,1,0,Romania,LALIGA EA SPORTS,Celta,ionut andrei radu
234,234,264889,Janina Leitzig,F,26,GK,,0,74,72,72,75,74,37,75,38,36,14,11,56,10,11,25,10,64,12,36,35,11,15,40,35,71,23,48,16,9,17,15,12,65,25,74,18,184.0,72.0,Right,3,1,Far Reach|Far Throw|Footwork,3,0,Germany,Barclays WSL,Leicester City,janina leitzig
234,234,263887,Jonas Urbig,M,22,GK,,0,74,74,70,79,76,32,74,31,33,8,5,59,17,8,15,10,36,12,23,28,12,8,30,36,65,19,40,14,13,8,14,10,53,24,51,27,189.0,83.0,Right,4,1,Cross Claimer|Footwork,2,0,Germany,Bundesliga,FC Bayern München,jonas urbig
234,234,267314,Jordyn Bloomer,F,28,GK,,0,74,72,70,67,78,45,72,46,43,9,8,50,11,9,18,8,57,12,29,24,10,7,36,58,73,11,29,9,11,8,13,8,57,35,52,13,173.0,68.0,Right,2,1,,0,0,United States,NWSL,Rac. Louisville,jordyn bloomer
234,234,264978,Katriina Talaslahti,F,25,GK,,0,74,73,71,70,77,48,74,45,53,8,14,53,12,10,15,14,37,13,28,27,20,16,37,53,65,25,45,19,9,18,14,10,63,30,67,31,181.0,68.0,Right,2,1,,0,0,Finland,Arkema PL,Dijon FCO,katriina talaslahti
234,234,202873,Kevin Müller,M,35,GK,,0,74,71,71,69,77,48,74,49,46,11,13,52,15,11,20,12,39,16,35,34,13,17,48,43,72,18,52,20,13,12,10,10,71,31,76,41,190.0,94.0,Right,2,1,Far Throw|Footwork|Long Ball Pass,3,0,Germany,Bundesliga,Heidenheim,kevin muller
234,234,266282,Kristijan Kahlina,M,33,GK,,0,74,75,72,71,77,32,76,30,35,8,7,53,9,5,16,10,56,11,21,19,12,12,31,33,59,15,36,11,10,11,12,11,60,40,70,25,188.0,74.0,Right,2,1,Far Throw,1,0,Croatia,MLS,Charlotte FC,kristijan kahlina
234,234,210941,Lee Chang Geun,M,32,GK,,0,74,73,74,67,77,45,72,45,46,13,19,50,19,15,24,14,43,15,30,28,12,16,64,55,66,24,60,22,16,15,18,14,63,22,60,24,186.0,75.0,Right,3,1,Cross Claimer|Footwork|Long Ball Pass,3,0,Korea Republic,K League 1,Daejeon Hana,lee chang geun
234,234,244301,Lisa Schmitz,F,33,GK,,0,74,71,72,71,73,35,76,30,42,7,10,53,11,8,15,16,24,14,30,18,16,12,48,53,75,18,39,13,16,12,14,12,61,35,67,18,174.0,65.0,Right,2,1,Rush Out,1,0,Germany,GPFBL,1. FC Köln,lisa schmitz
234,234,257288,Maduka Okoye,M,26,GK,,0,74,73,72,68,78,24,74,23,26,8,6,51,6,6,14,15,45,11,39,45,13,14,32,41,70,18,37,18,11,16,16,16,61,34,75,26,197.0,94.0,Right,3,1,,0,0,Nigeria,Serie A Enilive,Udinese,maduka okoye
234,234,243830,Mailson,M,29,GK,,0,74,74,75,73,73,35,74,37,32,10,10,55,8,8,16,15,53,15,39,35,15,6,41,30,69,12,30,10,13,15,13,14,61,27,80,25,200.0,85.0,Right,2,1,Cross Claimer|Far Throw|Footwork,3,0,Brazil,ROSHN Saudi League,Al Taawoun,mailson
234,234,240796,Manuel Roffo,M,25,GK,,0,74,75,72,72,75,23,72,15,35,6,8,54,9,8,30,17,33,12,27,22,11,8,34,48,68,18,29,16,11,15,13,14,45,17,46,23,184.0,81.0,Right,4,1,Deflector|Footwork,2,0,Argentina,LPF,Instituto,manuel roffo
234,234,222951,Marek Rodák,M,29,GK,,0,74,76,71,73,76,47,71,51,41,17,20,55,15,19,23,15,34,17,33,23,13,15,45,46,73,21,51,21,15,8,17,16,68,27,68,21,194.0,81.0,Right,3,1,,0,0,Slovakia,ROSHN Saudi League,Al Ettifaq,marek rodak
234,234,276775,Marie Petiteau,F,23,GK,,0,74,74,74,71,76,42,73,39,47,11,9,53,8,7,17,12,27,13,32,26,14,14,35,38,67,18,38,15,14,13,13,12,61,35,60,28,180.0,68.0,Right,2,1,Far Throw,1,0,France,Arkema PL,Montpellier,marie petiteau
234,234,225647,Martín Campaña,M,36,GK,,0,74,71,72,72,74,45,74,42,50,18,16,54,17,12,23,21,65,13,32,48,15,18,42,44,71,31,54,26,18,25,16,20,71,28,79,27,186.0,74.0,Right,3,1,Far Reach|Far Throw|Long Ball Pass,3,0,Uruguay,Libertadores,Peñarol,martin campana
234,234,190243,Marwin Hitz,M,38,GK,,0,74,72,73,75,73,42,77,40,46,8,25,56,12,21,22,12,45,17,29,53,15,13,41,31,65,17,44,23,18,25,15,14,70,38,78,25,194.0,91.0,Right,3,1,Far Throw|Long Ball Pass,2,0,Switzerland,Brack Super League,FC Basel 1893,marwin hitz
234,234,233267,Matt Turner,M,31,GK,,0,74,74,72,67,74,40,73,38,42,15,15,50,18,16,14,13,55,14,24,29,13,16,48,42,71,24,59,27,14,11,11,11,62,35,64,25,191.0,79.0,Right,2,1,Far Throw|Footwork,2,0,United States,MLS,New England,matt turner
234,234,204513,Maxime Dupé,M,33,GK,,0,74,76,73,72,74,46,71,48,42,11,10,54,11,10,18,10,35,11,34,29,12,11,35,39,66,22,58,23,13,9,11,11,68,21,71,35,188.0,88.0,Right,3,1,,0,0,France,Ligue 1 McDonald's,OGC Nice,maxime dupe
234,234,222389,Nikita Haikin,M,30,GK,,0,74,73,72,73,74,51,72,50,53,19,18,55,14,17,18,16,63,15,44,42,17,25,52,47,71,34,57,24,20,20,19,14,68,42,64,31,185.0,74.0,Right,2,1,Far Reach|Long Ball Pass|Rush Out,3,0,Russia,Eliteserien,FK Bodø/Glimt,nikita haikin
234,234,211515,Pierluigi Gollini,M,31,GK,,0,74,74,72,71,76,47,74,46,48,12,14,53,17,18,21,17,40,15,31,25,13,18,56,52,70,24,63,18,19,20,12,19,67,40,68,19,194.0,94.0,Right,2,1,,0,0,Italy,Serie A Enilive,AS Roma,pierluigi gollini
234,234,275968,Regina van Eijk,F,24,GK,,0,74,73,72,68,76,22,73,23,21,11,12,51,13,11,19,17,21,12,16,14,15,13,22,25,71,14,19,15,12,13,11,14,40,26,30,14,174.0,61.0,Right,2,1,,0,0,Holland,Nederland Vrouwen Liga,Ajax,regina van eijk
234,234,263798,Robin Roefs,M,23,GK,,0,74,76,74,68,76,31,70,29,33,6,5,51,5,9,16,11,33,14,21,14,10,10,31,25,72,16,31,7,14,8,13,13,51,23,64,24,192.0,72.0,Left,3,1,Far Reach|Footwork,2,0,Holland,Premier League,Sunderland,robin roefs
234,234,269921,Romane Salvador,F,27,GK,,0,74,75,74,74,72,47,72,49,45,12,13,56,11,9,17,12,38,13,35,29,25,25,47,57,70,28,55,17,12,15,14,14,52,29,40,27,170.0,67.0,Left,3,1,,0,0,France,Liga F Moeve,RCD Espanyol,romane salvador
234,234,235593,Sabrina D'Angelo,F,32,GK,,0,74,73,72,74,73,46,73,44,48,10,10,56,10,10,14,14,33,12,19,24,14,14,34,45,75,16,60,13,14,15,12,14,67,28,71,19,173.0,69.0,Left,3,1,Footwork,1,0,Canada,Barclays WSL,Aston Villa,sabrina d angelo
234,234,173373,Sergio Romero,M,39,GK,,0,74,76,71,70,77,46,72,47,44,11,14,53,11,17,16,11,56,13,44,47,12,12,53,44,71,42,62,21,12,14,11,15,67,31,71,33,192.0,88.0,Right,3,1,Cross Claimer|Deflector|Far Throw,3,0,Argentina,LPF,Boca Juniors,sergio romero
234,234,173426,Simon Mignolet,M,38,GK,,0,74,73,73,70,74,51,75,50,52,14,11,53,16,16,41,11,63,12,50,60,16,14,34,52,73,26,61,21,16,7,14,16,70,31,72,34,193.0,87.0,Right,3,1,Cross Claimer|Footwork|Long Ball Pass,3,0,Belgium,1A Pro League,Club Brugge,simon mignolet
234,234,238570,Song Bum Keun,M,28,GK,,0,74,76,69,67,76,25,72,24,27,17,17,50,16,16,15,12,55,13,14,26,11,15,31,24,71,19,58,11,18,23,13,12,46,22,40,23,194.0,88.0,Right,2,1,Cross Claimer,1,0,Korea Republic,K League 1,Jeonbuk Hyundai,song bum keun
234,234,254502,Stefano Turati,M,24,GK,,0,74,75,71,71,78,35,74,37,31,8,10,53,7,7,17,11,45,13,24,20,11,7,46,35,65,20,24,12,13,10,15,15,56,30,54,28,188.0,85.0,Right,2,1,,0,0,Italy,Serie A Enilive,Sassuolo,stefano turati
234,234,188400,Thomas Kaminski,M,33,GK,,0,74,73,74,70,76,46,73,47,45,18,14,53,15,17,24,18,56,17,40,46,11,11,59,42,69,16,47,17,10,17,11,17,63,31,62,29,190.0,78.0,Right,3,1,Deflector|Footwork|Long Ball Pass,3,0,Belgium,EFL Championship,Charlton Ath,thomas kaminski
234,234,212151,Thomas Strakosha,M,31,GK,,0,74,76,71,66,76,43,72,41,46,18,15,50,20,11,21,18,49,12,26,22,14,14,45,47,73,15,56,24,11,20,18,12,66,23,75,20,193.0,84.0,Right,1,1,,0,0,Albania,Hellas Liga,AEK Athens,thomas strakosha
234,234,239272,Vasilios Barkas,M,31,GK,,0,74,74,72,73,76,42,72,44,40,12,10,55,9,8,20,14,58,15,32,36,14,15,45,29,73,24,60,13,14,17,12,13,65,39,70,36,195.0,85.0,Left,2,1,Deflector,1,0,Greece,Eredivisie,FC Utrecht,vasilios barkas
234,234,241643,Viktor Johansson,M,27,GK,,0,74,75,71,70,77,40,73,42,38,5,6,53,5,8,14,11,45,13,34,40,13,13,45,42,70,11,32,6,11,9,12,10,57,27,54,19,186.0,74.0,Right,3,1,Cross Claimer|Deflector|Long Ball Pass,3,0,Sweden,EFL Championship,Stoke City,viktor johansson
234,234,255981,Zion Suzuki,M,23,GK,,0,74,73,72,71,76,56,73,55,58,7,6,53,8,7,18,12,40,11,21,23,13,14,59,33,67,11,29,7,12,8,16,13,73,23,78,26,190.0,91.0,Right,3,1,Cross Claimer|Long Ball Pass,2,0,Japan,Serie A Enilive,Parma,zion suzuki
234,234,236515,Álvaro,M,27,GK,,0,74,75,71,68,76,47,73,44,51,5,8,51,5,6,14,9,41,13,29,26,14,14,68,48,74,28,52,14,9,10,11,11,59,37,59,22,186.0,75.0,Left,3,1,,0,0,Spain,LALIGA EA SPORTS,Sevilla FC,alvaro
285,285,194911,Adrián,M,39,GK,,0,73,68,76,72,68,43,75,44,42,12,16,54,20,12,44,12,32,17,21,32,12,15,53,48,71,23,57,25,15,18,19,14,63,38,63,38,190.0,78.0,Right,2,1,Footwork,1,0,Spain,LALIGA EA SPORTS,Real Betis,adrian
285,285,210358,Alberto Brignoli,M,34,GK,,0,73,72,71,78,73,50,75,50,49,11,17,59,11,20,22,17,63,15,49,49,20,30,50,40,67,40,66,11,30,20,21,20,69,34,60,22,188.0,81.0,Left,3,1,Cross Claimer|Far Throw,2,0,Italy,Hellas Liga,AEK Athens,alberto brignoli
285,285,223909,Alex Palmer,M,29,GK,,0,73,74,72,72,73,30,72,26,37,10,14,54,14,16,27,14,43,17,30,22,15,21,34,34,68,25,31,10,12,10,12,14,57,27,63,20,191.0,85.0,Right,3,1,Cross Claimer|Footwork|Long Ball Pass,3,0,England,EFL Championship,Ipswich,alex palmer
285,285,199103,Alexander Domínguez,M,38,GK,,0,73,73,73,71,72,34,73,34,35,15,11,53,13,15,17,13,64,15,41,39,27,20,30,33,70,32,67,24,23,26,21,22,69,30,76,31,196.0,83.0,Right,3,1,Deflector|Far Throw,2,0,Ecuador,Libertadores,LDU Quito,alexander dominguez
285,285,215522,Alexander Schlager,M,30,GK,,0,73,72,71,69,76,46,73,46,47,6,14,52,18,13,22,20,34,16,25,18,14,13,34,45,69,23,33,13,17,24,18,16,61,24,55,26,184.0,77.0,Right,3,1,Far Reach|Footwork,2,0,Austria,Ö. Bundesliga,RB Salzburg,alexander schlager
285,285,240493,Alexandros Paschalakis,M,36,GK,,0,73,74,68,64,75,51,74,53,47,4,12,48,12,12,22,12,40,12,20,25,20,9,50,59,68,10,30,15,17,19,15,14,73,38,76,40,197.0,92.0,Right,2,1,,0,0,Greece,Hellas Liga,Olympiacos FC,alexandros paschalakis
285,285,210327,Andreas Gianniotis,M,33,GK,,0,73,74,71,65,74,38,70,34,44,10,12,49,13,20,26,11,48,20,29,18,13,14,70,25,70,20,57,10,20,20,11,12,61,29,61,11,192.0,85.0,Right,3,1,Cross Claimer|Footwork,2,0,Greece,Trendyol Süper Lig,Kasımpaşa,andreas gianniotis
285,285,264908,Anna Klink,F,31,GK,,0,73,71,70,69,75,31,74,28,36,10,22,52,10,17,46,33,55,18,46,42,22,24,30,55,74,27,46,23,33,25,19,18,65,35,68,33,176.0,63.0,Right,3,1,Cross Claimer,1,0,Germany,GPFBL,FC Bayern München,anna klink
285,285,246417,Anthony Patterson,M,25,GK,,0,73,73,71,72,75,30,70,29,32,10,12,54,10,11,12,16,62,13,48,57,23,20,40,37,68,24,36,12,11,20,14,13,55,30,58,28,189.0,87.0,Right,3,1,Far Reach|Far Throw,2,0,England,Premier League,Sunderland,anthony patterson
285,285,237525,Arnaud Bodart,M,28,GK,,0,73,76,70,68,73,55,73,58,50,6,22,51,11,7,10,15,54,11,35,42,15,19,58,48,66,29,63,25,15,15,12,18,65,20,55,15,186.0,80.0,Right,2,1,Far Reach,1,0,Belgium,Ligue 1 McDonald's,LOSC Lille,arnaud bodart
285,285,244890,Aurora Mikalsen,F,30,GK,,0,73,73,70,68,74,37,72,38,35,10,11,51,12,12,17,13,53,13,24,26,17,12,39,46,69,18,41,13,13,13,13,13,49,31,44,21,173.0,65.0,Left,1,1,,0,0,Norway,GPFBL,1. FC Köln,aurora mikalsen
285,285,264935,Cara Bösl,F,29,GK,,0,73,73,74,76,71,45,69,48,41,6,8,57,15,8,20,8,54,24,20,15,14,14,46,56,69,32,56,10,6,13,12,12,59,31,56,19,173.0,66.0,Right,3,1,,0,0,Germany,GPFBL,Union Berlin,cara bosl
285,285,198513,Cláudio Ramos,M,34,GK,,0,73,78,72,64,72,55,72,55,54,10,14,48,16,10,13,10,55,13,25,23,15,16,62,65,68,20,44,21,21,21,17,13,74,44,75,27,183.0,83.0,Right,3,1,Far Reach|Far Throw|Footwork,3,0,Portugal,Liga Portugal,FC Porto,claudio ramos
285,285,238604,Daniel,M,31,GK,,0,73,73,71,70,76,23,74,24,22,4,7,53,5,7,13,13,43,10,22,23,10,13,40,55,58,19,34,7,10,11,14,14,55,20,62,28,188.0,80.0,Right,2,1,,0,0,Brazil,MLS,SJ Earthquakes,daniel
285,285,277823,Daniel Peretz,M,25,GK,,0,73,74,75,73,77,35,66,30,42,7,8,55,7,6,12,8,41,8,32,30,15,14,35,39,68,19,33,11,11,9,9,14,62,30,71,22,190.0,89.0,Right,3,1,,0,0,Israel,Bundesliga,Hamburger SV,daniel peretz
285,285,247228,Dayne St. Clair,M,28,GK,,0,73,73,69,60,76,27,72,27,26,5,5,45,8,6,10,14,38,13,16,26,10,9,39,21,72,19,39,9,11,8,10,12,54,26,57,27,191.0,86.0,Left,3,1,Cross Claimer,1,0,Canada,MLS,Minnesota United,dayne st clair
285,285,248478,Diant Ramaj,M,24,GK,,0,73,74,70,81,76,28,72,28,29,18,16,61,18,20,24,17,67,18,53,51,22,30,31,42,64,44,65,15,12,15,15,15,58,38,64,32,188.0,82.0,Right,5,1,Deflector|Long Ball Pass|Pinged Pass,3,0,Germany,Bundesliga,Heidenheim,diant ramaj
285,285,244262,Dinko Horkaš,M,27,GK,,0,73,73,72,70,73,48,72,52,43,8,10,53,9,15,17,21,60,12,50,48,12,11,59,33,71,24,41,9,13,18,11,11,68,26,70,25,189.0,82.0,Right,2,1,,0,0,Croatia,LALIGA HYPERMOTION,UD Las Palmas,dinko horkas
285,285,265970,Emily Burns,F,28,GK,,0,73,71,68,67,78,43,74,41,47,9,8,50,8,10,13,13,30,11,30,22,15,12,51,49,69,17,36,13,8,11,13,10,57,33,56,28,175.0,66.0,Right,2,1,,0,0,Canada,Arkema PL,FC Nantes,emily burns
285,285,193786,Francesco Bardi,M,34,GK,,0,73,74,71,70,74,49,71,51,46,11,10,53,18,17,21,18,34,19,31,31,14,13,48,33,70,12,68,10,11,18,13,12,60,29,54,21,188.0,80.0,Right,2,1,Far Reach|Footwork,2,0,Italy,Serie BKT,Palermo,francesco bardi
285,285,271571,Gabriel Batista,M,27,GK,,0,73,72,72,78,73,39,73,41,35,4,10,59,10,9,46,15,64,30,52,53,14,19,33,40,66,20,31,11,10,5,13,13,61,30,64,21,190.0,83.0,Right,2,1,,0,0,Brazil,Liga Portugal,Santa Clara,gabriel batista
285,285,214680,Gauthier Gallon,M,32,GK,,0,73,74,71,72,75,40,73,40,40,15,14,54,15,16,19,12,52,19,29,27,15,17,38,54,66,18,56,22,13,12,16,13,62,29,64,30,187.0,80.0,Right,2,1,Deflector,1,0,France,Ligue 1 McDonald's,Stade Rennais FC,gauthier gallon
285,285,243585,Gavin Bazunu,M,24,GK,,0,73,74,72,74,76,47,69,49,45,13,5,56,5,7,15,11,60,12,47,51,14,20,54,42,65,25,55,20,11,16,12,11,63,30,60,29,189.0,79.0,Right,2,1,Far Throw|Footwork,2,0,Republic of Ireland,EFL Championship,Southampton,gavin bazunu
285,285,239342,Hervé Koffi,M,29,GK,,0,73,75,69,68,76,56,67,58,53,8,8,51,7,6,16,11,44,13,23,26,14,13,63,64,73,27,58,14,13,13,11,10,71,30,71,30,186.0,82.0,Right,3,1,Far Throw,1,0,Burkina Faso,Ligue 1 McDonald's,Angers SCO,herve koffi
285,285,259872,Ignacio De Arruabarrena,M,29,GK,,0,73,71,72,72,74,37,73,40,32,11,8,54,6,7,17,12,48,15,23,20,10,12,35,50,72,10,33,12,11,9,11,9,59,22,59,27,183.0,79.0,Right,2,1,,0,0,Uruguay,Libertadores,Barcelona SC,ignacio de arruabarrena
285,285,222572,Iván Villar,M,28,GK,,0,73,72,71,71,76,32,72,32,33,12,12,53,15,12,23,13,46,15,23,22,20,21,38,37,71,17,46,18,16,10,15,15,54,30,52,18,186.0,76.0,Right,2,1,Cross Claimer,1,0,Spain,LALIGA EA SPORTS,Celta,ivan villar
285,285,204092,Janis Blaswich,M,34,GK,,0,73,73,68,65,73,43,76,47,38,11,18,49,16,13,30,20,46,8,38,30,29,19,31,33,71,31,54,19,15,10,15,13,69,31,74,39,193.0,89.0,Right,3,1,Cross Claimer,1,0,Germany,Bundesliga,Leverkusen,janis blaswich
285,285,72562,Jasmin Janning,F,20,GK,,0,73,73,69,67,74,19,71,20,17,11,15,50,11,16,16,11,33,14,16,18,18,12,20,28,72,11,15,12,13,11,13,15,39,15,30,19,173.0,61.0,Right,2,1,,0,0,Germany,GPFBL,Carl Zeiss Jena,jasmin janning
285,285,188836,Jason Steele,M,35,GK,,0,73,74,72,78,72,39,73,41,36,8,15,59,12,12,24,11,45,15,60,55,19,15,36,44,65,40,70,11,28,10,18,14,63,29,55,39,188.0,79.0,Right,2,1,Footwork,1,0,England,Premier League,Brighton,jason steele
285,285,239559,Jeffrey de Lange,M,28,GK,,0,73,73,69,74,73,56,73,58,54,8,6,56,5,5,18,13,48,14,35,44,10,9,40,39,70,15,52,7,12,8,14,13,54,26,51,17,190.0,80.0,Right,4,1,Far Throw|Long Ball Pass,2,0,Holland,Ligue 1 McDonald's,OM,jeffrey de lange
285,285,236583,Jiří Pavlenka,M,33,GK,,0,73,76,70,62,77,35,68,35,36,14,16,47,17,19,18,11,25,14,27,16,10,12,39,27,74,19,39,13,14,12,10,14,62,20,68,22,196.0,81.0,Right,3,1,Footwork,1,0,Czech Republic,Hellas Liga,PAOK FC,jiri pavlenka
285,285,195668,Joel Robles,M,35,GK,,0,73,74,71,69,74,50,70,47,55,13,11,52,11,13,15,12,41,20,15,26,11,18,50,39,68,25,54,22,12,11,11,14,68,25,72,23,195.0,90.0,Right,2,1,Footwork,1,0,Spain,Liga Portugal,Estoril Praia,joel robles
285,285,216033,Jorge Broun,M,39,GK,,0,73,71,71,70,73,41,75,39,43,18,17,53,18,17,23,14,38,12,24,22,14,15,30,42,66,16,27,17,16,30,14,19,66,30,73,18,190.0,92.0,Right,3,1,Far Reach|Far Throw|Footwork|Long Ball Pass,4,0,Argentina,LPF,Rosario Central,jorge broun
285,285,194730,Juan Carlos,M,38,GK,,0,73,72,73,72,73,59,71,58,61,11,14,54,15,15,30,31,42,12,25,27,30,13,56,57,67,22,53,21,19,25,20,21,73,42,71,13,186.0,85.0,Right,3,1,Far Throw,1,0,Spain,LALIGA EA SPORTS,Girona FC,juan carlos
285,285,248732,Karl Hein,M,23,GK,,0,73,72,71,69,76,35,73,33,38,6,8,52,7,6,18,10,41,12,37,38,13,10,36,31,70,12,26,12,17,9,16,15,60,40,62,18,193.0,76.0,Right,3,1,,0,0,Estonia,Bundesliga,SV Werder Bremen,karl hein
285,285,243675,Kjell Scherpen,M,26,GK,,0,73,76,69,70,74,41,72,37,46,8,9,53,8,8,12,11,34,13,26,25,12,12,37,42,68,17,51,7,10,14,11,10,61,32,66,25,206.0,85.0,Right,4,1,Cross Claimer|Far Throw,2,0,Holland,1A Pro League,R. Union St.-G.,kjell scherpen
285,285,229956,Lawrence Ati Zigi,M,29,GK,,0,73,72,70,66,74,40,73,45,33,17,18,50,20,9,24,14,44,23,22,25,20,11,38,57,71,24,26,21,20,11,15,23,70,32,75,30,188.0,87.0,Right,3,1,Footwork,1,0,Ghana,Brack Super League,FC St. Gallen,lawrence ati zigi
285,285,265115,Lena Pauels,F,28,GK,,0,73,72,72,69,73,31,72,32,29,8,13,52,19,5,20,11,51,16,27,18,11,10,33,34,69,20,42,15,6,11,13,11,56,36,60,29,176.0,66.0,Right,3,1,,0,0,Germany,Liga Portugal Feminino,SL Benfica,lena pauels
285,285,261863,Lisa Lichtfus,F,26,GK,,0,73,69,75,68,76,43,71,41,47,9,9,51,8,9,12,12,34,11,25,21,14,15,44,47,67,17,33,13,12,12,13,11,52,36,45,18,172.0,60.0,Right,3,1,Cross Claimer|Deflector,2,0,Belgium,Arkema PL,Havre AC,lisa lichtfus
285,285,272994,Mandy McGlynn,F,27,GK,,0,73,69,73,74,73,36,73,36,35,8,6,56,7,7,16,10,61,12,19,34,12,7,28,47,74,12,28,9,14,9,11,11,45,22,32,14,175.0,61.0,Right,2,1,Footwork|Long Ball Pass|Rush Out,3,0,United States,NWSL,Utah Royals FC,mandy mcglynn
285,285,275576,María Miralles,F,28,GK,,0,73,72,70,71,73,32,74,32,33,6,10,53,6,6,13,14,34,12,21,17,11,13,22,31,66,18,15,11,9,7,14,11,43,23,33,17,159.0,60.0,Right,2,1,,0,0,Spain,Liga F Moeve,DUX Logroño,maria miralles
285,285,272021,María Valenzuela,F,23,GK,,0,73,73,71,75,73,36,72,36,36,8,8,56,10,9,12,10,30,12,15,25,10,14,56,44,72,15,33,17,12,10,18,20,45,17,34,20,174.0,79.0,Right,2,1,,0,0,Spain,Liga F Moeve,Badalona Women,maria valenzuela
285,285,232007,Mateusz Lis,M,29,GK,,0,73,75,73,68,74,27,75,27,27,6,9,51,9,8,16,10,46,11,22,16,11,13,37,35,57,12,50,8,12,9,10,11,59,26,70,19,192.0,83.0,Right,2,1,Footwork,1,0,Poland,Trendyol Süper Lig,Göztepe,mateusz lis
285,285,262265,Matthieu Epolo,M,21,GK,,0,73,76,70,66,73,32,70,35,28,4,6,50,5,6,11,11,31,8,23,20,9,5,44,44,69,10,27,11,12,7,11,9,56,16,55,17,187.0,77.0,Right,2,1,Far Reach|Footwork,2,0,Belgium,1A Pro League,Standard Liège,matthieu epolo
285,285,263204,Matías Mansilla,M,30,GK,,0,73,72,72,70,72,26,73,30,20,8,9,53,8,7,11,14,53,14,18,24,14,10,36,36,69,19,51,9,11,7,10,13,67,22,82,21,191.0,92.0,Right,3,1,Cross Claimer|Far Throw,2,0,Argentina,LPF,Atlético Tucumán,matias mansilla
285,285,270821,Mike Penders,M,20,GK,,0,73,77,72,76,75,22,69,17,29,7,8,57,9,9,15,12,52,27,55,62,21,30,31,27,65,42,41,9,27,9,10,14,63,26,71,30,200.0,95.0,Left,2,1,,0,0,Belgium,Ligue 1 McDonald's,Strasbourg,mike penders
285,285,222418,Nahuel Losada,M,32,GK,,0,73,74,74,72,69,41,70,41,40,11,17,54,13,13,27,18,15,13,30,19,16,19,39,54,70,18,48,19,20,18,15,14,61,33,56,24,184.0,86.0,Right,2,1,Cross Claimer|Far Throw|Footwork,3,0,Argentina,LPF,Lanús,nahuel losada
285,285,271949,Nediljko Labrović,M,26,GK,,0,73,73,68,63,76,40,73,41,39,6,9,47,8,7,18,12,43,14,39,41,11,15,46,51,70,21,41,15,12,17,18,19,68,28,78,31,196.0,91.0,Right,2,1,,0,0,Croatia,Bundesliga,FC Augsburg,nediljko labrovic
285,285,255266,Obed Nkambadio,M,23,GK,,0,73,73,70,67,76,30,71,31,28,5,8,50,5,5,17,13,39,14,28,25,10,8,39,41,69,16,36,11,11,6,10,14,49,20,47,20,190.0,86.0,Right,2,1,,0,0,France,Ligue 1 McDonald's,Paris FC,obed nkambadio
285,285,223175,Okan Kocuk,M,30,GK,,0,73,76,72,66,76,33,70,31,36,11,10,50,10,10,23,11,30,13,31,16,10,10,44,30,64,11,44,12,10,5,10,11,54,23,55,15,188.0,78.0,Right,2,1,Footwork,1,0,Turkey,Trendyol Süper Lig,Samsunspor,okan kocuk
285,285,272061,Paola Ulloa,F,29,GK,,0,73,73,73,70,73,41,69,41,41,7,7,53,8,7,11,11,27,10,30,23,10,11,55,44,73,12,33,14,11,9,17,17,47,17,37,18,164.0,60.0,Right,2,1,Footwork|Rush Out,2,0,Spain,Liga F Moeve,Madrid CFF,paola ulloa
285,285,206218,Paul Nardi,M,31,GK,,0,73,74,68,68,76,50,72,54,43,10,10,51,10,10,16,10,49,10,35,36,12,10,35,52,71,25,31,21,17,15,14,10,62,20,54,24,187.0,77.0,Right,3,1,Footwork,1,0,France,EFL Championship,QPR,paul nardi
285,285,266907,Rachael Laws,F,35,GK,,0,73,71,72,71,73,33,74,33,32,11,7,53,11,7,21,19,60,11,33,34,14,8,36,56,73,21,43,16,7,16,11,12,58,32,66,22,175.0,66.0,Right,3,1,Cross Claimer|Long Ball Pass|Rush Out,3,0,England,Barclays WSL,Liverpool,rachael laws
285,285,253741,Rachele Baldi,F,31,GK,,0,73,71,70,73,73,28,71,26,31,6,8,55,6,6,15,14,25,10,29,30,13,10,40,47,73,25,36,12,11,7,10,13,63,30,77,28,175.0,70.0,Right,3,1,,0,0,Italy,Calcio A Femminile,Roma,rachele baldi
285,285,193359,Rafael Romo,M,36,GK,,0,73,75,71,68,74,36,71,33,40,18,15,51,13,10,20,11,49,13,22,33,14,13,48,28,70,23,61,26,11,14,11,14,61,28,70,23,196.0,91.0,Right,2,1,Cross Claimer|Far Throw,2,0,Venezuela,Sudamericana,U. Católica,rafael romo
285,285,272342,Rebecca Adamczyk,F,20,GK,,0,73,71,67,72,75,44,73,45,43,8,6,54,5,8,14,11,45,12,20,24,14,13,44,46,72,13,36,11,14,7,10,14,48,21,32,28,179.0,66.0,Right,1,1,,0,0,Germany,GPFBL,SC Freiburg,rebecca adamczyk
285,285,207557,Robin Olsen,M,36,GK,,0,73,73,70,73,73,35,75,31,40,13,11,55,14,16,26,20,59,16,32,50,18,11,32,33,68,18,45,20,16,22,12,16,65,37,75,27,198.0,89.0,Right,2,1,,0,0,Sweden,Allsvenskan,Malmö FF,robin olsen
285,285,211101,Rubén Blanco,M,30,GK,,0,73,76,72,73,74,53,70,54,52,11,18,55,15,19,22,18,37,13,35,29,18,17,52,57,66,10,57,22,15,25,11,11,52,44,35,22,188.0,70.0,Right,3,1,,0,0,Spain,Ligue 1 McDonald's,OM,ruben blanco
285,285,219836,Rubén Yáñez,M,32,GK,,0,73,73,71,64,77,46,70,46,45,18,13,48,17,19,25,15,42,15,22,20,20,16,53,28,70,14,49,20,20,13,14,13,67,39,69,22,188.0,80.0,Right,3,1,Cross Claimer,1,0,Spain,LALIGA HYPERMOTION,R. Sporting,ruben yanez
285,285,234371,Rémy Descamps,M,29,GK,,0,73,74,68,65,76,43,73,45,39,8,9,49,6,6,12,10,23,12,28,24,18,12,29,24,69,15,52,17,14,13,11,10,63,28,63,29,196.0,82.0,Left,3,1,,0,0,France,Ligue 1 McDonald's,OL,remy descamps
285,285,186569,Sven Ulreich,M,37,GK,,0,73,74,69,62,76,41,73,41,40,8,12,47,11,13,22,14,42,15,34,30,12,13,36,39,73,22,45,14,8,16,18,14,60,29,63,25,192.0,87.0,Right,2,1,,0,0,Germany,Bundesliga,FC Bayern München,sven ulreich
285,285,248751,Teagan Micah,F,28,GK,,0,73,71,72,76,73,30,73,33,26,5,8,57,8,5,14,12,38,10,19,26,12,9,28,51,71,18,26,7,9,8,13,11,45,37,40,32,176.0,64.0,Right,3,1,,0,0,Australia,Arkema PL,OL Lyonnes,teagan micah
285,285,200316,Timo Horn,M,32,GK,,0,73,74,76,58,73,47,68,45,51,15,13,44,17,14,21,19,45,15,30,29,12,20,50,31,76,22,25,22,14,14,13,12,65,31,67,41,192.0,90.0,Left,1,1,,0,0,Germany,Bundesliga 2,VfL Bochum 1848,timo horn
285,285,243294,Tobe Leysen,M,24,GK,,0,73,73,70,69,77,37,73,37,37,5,7,52,14,10,18,15,38,9,23,31,13,10,37,39,60,11,33,15,15,10,11,15,55,28,52,22,189.0,84.0,Left,2,1,Cross Claimer|Footwork|Long Ball Pass,3,0,Belgium,1A Pro League,OH Leuven,tobe leysen
285,285,265028,Vanessa Fischer,F,27,GK,,0,73,73,70,73,72,35,71,39,29,5,10,55,15,13,51,13,70,23,59,38,17,13,28,49,72,14,29,25,6,22,14,12,53,41,52,31,182.0,68.0,Right,2,1,,0,0,Germany,GPFBL,SV Werder Bremen,vanessa fischer
285,285,193336,Vid Belec,M,35,GK,,0,73,72,71,69,75,48,73,52,42,11,10,52,16,10,23,11,45,13,31,32,12,13,55,31,70,23,70,21,13,19,10,11,63,20,59,25,193.0,84.0,Right,3,1,Cross Claimer,1,0,Slovenia,Liga Cyprus,APOEL FC,vid belec
285,285,234777,Zack Steffen,M,31,GK,,0,73,75,72,71,75,53,69,54,52,9,9,53,12,8,37,14,58,11,52,52,13,15,58,49,66,31,58,19,13,13,12,12,68,39,69,31,191.0,86.0,Right,3,1,Far Throw|Footwork,2,0,United States,MLS,Colorado Rapids,zack steffen
352,352,235375,Aldair Quintana,M,31,GK,,0,72,73,72,67,73,22,70,22,23,6,9,50,8,8,13,10,34,14,17,23,13,9,22,23,68,17,39,9,14,30,11,13,58,23,70,20,195.0,92.0,Left,2,1,Cross Claimer,1,0,Colombia,Libertadores,Bucaramanga,aldair quintana
352,352,269202,Alice Pinguet,F,23,GK,,0,72,70,70,70,75,45,69,44,47,10,11,53,9,10,13,14,41,17,29,25,18,17,48,52,67,22,42,13,12,15,15,11,56,36,51,27,174.0,65.0,Right,3,1,,0,0,France,Arkema PL,AS Saint Étienne,alice pinguet
352,352,216325,Angus Gunn,M,30,GK,,0,72,73,71,70,74,48,70,48,49,9,15,53,17,19,19,14,49,15,31,46,20,20,40,42,65,27,48,18,14,20,16,14,65,31,66,28,196.0,77.0,Right,3,1,Deflector|Footwork,2,0,Scotland,Premier League,Nott'm Forest,angus gunn
352,352,233164,Arijanet Murić,M,27,GK,,0,72,73,71,75,73,45,71,44,46,11,12,56,14,16,18,13,60,11,55,58,24,20,38,40,66,35,66,18,10,15,17,18,65,29,71,24,197.0,95.0,Right,2,1,Cross Claimer|Far Throw,2,0,Kosovo,Serie A Enilive,Sassuolo,arijanet muric
352,352,235304,Bartosz Mrozek,M,26,GK,,0,72,71,70,68,73,38,73,39,37,9,7,51,11,12,21,9,48,14,20,20,12,14,24,25,63,24,31,19,12,16,11,14,60,36,61,23,191.0,82.0,Right,3,1,Far Throw|Footwork,2,0,Poland,PKO BP Ekstraklasa,Lech Poznań,bartosz mrozek
352,352,215086,Brayan Cortés,M,31,GK,,0,72,70,70,71,75,48,69,48,48,18,14,53,20,15,21,29,67,12,52,48,16,13,39,55,67,37,63,30,16,18,14,15,67,40,70,41,186.0,88.0,Right,3,1,Far Throw|Footwork|Rush Out,3,0,Chile,Libertadores,Peñarol,brayan cortes
352,352,263339,Carl Rushworth,M,24,GK,,0,72,72,70,71,73,55,71,56,54,7,6,53,9,7,10,13,53,22,45,45,13,24,55,52,65,30,45,15,14,16,14,12,64,29,58,20,191.0,86.0,Left,2,1,Far Throw,1,0,England,EFL Championship,Coventry City,carl rushworth
352,352,234054,Carlos Cáceda,M,34,GK,,0,72,71,72,68,71,30,70,33,26,5,8,51,9,8,18,10,25,12,23,21,11,11,31,48,71,17,59,6,12,17,12,11,56,32,56,29,185.0,78.0,Right,2,1,Footwork,1,0,Peru,Sudamericana,FBC Melgar,carlos caceda
352,352,196885,Carlos Lampe,M,39,GK,,0,72,70,69,67,74,34,75,32,37,17,17,50,20,12,14,14,52,18,25,21,33,20,32,33,69,30,50,27,12,23,24,22,61,35,70,40,192.0,84.0,Right,3,1,Far Throw|Footwork,2,0,Bolivia,Libertadores,Bolívar,carlos lampe
352,352,242084,Carlos Miguel Coronel,M,29,GK,,0,72,71,70,73,73,39,71,39,39,10,10,55,9,12,12,16,56,13,47,60,17,17,39,47,70,29,50,21,15,20,15,16,66,41,72,35,192.0,88.0,Right,3,1,Cross Claimer|Long Ball Pass,2,0,Paraguay,MLS,Red Bulls,carlos miguel coronel
352,352,247866,Cezary Miszta,M,24,GK,,0,72,71,72,70,75,34,71,29,42,7,5,53,5,5,11,14,47,12,24,15,13,14,34,29,63,11,29,12,13,5,11,13,52,27,52,23,192.0,80.0,Right,2,1,Footwork,1,0,Poland,Liga Portugal,Rio Ave FC,cezary miszta
352,352,194934,Dani Jiménez,M,36,GK,,0,72,72,70,70,71,50,73,49,52,15,13,53,10,19,25,29,56,10,34,23,24,12,68,58,66,20,47,25,13,16,13,12,65,40,67,31,179.0,72.0,Right,3,1,,0,0,Spain,LALIGA HYPERMOTION,SD Huesca,dani jimenez
352,352,233189,Devis Vásquez,M,27,GK,,0,72,72,68,71,75,38,70,36,40,7,8,53,7,9,16,14,40,13,27,25,11,12,38,47,70,15,30,9,14,12,12,13,62,19,68,22,195.0,93.0,Right,3,1,Deflector,1,0,Colombia,Serie A Enilive,AS Roma,devis vasquez
352,352,266451,Eartha Cumings,F,26,GK,,0,72,71,69,69,72,41,73,39,45,8,9,52,10,11,15,14,55,13,25,29,12,10,43,44,71,12,33,12,14,9,14,10,48,36,40,25,170.0,66.0,Right,2,1,Cross Claimer,1,0,Scotland,Barclays WSL,Manchester City,eartha cumings
352,352,270406,Emily Orman,F,23,GK,,0,72,68,70,67,71,43,73,43,43,11,7,50,8,7,19,9,50,12,15,16,10,8,44,41,74,40,59,10,9,12,11,8,63,31,69,19,182.0,70.0,Right,2,1,Footwork,1,0,England,Barclays WSL,London City,emily orman
352,352,245370,Ersin Destanoğlu,M,25,GK,,0,72,70,72,68,71,38,72,40,36,5,9,51,7,5,15,14,54,11,15,15,10,9,23,25,66,17,26,9,10,6,13,12,62,24,68,18,195.0,88.0,Right,2,1,Cross Claimer,1,0,Turkey,Trendyol Süper Lig,Beşiktaş,ersin destanoglu
352,352,246236,Ezequiel Centurión,M,28,GK,,0,72,74,68,66,73,52,71,54,48,7,7,50,6,16,18,11,39,14,34,24,20,28,50,40,68,25,48,11,12,10,11,17,66,36,65,33,184.0,79.0,Right,2,1,,0,0,Argentina,LPF,Ind. Rivadavia,ezequiel centurion
352,352,225395,Ezkieta,M,29,GK,,0,72,71,70,67,75,44,69,41,49,15,12,50,14,15,24,16,32,19,28,27,16,17,42,41,72,19,33,20,17,13,17,15,64,38,66,25,193.0,80.0,Right,3,1,Cross Claimer|Far Throw|Footwork,3,0,Spain,LALIGA HYPERMOTION,R. Racing Club,ezkieta
352,352,227477,Facundo Altamirano,M,30,GK,,0,72,71,68,70,74,45,70,45,45,15,12,53,13,20,27,12,42,15,27,27,15,15,43,32,69,22,48,25,18,28,18,24,63,39,60,31,186.0,85.0,Right,3,1,Cross Claimer|Footwork,2,0,Argentina,LPF,San Lorenzo,facundo altamirano
352,352,232645,Facundo Cambeses,M,28,GK,,0,72,74,68,64,75,52,70,54,49,16,12,48,14,11,14,13,44,14,34,35,13,26,44,55,68,25,49,24,13,23,14,11,67,39,68,27,186.0,85.0,Right,2,1,Cross Claimer|Far Reach,2,0,Argentina,LPF,Racing Club,facundo cambeses
352,352,205288,Fernando,M,35,GK,,0,72,71,70,71,71,48,71,48,47,16,19,53,18,18,26,17,54,20,32,24,12,14,44,56,73,23,50,27,12,15,11,19,64,30,64,20,183.0,88.0,Right,2,1,Far Reach|Far Throw,2,0,Spain,LALIGA HYPERMOTION,UD Almería,fernando
352,352,251292,Florian Kastenmeier,M,28,GK,,0,72,73,65,71,75,26,69,26,25,8,6,53,9,5,12,10,56,14,15,19,14,12,21,28,71,18,32,20,14,12,10,13,59,25,68,16,192.0,85.0,Right,3,1,Deflector|Far Throw|Footwork|Long Ball Pass,4,0,Germany,Bundesliga 2,Düsseldorf,florian kastenmeier
352,352,234833,Florian Müller,M,28,GK,,0,72,72,67,71,79,43,68,43,43,11,11,53,12,10,19,12,42,12,32,27,13,18,42,41,70,24,38,19,11,20,11,12,63,34,67,25,190.0,88.0,Left,4,1,,0,0,Germany,Bundesliga,SC Freiburg,florian muller
352,352,219941,Gabriel Castellón,M,32,GK,,0,72,74,70,58,75,43,69,45,40,10,14,44,18,17,23,9,39,22,41,45,12,18,37,51,69,25,51,23,16,16,21,17,72,34,80,37,190.0,75.0,Right,2,1,Cross Claimer|Footwork,2,0,Chile,Libertadores,U. de Chile,gabriel castellon
352,352,240751,Gaëtan Poussin,M,27,GK,,0,72,75,66,63,77,56,73,57,55,7,7,47,6,9,16,12,24,11,29,22,13,13,27,46,60,17,51,10,30,7,12,14,70,22,59,21,186.0,82.0,Right,2,1,,0,0,France,Ligue 2 BKT,Red Star FC,gaetan poussin
352,352,236241,Guillermo Viscarra,M,33,GK,,0,72,71,70,72,71,25,73,21,31,10,5,54,6,9,17,11,50,13,24,21,13,8,33,27,68,14,41,11,10,18,12,10,48,35,51,21,190.0,80.0,Right,3,1,,0,0,Bolivia,Libertadores,Alianza Lima,guillermo viscarra
352,352,243759,Ignacio Arce,M,33,GK,,0,72,70,73,68,71,25,72,23,29,7,5,51,8,8,15,14,37,12,25,25,10,6,33,49,68,11,36,11,12,10,12,14,47,37,47,28,180.0,71.0,Right,3,1,Long Ball Pass,1,0,Argentina,LPF,Dep. Riestra,ignacio arce
352,352,242656,Illan Meslier,M,26,GK,,0,72,71,72,70,73,38,70,37,40,8,11,53,17,9,11,18,61,10,50,50,12,20,42,25,71,35,65,19,15,22,17,19,55,40,53,27,196.0,74.0,Left,3,1,Cross Claimer|Far Throw|Footwork,3,0,France,Premier League,Leeds United,illan meslier
352,352,242288,Ivica Ivušić,M,31,GK,,0,72,72,71,72,72,41,70,42,40,7,9,54,6,7,12,12,45,12,18,25,13,12,56,48,71,18,51,8,10,20,13,11,65,36,71,33,195.0,88.0,Right,2,1,Cross Claimer,1,0,Croatia,Liga Hrvatska,Hajduk Split,ivica ivusic
352,352,258390,Ivo Grbić,M,30,GK,,0,72,73,69,70,73,32,69,34,28,9,9,53,7,8,19,14,42,13,35,32,20,15,30,24,69,21,33,15,11,13,13,12,63,27,73,27,195.0,93.0,Right,3,1,,0,0,Croatia,Trendyol Süper Lig,Karagümrük SK,ivo grbic
352,352,258585,Ivor Pandur,M,26,GK,,0,72,72,70,64,77,39,69,37,41,7,6,48,7,8,14,14,37,10,29,28,14,10,54,31,70,16,48,6,11,9,10,14,48,32,44,21,185.0,85.0,Right,3,1,Cross Claimer,1,0,Croatia,EFL Championship,Hull City,ivor pandur
352,352,252179,Jakub Markovič,M,24,GK,,0,72,71,72,74,73,42,69,41,44,10,11,56,10,10,12,18,48,14,32,35,10,17,28,28,65,30,50,12,13,11,12,12,55,21,50,21,187.0,78.0,Right,3,1,,0,0,Czech Republic,Česká Liga,Slavia Praha,jakub markovic
352,352,244218,Jari De Busser,M,26,GK,,0,72,74,69,65,75,24,71,23,25,4,8,49,7,8,18,18,35,13,28,25,13,11,22,26,68,14,21,8,15,8,14,10,44,28,42,15,190.0,78.0,Right,4,1,Far Reach,1,0,Belgium,Eredivisie,Go Ahead Eagles,jari de busser
352,352,244676,Jasper Schendelaar,M,25,GK,,0,72,73,69,66,75,25,69,21,32,7,10,50,14,6,26,10,63,14,43,49,14,12,26,45,68,27,51,10,13,8,12,11,57,17,50,28,187.0,87.0,Right,3,1,,0,0,Holland,Eredivisie,PEC Zwolle,jasper schendelaar
352,352,215048,Javier Burrai,M,35,GK,,0,72,72,71,70,71,44,71,47,40,16,19,53,16,17,29,22,62,14,39,46,17,20,41,55,74,25,50,27,12,20,15,14,63,36,62,27,188.0,82.0,Right,2,1,,0,0,Ecuador,LPF,Talleres,javier burrai
352,352,231596,José Contreras,M,31,GK,,0,72,71,70,70,74,19,71,15,25,8,8,53,8,16,14,13,53,10,23,18,13,7,36,37,65,14,50,7,11,9,13,12,52,23,61,22,186.0,83.0,Right,2,1,Cross Claimer,1,0,Venezuela,Libertadores,Barcelona SC,jose contreras
352,352,228279,Joël Drommel,M,29,GK,,0,72,73,71,75,74,51,71,50,52,10,13,56,16,12,32,12,53,21,44,39,21,25,62,49,64,40,65,10,21,12,20,19,69,43,70,22,193.0,90.0,Right,3,1,Cross Claimer|Far Throw,2,0,Holland,Eredivisie,Sparta Rotterdam,joel drommel
352,352,270038,Justin Hammel,M,25,GK,,0,72,75,70,70,77,23,70,23,24,5,7,53,5,6,15,16,33,11,37,45,12,7,30,44,56,19,28,12,11,16,14,13,55,25,62,29,185.0,84.0,Right,2,1,Footwork|Long Ball Pass|Rush Out,3,0,Switzerland,Brack Super League,GC Zürich,justin hammel
352,352,193331,Karl Darlow,M,35,GK,,0,72,73,70,66,75,58,72,60,54,18,14,50,11,15,19,12,37,16,36,30,19,14,64,64,66,31,53,26,12,17,11,12,67,44,60,13,190.0,88.0,Right,2,1,Far Throw,1,0,Wales,Premier League,Leeds United,karl darlow
352,352,76426,Kayla Rendell,F,24,GK,,0,72,71,72,74,71,35,69,35,34,6,10,56,7,10,14,11,68,11,30,23,12,12,32,55,73,14,56,14,13,11,16,14,53,40,50,25,176.0,65.0,Right,3,1,Deflector,1,0,England,Barclays WSL,Manchester Utd,kayla rendell
352,352,267295,Kaylie Collins,F,27,GK,,0,72,73,67,69,73,37,72,37,38,8,12,52,12,9,22,9,50,9,25,22,10,8,37,55,67,13,28,8,8,9,13,9,60,35,68,13,178.0,68.0,Right,2,1,,0,0,United States,NWSL,Washington Spirit,kaylie collins
352,352,192129,Kristoffer Nordfeldt,M,36,GK,,0,72,70,69,72,70,50,71,51,48,15,13,54,12,11,13,11,34,11,47,32,20,14,57,45,74,24,50,23,13,17,13,15,70,32,73,24,188.0,87.0,Right,3,1,Far Throw|Long Ball Pass,2,0,Sweden,Allsvenskan,AIK,kristoffer nordfeldt
352,352,74395,Laura Sánchez,F,19,GK,,0,72,74,72,65,72,31,70,31,32,10,10,49,9,10,20,13,30,17,25,20,15,14,30,51,70,21,23,15,21,10,20,22,54,24,50,24,170.0,60.0,Right,2,1,Cross Claimer,1,0,Spain,Liga F Moeve,Granada CF,laura sanchez
352,352,275523,Lea Paulick,F,26,GK,,0,72,72,69,68,73,47,75,48,45,15,22,51,21,16,16,25,35,13,28,18,12,21,45,27,63,18,33,13,12,13,12,15,47,25,30,22,175.0,63.0,Right,2,1,,0,0,Germany,GPFBL,Frankfurt,lea paulick
352,352,244058,Lize Kop,F,28,GK,,0,72,73,66,70,73,30,75,27,34,10,8,53,9,7,13,12,25,12,23,18,14,10,39,51,70,18,32,11,16,15,14,15,43,30,32,25,173.0,64.0,Right,3,1,,0,0,Holland,Barclays WSL,Spurs,lize kop
352,352,224348,Lucas Hoyos,M,36,GK,,0,72,74,69,68,75,61,66,63,58,18,16,51,17,19,29,23,48,21,41,33,30,25,63,67,70,35,63,29,19,23,23,23,70,45,60,42,183.0,76.0,Right,3,1,Cross Claimer|Footwork,2,0,Argentina,LPF,Newell's,lucas hoyos
352,352,202089,Luis Mejía,M,35,GK,,0,72,69,67,68,75,52,71,55,48,13,14,51,17,16,45,21,42,19,24,22,21,13,60,58,77,16,31,19,13,30,13,13,73,37,76,45,193.0,81.0,Left,1,1,Footwork,1,0,Panama,Libertadores,Nacional,luis mejia
352,352,258936,Lukas Hornicek,M,23,GK,,0,72,72,67,69,75,28,75,28,28,6,7,52,8,8,10,12,21,14,15,11,12,10,38,28,60,14,37,9,11,8,11,13,56,21,61,21,194.0,90.0,Right,2,1,,0,0,Czech Republic,Liga Portugal,SC Braga,lukas hornicek
352,352,244316,Luís Maximiano,M,27,GK,,0,72,71,70,69,73,55,69,55,55,6,5,52,5,8,13,10,59,9,45,40,9,16,58,33,73,21,56,9,8,21,15,13,67,23,68,12,190.0,82.0,Right,2,1,Deflector,1,0,Portugal,LALIGA HYPERMOTION,UD Almería,luis maximiano
352,352,236571,Maarten Paes,M,27,GK,,0,72,72,68,70,74,31,72,31,32,11,10,53,8,9,10,13,35,10,22,28,12,14,35,32,68,22,33,12,13,12,12,14,57,34,60,19,192.0,82.0,Right,3,1,Far Throw,1,0,Indonesia,MLS,FC Dallas,maarten paes
352,352,190195,Mamadou Samassa,M,36,GK,,0,72,72,70,68,69,49,73,43,59,11,11,51,10,13,18,10,47,10,27,22,10,12,45,39,70,19,61,19,13,12,11,12,68,34,76,42,198.0,85.0,Right,1,1,Cross Claimer|Footwork|Long Ball Pass,3,0,Mali,Ligue 2 BKT,Laval MFC,mamadou samassa
352,352,71691,Manon Wahl,F,24,GK,,0,72,70,72,69,69,21,71,20,23,7,5,52,10,8,15,11,32,14,33,22,16,9,39,53,72,17,28,12,9,8,11,9,51,25,56,22,170.0,63.0,Right,3,1,,0,0,France,Arkema PL,Strasbourg,manon wahl
352,352,209987,Marcel Schuhen,M,33,GK,,0,72,73,69,67,74,53,71,55,50,17,19,50,13,14,26,19,57,20,30,28,15,22,47,48,71,27,63,18,14,19,16,18,74,40,78,26,188.0,85.0,Right,3,1,Far Throw|Footwork|Rush Out,3,0,Germany,Bundesliga 2,SV Darmstadt 98,marcel schuhen
352,352,190745,Marco Silvestri,M,35,GK,,0,72,72,71,57,74,59,73,58,61,14,20,43,16,20,16,12,47,11,22,20,16,18,65,34,70,20,44,11,12,8,18,16,66,34,60,31,191.0,87.0,Right,3,1,Footwork,1,0,Italy,Serie A Enilive,Cremonese,marco silvestri
352,352,232284,Mark Travers,M,26,GK,,0,72,73,69,69,74,40,72,41,38,11,14,52,13,13,18,16,47,14,50,44,14,13,39,47,68,19,47,13,15,14,15,14,61,30,60,23,191.0,82.0,Right,2,1,Footwork,1,0,Republic of Ireland,Premier League,Everton,mark travers
352,352,256726,Marvin Keller,M,23,GK,,0,72,73,70,70,74,38,73,38,39,8,7,53,8,6,11,16,31,12,28,24,15,14,28,36,61,11,24,8,15,14,15,14,60,26,61,22,189.0,87.0,Right,3,1,,0,0,Switzerland,Brack Super League,BSC Young Boys,marvin keller
352,352,205530,Mirko Pigliacelli,M,32,GK,,0,72,72,71,83,72,48,70,49,47,10,19,62,22,11,55,21,59,34,60,60,39,25,35,37,67,42,53,23,13,25,22,19,63,35,60,23,184.0,83.0,Right,4,1,Far Throw|Footwork|Long Ball Pass,3,0,Italy,Serie BKT,Catanzaro,mirko pigliacelli
352,352,255368,Nawaf Al Aqidi,M,25,GK,,0,72,75,69,67,74,47,66,46,49,8,7,50,8,9,14,15,32,10,41,34,14,12,45,48,69,30,45,10,19,8,11,12,65,29,64,19,188.0,83.0,Right,3,1,,0,0,Saudi Arabia,ROSHN Saudi League,Al Nassr,nawaf al aqidi
352,352,239816,Nico Mantl,M,26,GK,,0,72,72,71,69,75,33,70,36,29,4,8,52,6,7,15,12,30,11,18,18,14,13,34,42,60,10,35,18,15,7,11,13,62,33,69,18,193.0,88.0,Right,3,1,,0,0,Germany,Liga Portugal,Arouca,nico mantl
352,352,211990,Odysseas Vlachodimos,M,31,GK,,0,72,73,72,66,71,42,72,41,43,14,12,50,16,14,18,15,46,13,27,24,17,13,61,37,70,23,56,23,13,17,14,12,70,37,67,32,190.0,81.0,Right,3,1,,0,0,Greece,LALIGA EA SPORTS,Sevilla FC,odysseas vlachodimos
352,352,262862,Pascal Loretz,M,22,GK,,0,72,72,70,68,73,44,72,45,42,13,13,51,15,16,16,16,61,17,35,48,16,18,44,46,67,26,51,21,17,22,16,16,68,35,72,28,191.0,81.0,Right,3,1,Cross Claimer|Far Throw|Footwork|Long Ball Pass,4,0,Switzerland,Brack Super League,FC Luzern,pascal loretz
352,352,228505,Patrick Pentz,M,29,GK,,0,72,71,70,70,74,53,70,52,55,20,13,53,14,15,24,19,52,13,31,20,15,15,62,54,70,25,37,19,16,17,19,18,66,42,63,26,182.0,80.0,Left,4,1,Deflector|Footwork|Long Ball Pass,3,0,Austria,3F Superliga,Brøndby IF,patrick pentz
352,352,225701,Pedro Gallese,M,36,GK,,0,72,71,71,64,73,46,70,45,48,18,20,48,12,20,22,21,53,17,31,44,12,19,34,57,76,22,44,25,18,23,19,19,56,30,49,22,189.0,79.0,Left,3,1,Footwork,1,0,Peru,MLS,Orlando City,pedro gallese
352,352,186680,Raúl Fernández,M,38,GK,,0,72,71,73,67,71,38,74,35,42,11,13,50,12,13,24,23,49,14,29,26,24,16,40,48,60,14,54,21,13,18,11,11,65,32,75,21,195.0,92.0,Right,2,1,Footwork,1,0,Spain,LALIGA EA SPORTS,D. Alavés,raul fernandez
352,352,266382,Roman Celentano,M,25,GK,,0,72,72,70,71,73,21,74,22,20,4,7,53,7,5,18,14,22,10,40,42,12,13,25,22,64,15,35,12,14,7,14,14,60,24,72,22,192.0,80.0,Right,2,1,,0,0,United States,MLS,FC Cincinnati,roman celentano
352,352,258979,Sandy MacIver,F,27,GK,,0,72,70,72,73,72,35,75,34,37,9,11,55,13,9,21,18,53,17,33,35,25,19,32,40,63,20,39,12,15,15,17,15,56,25,55,23,175.0,65.0,Right,3,1,,0,0,Scotland,NWSL,Washington Spirit,sandy maciver
352,352,258180,Sebastián Meza,M,26,GK,,0,72,72,70,73,73,33,71,31,35,8,10,55,11,10,17,16,37,15,23,25,12,15,34,42,70,16,30,10,15,11,13,16,61,28,70,27,185.0,82.0,Right,3,1,,0,0,Argentina,LPF,Huracán,sebastian meza
352,352,220048,Simone Scuffet,M,29,GK,,0,72,72,70,64,75,50,71,50,50,12,20,48,16,20,18,20,35,22,34,36,20,14,60,45,69,22,61,20,18,15,24,18,67,40,65,35,190.0,87.0,Right,2,1,,0,0,Italy,Serie A Enilive,Pisa,simone scuffet
352,352,190569,Stefan Frei,M,39,GK,,0,72,71,68,67,74,30,74,30,30,12,17,50,12,14,20,15,59,15,32,32,10,18,38,58,63,26,50,15,12,12,20,12,59,25,67,40,191.0,88.0,Right,2,1,Far Throw|Footwork,2,0,United States,MLS,Sounders FC,stefan frei
352,352,244810,Tobias Lawal,M,25,GK,,0,72,77,68,67,74,30,70,33,26,5,7,50,9,6,12,12,34,12,23,28,11,10,32,28,67,15,32,28,20,9,12,12,62,22,65,24,195.0,84.0,Right,3,1,Deflector|Footwork,2,0,Austria,1A Pro League,KRC Genk,tobias lawal
352,352,222900,Warner Hahn,M,33,GK,,0,72,72,69,73,73,48,70,46,50,13,12,55,19,16,20,21,56,13,45,40,24,19,44,50,67,24,60,24,14,12,15,19,70,42,77,38,190.0,88.0,Right,2,1,Far Reach,1,0,Suriname,Allsvenskan,Hammarby IF,warner hahn
352,352,244656,Yohei Takaoka,M,30,GK,,0,72,73,71,67,71,38,70,42,33,6,9,50,6,7,17,13,32,13,25,22,14,11,33,41,69,15,21,14,14,17,13,14,61,18,61,21,181.0,72.0,Right,2,1,Cross Claimer|Far Throw,2,0,Japan,MLS,Whitecaps FC,yohei takaoka
352,352,248073,Ștefan Târnovanu,M,25,GK,,0,72,72,69,68,74,56,74,56,57,19,15,51,18,17,13,13,55,12,16,29,11,18,57,48,66,16,32,21,12,18,11,10,63,32,55,16,197.0,87.0,Right,2,1,Far Throw|Footwork|Long Ball Pass,3,0,Romania,SUPERLIGA,FCSB,stefan tarnovanu
425,425,244274,Adrian Šemper,M,28,GK,,0,71,72,68,66,72,31,70,30,32,9,15,50,13,9,15,14,65,13,34,31,12,12,31,22,68,29,25,11,12,13,14,17,51,21,51,28,194.0,89.0,Right,2,1,Far Throw,1,0,Croatia,Serie A Enilive,Pisa,adrian semper
425,425,263851,Alex Paulsen,M,23,GK,,0,71,72,66,73,74,55,64,55,54,18,19,55,16,16,24,25,56,23,41,45,31,26,59,56,78,43,60,14,20,13,18,16,62,45,52,21,183.0,82.0,Right,4,1,Long Ball Pass,1,0,New Zealand,PKO BP Ekstraklasa,Lechia Gdańsk,alex paulsen
425,425,217805,Alexis Martín Arias,M,33,GK,,0,71,70,69,70,72,48,69,50,46,19,19,53,15,12,23,20,28,14,34,27,17,30,46,59,68,37,35,27,14,20,18,16,65,37,65,28,185.0,79.0,Right,3,1,Cross Claimer|Footwork,2,0,Argentina,Libertadores,Cerro Porteño,alexis martin arias
425,425,247077,Amir Saipi,M,25,GK,,0,71,71,69,68,72,30,72,31,29,8,10,51,11,12,17,14,68,11,33,51,14,17,26,24,62,23,31,10,17,24,13,12,58,24,60,25,194.0,84.0,Right,2,1,Deflector|Far Throw|Footwork|Long Ball Pass,4,0,Kosovo,Brack Super League,FC Lugano,amir saipi
425,425,210715,Andreas Hansen,M,30,GK,,0,71,70,71,77,72,47,71,47,48,14,11,58,17,17,24,18,64,20,53,38,18,17,48,62,61,41,42,23,14,17,16,18,64,36,64,18,186.0,73.0,Right,3,1,Cross Claimer|Far Throw|Footwork,3,0,Denmark,3F Superliga,FC Nordsjælland,andreas hansen
425,425,261014,Andrés Desábato,M,36,GK,,0,71,70,69,66,71,20,72,24,15,8,6,50,7,7,15,13,38,13,26,18,14,14,27,44,70,11,52,7,14,5,12,11,50,27,52,31,183.0,79.0,Right,2,1,Rush Out,1,0,Argentina,LPF,Platense,andres desabato
425,425,273492,Angelina Anderson,F,25,GK,,0,71,70,68,66,72,36,68,38,34,7,10,50,7,6,19,11,56,14,21,17,13,7,36,43,72,11,24,7,14,8,14,14,61,23,65,12,183.0,67.0,Right,2,1,,0,0,United States,NWSL,Angel City FC,angelina anderson
425,425,254099,Carlos Marín,M,29,GK,,0,71,74,70,66,74,29,71,26,33,8,8,50,6,9,15,11,41,14,28,24,13,15,25,37,52,16,28,15,15,12,12,16,52,26,54,22,187.0,79.0,Right,3,1,Footwork,1,0,Spain,LALIGA HYPERMOTION,Córdoba CF,carlos marin
425,425,272043,Catalina Pérez,F,31,GK,,0,71,71,71,69,70,51,71,50,52,6,6,52,7,6,14,11,24,11,20,15,10,9,43,44,69,14,29,10,12,8,13,11,48,21,30,19,173.0,62.0,Right,2,1,,0,0,Colombia,Arkema PL,Strasbourg,catalina perez
425,425,198350,Daniel Bentley,M,32,GK,,0,71,71,67,69,72,46,70,48,43,12,11,52,13,13,22,18,50,12,43,26,12,17,51,41,69,30,55,22,11,30,11,13,64,31,67,24,188.0,73.0,Right,3,1,,0,0,England,Premier League,Wolves,daniel bentley
425,425,204234,Edgar Badia,M,34,GK,,0,71,69,69,70,70,44,71,45,43,9,12,53,12,16,30,14,45,13,30,32,19,14,58,41,74,18,56,22,20,26,12,15,61,35,55,42,180.0,70.0,Right,3,1,Far Throw|Footwork,2,0,Spain,LALIGA HYPERMOTION,Cultural Leonesa,edgar badia
425,425,212735,Enzo Basilio,M,31,GK,,0,71,69,67,68,74,46,70,44,49,18,13,51,19,9,20,13,23,18,34,25,14,17,30,65,67,28,22,21,17,10,14,12,61,26,58,21,187.0,75.0,Right,3,1,Footwork|Rush Out,2,0,France,Ligue 2 BKT,AS Nancy Lorraine,enzo basilio
425,425,189296,Etrit Berisha,M,37,GK,,0,71,68,70,67,72,28,71,28,28,12,13,50,15,11,22,11,42,12,20,26,13,12,33,30,72,20,59,22,12,20,10,11,57,39,64,24,194.0,92.0,Left,2,1,Cross Claimer,1,0,Albania,Allsvenskan,BK Häcken,etrit berisha
425,425,223603,Fabian Bredlow,M,31,GK,,0,71,71,67,66,74,39,68,41,36,14,5,50,7,5,30,8,38,14,17,20,13,14,50,39,68,23,45,14,11,15,12,10,60,20,62,18,190.0,87.0,Left,4,1,,0,0,Germany,Bundesliga,VfB Stuttgart,fabian bredlow
425,425,229444,Fernando De Paul,M,34,GK,,0,71,72,66,66,74,40,71,37,44,14,15,50,12,13,21,11,64,12,39,25,19,18,33,65,70,35,66,24,12,18,12,14,60,36,65,15,183.0,83.0,Right,3,1,Cross Claimer,1,0,Chile,Libertadores,Colo-Colo,fernando de paul
425,425,222514,Freddie Woodman,M,29,GK,,0,71,72,69,62,71,47,68,45,50,12,16,47,14,16,20,14,45,13,40,38,15,17,47,39,70,23,54,26,20,10,21,20,56,34,46,34,188.0,83.0,Right,2,1,Footwork|Long Ball Pass|Rush Out,3,0,England,Premier League,Liverpool,freddie woodman
425,425,268943,Gemma Font,F,26,GK,,0,71,71,69,68,70,41,70,40,42,8,7,51,18,8,21,9,58,21,48,35,13,8,55,50,68,34,49,9,7,13,11,12,56,20,55,19,165.0,61.0,Right,3,1,,0,0,Spain,Liga F Moeve,FC Barcelona,gemma font
425,425,251136,Horațiu Moldovan,M,28,GK,,0,71,71,69,66,73,43,71,45,40,15,17,50,16,14,17,11,55,13,25,28,15,17,55,49,68,15,42,15,12,18,14,13,59,37,55,31,189.0,72.0,Right,2,1,,0,0,Romania,LALIGA EA SPORTS,R. Oviedo,horatiu moldovan
425,425,265138,Inga Schuldt,F,29,GK,,0,71,70,69,72,72,39,71,38,41,14,20,54,18,14,21,17,66,20,31,29,17,14,35,53,68,16,30,27,17,21,19,16,56,42,52,34,172.0,65.0,Right,1,1,,0,0,Germany,GPFBL,Hamburger SV,inga schuldt
425,425,247022,Jacob Widell Zetterström,M,27,GK,,0,71,75,70,59,74,38,67,36,40,6,17,44,9,8,12,13,40,14,31,30,20,17,35,36,66,23,46,13,13,6,13,11,59,36,60,28,197.0,82.0,Right,3,1,Cross Claimer|Far Throw|Footwork,3,0,Sweden,EFL Championship,Derby County,jacob widell zetterstrom
425,425,231664,James Aguirre,M,33,GK,,0,71,72,68,69,75,37,70,38,35,6,9,52,7,19,31,9,35,8,24,25,30,21,40,47,64,20,43,20,9,23,21,20,46,33,42,31,180.0,70.0,Right,2,1,,0,0,Colombia,Sudamericana,Once Caldas,james aguirre
425,425,164484,Johan Dahlin,M,39,GK,,0,71,67,71,65,65,38,77,41,34,13,10,49,19,13,13,9,45,13,24,32,14,11,38,35,68,24,65,22,12,22,11,10,68,39,77,44,192.0,94.0,Right,3,1,Cross Claimer,1,0,Sweden,Allsvenskan,Malmö FF,johan dahlin
425,425,260978,Johannes Schenk,M,23,GK,,0,71,71,69,67,73,17,70,17,16,8,9,50,7,6,16,11,36,10,24,23,11,12,25,35,70,20,23,15,15,8,10,15,52,21,58,30,191.0,85.0,Right,3,1,,0,0,Germany,Bundesliga 2,Preußen Münster,johannes schenk
425,425,172553,Jonas Lössl,M,37,GK,,0,71,71,73,68,70,35,72,36,33,10,11,51,14,10,11,13,60,12,33,46,13,14,32,30,63,19,61,20,16,20,13,14,62,40,69,17,195.0,89.0,Right,2,1,Cross Claimer|Far Throw|Long Ball Pass,3,0,Denmark,3F Superliga,FC Midtjylland,jonas lossl
425,425,237704,João Virgínia,M,26,GK,,0,71,73,72,66,73,52,67,54,50,10,8,50,9,9,12,14,41,13,32,29,11,9,30,33,60,15,46,10,10,12,10,11,62,16,57,29,192.0,84.0,Left,3,1,,0,0,Portugal,Liga Portugal,Sporting CP,joao virginia
425,425,254714,Juan Espínola,M,31,GK,,0,71,74,71,70,70,40,71,42,36,7,10,53,9,8,25,15,50,23,31,38,29,22,32,62,62,26,40,20,24,21,16,14,66,33,68,35,185.0,89.0,Right,2,1,,0,0,Paraguay,LPF,Newell's,juan espinola
425,425,258311,Kacper Trelowski,M,22,GK,,0,71,73,67,68,71,34,71,35,33,6,6,51,7,8,10,12,46,10,22,29,13,11,33,24,63,16,41,16,13,6,13,11,56,19,56,23,190.0,77.0,Right,2,1,,0,0,Poland,PKO BP Ekstraklasa,Raków,kacper trelowski
425,425,277929,Kauã Santos,M,22,GK,,0,71,76,65,63,77,30,62,32,28,4,4,47,8,5,16,11,33,12,38,34,13,8,31,22,70,20,29,8,10,6,14,13,58,24,64,29,196.0,84.0,Right,1,1,,0,0,Brazil,Bundesliga,Frankfurt,kaua santos
425,425,267204,Laurel Ivory,F,26,GK,,0,71,68,71,70,72,41,72,41,41,8,11,53,12,8,22,13,56,10,28,24,9,10,36,54,68,13,27,9,8,10,11,8,56,32,55,11,173.0,65.0,Right,1,1,Rush Out,1,0,United States,NWSL,KC Current,laurel ivory
425,425,213413,Lawrence Vigouroux,M,32,GK,,0,71,72,69,69,72,47,69,48,45,6,17,52,11,19,22,20,52,17,44,47,17,25,56,44,65,30,55,14,12,15,18,11,63,36,63,24,194.0,77.0,Left,2,1,Footwork,1,0,Chile,EFL Championship,Swansea City,lawrence vigouroux
425,425,191628,Leandro Chichizola,M,36,GK,,0,71,70,69,69,71,51,74,49,54,14,16,52,17,14,25,11,45,14,30,29,15,17,64,44,67,13,57,16,17,15,15,13,59,31,52,15,185.0,80.0,Right,3,1,Cross Claimer|Far Throw,2,0,Argentina,Serie BKT,Modena,leandro chichizola
425,425,240311,Luca Zidane,M,27,GK,,0,71,72,70,66,70,37,71,29,50,5,8,50,5,6,19,12,52,11,40,20,14,12,40,49,65,22,33,14,12,13,11,13,51,38,50,16,183.0,78.0,Right,3,1,Far Throw|Footwork|Long Ball Pass,3,0,France,LALIGA HYPERMOTION,Granada CF,luca zidane
425,425,220624,Lucas Acosta,M,31,GK,,0,71,71,70,69,72,60,70,61,59,17,17,52,13,16,25,12,29,19,25,22,18,14,59,59,69,15,34,28,19,16,21,21,77,40,76,20,187.0,82.0,Right,3,1,,0,0,Argentina,LPF,Sarmiento,lucas acosta
425,425,73717,Mariella El Sherif,F,21,GK,,0,71,69,66,70,74,21,69,21,21,6,5,53,5,5,19,11,31,12,22,16,10,12,33,45,72,18,24,9,10,6,13,12,39,22,34,23,170.0,61.0,Right,3,1,,0,0,Austria,GPFBL,SV Werder Bremen,mariella el sherif
425,425,267521,Marisa Jordan,F,25,GK,,0,71,68,69,69,72,40,71,38,42,8,8,52,9,8,18,9,44,15,28,22,14,11,37,42,69,14,25,13,11,9,16,15,59,20,61,14,188.0,65.0,Right,2,1,,0,0,United States,NWSL,NC Courage,marisa jordan
425,425,210832,Mattijs Branderhorst,M,32,GK,,0,71,72,69,66,72,40,70,40,39,4,15,50,19,18,23,17,40,15,28,29,13,17,37,41,69,27,55,10,12,11,15,13,61,31,65,21,192.0,87.0,Right,3,1,,0,0,Holland,Eredivisie,Fortuna Sittard,mattijs branderhorst
425,425,235931,Muhammed Şengezer,M,29,GK,,0,71,71,68,66,72,35,70,34,36,9,9,50,6,8,19,11,32,12,35,30,12,10,42,32,66,21,39,12,13,10,13,10,56,22,58,19,192.0,80.0,Right,2,1,Cross Claimer,1,0,Turkey,Trendyol Süper Lig,Başakşehir,muhammed sengezer
425,425,237576,Nelson Insfrán,M,30,GK,,0,71,72,67,67,71,32,73,33,30,8,8,50,5,9,19,12,33,14,28,39,12,14,52,52,69,20,46,8,13,20,14,13,65,23,76,21,179.0,83.0,Right,2,1,Cross Claimer,1,0,Argentina,LPF,Gimnasia,nelson insfran
425,425,201299,Nicola Leali,M,33,GK,,0,71,75,71,61,72,33,65,33,32,12,13,46,17,16,17,14,45,17,13,13,18,13,34,32,65,23,60,25,11,20,15,20,59,27,65,30,188.0,78.0,Right,2,1,,0,0,Italy,Serie A Enilive,Genoa,nicola leali
425,425,269301,Nicolas Kristof,M,26,GK,,0,71,71,70,70,72,23,70,26,18,4,8,53,7,8,14,12,50,13,31,30,10,12,30,30,60,14,27,19,11,18,12,12,56,19,64,23,185.0,87.0,Right,5,1,Footwork,1,0,Austria,Bundesliga 2,SV Elversberg,nicolas kristof
425,425,239898,Nicolas Schmid,M,29,GK,,0,71,70,70,69,72,44,70,43,45,5,10,52,15,11,15,14,50,12,45,50,13,14,22,29,67,25,35,9,21,16,21,17,65,22,67,25,195.0,81.0,Right,4,1,Footwork,1,0,Austria,EFL Championship,Portsmouth,nicolas schmid
425,425,256938,Niklas Hedl,M,25,GK,,0,71,73,70,69,73,29,69,28,30,5,5,52,6,7,15,12,51,10,24,45,12,7,36,42,60,17,27,12,13,8,12,13,58,25,64,17,188.0,78.0,Right,2,1,Far Reach|Footwork|Long Ball Pass,3,0,Austria,Ö. Bundesliga,SK Rapid,niklas hedl
425,425,236758,Oliver Christensen,M,27,GK,,0,71,72,69,69,74,44,69,45,43,6,5,52,6,5,10,10,62,11,47,44,16,16,33,34,63,19,45,13,9,14,15,13,62,42,64,32,190.0,82.0,Right,2,1,,0,0,Denmark,Ö. Bundesliga,SK Sturm Graz,oliver christensen
425,425,210772,Patrick Drewes,M,33,GK,,0,71,73,70,67,70,30,71,30,29,13,14,50,12,15,26,15,39,14,25,28,18,12,31,48,68,18,47,21,15,16,15,16,65,41,77,35,194.0,90.0,Right,2,1,Far Throw|Footwork,2,0,Germany,Bundesliga,Borussia Dortmund,patrick drewes
425,425,270054,Patrick Gilmar Sequeira,M,27,GK,,0,71,76,72,69,69,35,67,38,30,5,6,52,5,9,19,23,49,12,30,28,12,5,47,50,65,11,42,17,11,12,13,10,59,25,60,27,190.0,84.0,Right,3,1,,0,0,Costa Rica,Liga Portugal,Casa Pia AC,patrick gilmar sequeira
425,425,266389,Patrick Schulte,M,25,GK,,0,71,69,67,77,72,28,71,28,29,5,5,58,6,6,16,14,45,14,51,48,12,10,29,27,69,40,39,6,13,5,11,10,49,19,63,22,193.0,79.0,Left,3,1,Deflector|Far Throw,2,0,United States,MLS,Columbus Crew,patrick schulte
425,425,216750,Patrik Carlgren,M,34,GK,,0,71,72,65,72,73,42,66,42,42,16,16,54,17,17,21,18,66,18,47,44,22,19,52,52,73,35,58,20,15,22,14,14,62,34,64,29,188.0,84.0,Right,3,1,Far Throw|Footwork,2,0,Sweden,Ligue 1 McDonald's,FC Nantes,patrik carlgren
425,425,223898,Paul Bernardoni,M,28,GK,,0,71,72,69,68,70,29,71,31,27,15,13,51,16,17,19,12,24,18,28,24,15,16,21,34,67,25,55,25,21,16,12,18,68,36,78,29,193.0,92.0,Left,2,1,Cross Claimer|Footwork,2,0,France,Ligue 2 BKT,Amiens SC,paul bernardoni
425,425,199909,Pavao Pervan,M,38,GK,,0,71,71,72,66,72,30,67,32,27,5,9,50,15,8,14,19,34,14,22,30,15,14,36,33,70,15,30,15,15,16,21,19,54,22,54,28,194.0,88.0,Right,4,1,,0,0,Austria,Bundesliga,VfL Wolfsburg,pavao pervan
425,425,269694,Radek Vitek,M,22,GK,,0,71,70,68,65,73,46,69,45,48,7,8,49,8,11,19,12,42,12,35,37,14,10,28,36,69,25,48,13,18,14,12,17,65,30,65,37,198.0,90.0,Right,3,1,Cross Claimer|Footwork,2,0,Czech Republic,EFL Championship,Bristol City,radek vitek
425,425,157970,Ricardo Batista,M,39,GK,,0,71,71,70,68,69,38,71,39,37,17,12,51,15,14,26,17,16,19,36,34,15,16,46,39,68,21,41,22,10,17,9,19,62,24,70,45,193.0,86.0,Left,3,1,,0,0,Angola,Liga Portugal,Casa Pia AC,ricardo batista
425,425,271918,Robin Risser,M,21,GK,,0,71,71,72,64,71,39,67,36,44,9,8,48,7,6,11,12,36,10,34,31,18,13,31,25,67,15,38,15,9,13,13,10,62,36,71,32,193.0,82.0,Right,3,1,,0,0,France,Ligue 1 McDonald's,RC Lens,robin risser
425,425,256156,Rodrigo Morínigo,M,27,GK,,0,71,70,70,64,74,29,68,33,22,11,9,48,8,10,10,8,39,12,25,11,11,15,42,38,67,11,28,11,7,8,11,9,48,30,48,20,189.0,91.0,Right,4,1,Deflector,1,0,Paraguay,Libertadores,Libertad,rodrigo morinigo
425,425,272958,Rome-Jayden Owusu-Oduro,M,21,GK,,0,71,70,67,67,73,40,70,40,39,5,6,50,9,6,17,13,33,11,32,36,10,10,39,31,68,10,35,11,12,5,13,11,60,35,60,16,188.0,82.0,Right,3,1,Cross Claimer|Far Reach,2,0,Holland,Eredivisie,AZ,rome jayden owusu oduro
425,425,241859,Ron-Thorben Hoffmann,M,26,GK,,0,71,68,69,62,73,25,71,23,29,3,8,47,11,9,10,13,51,11,48,52,12,9,31,24,68,14,26,23,12,15,9,13,50,15,52,19,192.0,86.0,Right,3,1,Far Throw,1,0,Germany,Bundesliga 2,Braunschweig,ron thorben hoffmann
425,425,261857,Rute Costa,F,31,GK,,0,71,68,70,77,73,43,70,47,38,11,11,58,9,9,11,12,45,14,28,35,11,12,50,61,68,17,53,20,15,17,13,12,59,41,54,29,170.0,62.0,Right,3,1,Deflector|Rush Out,2,0,Portugal,Liga Portugal Feminino,SL Benfica,rute costa
425,425,266803,Răzvan Sava,M,23,GK,,0,71,71,70,65,74,25,71,23,29,4,8,49,5,9,10,11,30,12,24,17,11,5,32,22,65,12,36,9,12,6,15,16,53,28,58,25,197.0,83.0,Right,2,1,Cross Claimer,1,0,Romania,Serie A Enilive,Udinese,razvan sava
425,425,267236,Samantha Murphy,F,28,GK,,0,71,72,68,66,73,14,68,14,14,14,19,50,13,14,19,13,68,29,32,27,16,16,13,29,70,23,38,15,18,26,19,15,54,24,61,30,180.0,77.0,Right,3,1,,0,0,United States,Sverige Liga,FC Rosengård,samantha murphy
425,425,193272,Samuel Şahin-Radlinger,M,33,GK,,0,71,70,72,65,72,51,70,52,50,13,15,49,12,8,16,12,45,16,24,25,19,10,36,42,68,23,51,12,12,13,13,20,62,28,59,16,198.0,86.0,Right,2,1,Far Throw|Footwork|Rush Out,3,0,Austria,Ö. Bundesliga,FK Austria Wien,samuel sahin radlinger
425,425,276839,Sebastiano Desplanches,M,23,GK,,0,71,72,67,68,74,26,70,21,34,8,7,51,6,8,22,12,45,15,39,28,15,13,60,40,65,24,48,20,15,17,21,22,57,22,68,30,189.0,80.0,Right,3,1,Cross Claimer,1,0,Italy,Serie BKT,Pescara,sebastiano desplanches
425,425,227154,Sebastián Britos,M,38,GK,,0,71,71,70,63,70,24,77,22,27,20,19,47,18,20,26,16,18,14,29,24,16,17,32,33,58,18,27,19,15,20,11,16,57,27,66,20,190.0,93.0,Right,2,1,,0,0,Uruguay,Libertadores,Universitario,sebastian britos
425,425,215132,Sebastián Moyano,M,35,GK,,0,71,73,65,61,74,51,73,53,47,14,20,46,17,16,22,18,33,19,34,37,27,23,57,52,67,30,44,27,12,26,13,23,66,38,66,38,188.0,78.0,Right,2,1,Footwork,1,0,Argentina,LPF,Aldosivi,sebastian moyano
425,425,253271,Thiago Cardozo,M,29,GK,,0,71,70,66,67,73,42,70,41,43,16,14,50,14,16,25,12,27,20,32,30,19,23,42,40,70,30,39,22,23,15,24,25,64,36,61,35,182.0,83.0,Right,2,1,,0,0,Uruguay,LPF,Belgrano,thiago cardozo
425,425,204842,Yanick Brecher,M,32,GK,,0,71,70,70,67,72,40,72,38,42,18,13,50,18,18,24,19,65,17,37,52,18,16,37,44,68,24,56,21,13,24,20,20,62,24,67,26,196.0,88.0,Right,3,1,Far Throw|Footwork,2,0,Switzerland,Brack Super League,FC Zürich,yanick brecher
489,489,204966,Adrián Ortolá,M,32,GK,,0,70,71,69,73,71,50,67,49,52,12,12,55,15,10,25,17,57,15,45,48,23,18,54,62,59,28,56,19,16,20,13,16,59,39,54,38,187.0,74.0,Left,4,1,,0,0,Spain,Ligue 2 BKT,En Avant Guingamp,adrian ortola
489,489,224977,Alessandro Micai,M,32,GK,,0,70,68,69,66,72,47,67,48,46,12,17,50,15,19,24,20,35,19,26,27,17,17,36,57,68,19,55,18,13,17,18,17,60,18,57,16,186.0,77.0,Right,3,1,,0,0,Italy,SUPERLIGA,CFR 1907 Cluj,alessandro micai
489,489,189324,Alex McCarthy,M,36,GK,,0,70,71,70,62,72,45,68,45,46,11,17,47,14,12,41,11,50,18,33,35,15,17,34,41,65,17,56,22,16,13,13,12,63,34,63,35,193.0,79.0,Right,2,1,,0,0,England,EFL Championship,Southampton,alex mccarthy
489,489,220720,Andrea Fulignati,M,31,GK,,0,70,69,67,71,70,48,72,51,44,12,20,53,18,18,22,19,40,14,40,30,14,17,52,54,68,28,49,20,11,15,20,19,63,17,60,30,190.0,88.0,Right,3,1,Long Ball Pass|Rush Out,2,0,Italy,Serie BKT,Empoli,andrea fulignati
489,489,172723,Asmir Begović,M,38,GK,,0,70,70,70,65,67,26,73,25,28,11,19,49,12,12,40,14,30,15,26,32,17,16,30,35,65,24,55,18,12,18,11,12,62,29,76,42,199.0,101.0,Right,2,1,Rush Out,1,0,Bosnia and Herzegovina,EFL Championship,Leicester City,asmir begovic
489,489,202886,Benjamin Siegrist,M,34,GK,,0,70,69,68,59,68,34,72,34,33,13,11,44,12,12,32,11,49,12,17,22,16,12,32,30,69,20,39,27,12,20,12,12,60,34,69,38,196.0,85.0,Right,3,1,,0,0,Switzerland,Serie A Enilive,Genoa,benjamin siegrist
489,489,240856,Bilal Bayazıt,M,26,GK,,0,70,69,65,62,73,24,70,23,25,4,9,47,12,8,15,9,48,7,16,15,13,11,33,32,66,13,29,6,11,10,11,10,41,20,40,19,185.0,76.0,Right,2,1,Far Reach|Long Ball Pass,2,0,Turkey,Trendyol Süper Lig,Kayserispor,bilal bayaz t
489,489,224442,Bingourou Kamara,M,29,GK,,0,70,71,70,66,70,39,70,37,41,11,12,50,19,15,22,12,26,16,15,15,13,19,28,42,65,21,51,20,20,8,15,14,69,32,77,17,196.0,92.0,Right,3,1,Footwork,1,0,Senegal,Ligue 1 McDonald's,FC Lorient,bingourou kamara
489,489,78813,Blandine Joly,F,26,GK,,0,70,70,68,75,70,23,69,21,25,6,8,56,9,15,14,25,25,10,46,45,26,20,31,40,68,40,38,15,15,6,19,12,41,33,38,25,172.0,58.0,Right,3,1,,0,0,France,Arkema PL,RC Lens,blandine joly
489,489,231073,Boris Radunović,M,29,GK,,0,70,73,65,68,75,40,68,38,42,13,19,51,15,13,22,15,40,15,32,34,15,17,46,41,63,26,54,22,15,20,15,16,65,32,72,29,194.0,84.0,Right,3,1,,0,0,Serbia,Serie A Enilive,Cagliari,boris radunovic
489,489,196316,Brice Maubleu,M,36,GK,,0,70,69,67,66,71,40,70,40,39,12,13,50,17,15,26,12,47,12,36,35,16,19,31,33,67,14,44,18,13,13,9,9,60,25,62,23,192.0,83.0,Right,3,1,Far Throw|Footwork,2,0,France,Ligue 2 BKT,AS Saint-Étienne,brice maubleu
489,489,219637,Cantero,M,31,GK,,0,70,69,69,68,71,60,70,61,58,16,12,51,14,13,25,19,33,12,35,38,25,22,69,58,61,21,43,22,18,12,12,19,75,42,75,24,189.0,82.0,Left,3,1,Cross Claimer|Far Throw|Footwork|Long Ball Pass,4,0,Spain,LALIGA HYPERMOTION,Burgos CF,cantero
489,489,234779,Caro,M,31,GK,,0,70,69,65,66,70,38,72,38,39,12,14,50,19,13,32,14,46,10,29,40,20,17,45,30,71,21,52,22,22,13,21,14,69,41,76,22,184.0,83.0,Right,3,1,Cross Claimer|Far Throw|Footwork,3,0,Spain,LALIGA HYPERMOTION,UD Las Palmas,caro
489,489,270558,Chloé N'Gazi,F,29,GK,,0,70,71,69,66,74,42,64,41,44,9,8,50,8,10,17,12,42,14,28,24,18,17,35,42,66,15,42,14,14,11,15,13,49,29,43,32,180.0,62.0,Right,2,1,Far Reach,1,0,Algeria,Arkema PL,Marseille,chloe n gazi
489,489,235266,Christian Früchtl,M,26,GK,,0,70,73,68,67,71,24,66,25,23,6,11,50,8,9,13,10,44,14,29,45,15,13,26,23,62,17,22,11,11,16,10,13,56,19,63,26,193.0,88.0,Left,2,1,Cross Claimer|Far Throw,2,0,Germany,Serie A Enilive,Lecce,christian fruchtl
489,489,265950,Cosette Morché,F,28,GK,,0,70,72,68,68,70,47,71,47,48,9,12,51,9,9,17,13,31,13,26,21,14,14,34,30,64,17,34,15,14,13,14,12,67,34,71,27,188.0,80.0,Right,2,1,,0,0,United States,NWSL,Orlando Pride,cosette morche
489,489,189357,Cristopher Toselli,M,37,GK,,0,70,68,69,69,69,51,70,56,43,20,20,52,20,20,20,20,54,19,41,32,18,16,45,40,69,33,58,30,17,20,19,14,70,44,70,45,183.0,75.0,Right,3,1,Footwork,1,0,Chile,Libertadores,U. de Chile,cristopher toselli
489,489,262417,Daniel Figueira,M,27,GK,,0,70,68,67,68,71,27,70,26,29,9,8,51,8,8,15,12,45,14,24,22,12,14,36,32,70,18,36,15,14,13,15,11,59,24,70,22,189.0,84.0,Right,3,1,,0,0,Portugal,Liga Portugal,Gil Vicente,daniel figueira
489,489,228410,Daniel Iversen,M,28,GK,,0,70,70,69,66,70,45,68,43,47,14,14,50,15,20,21,17,57,11,42,48,16,11,42,54,68,16,47,20,16,14,18,13,67,44,72,19,193.0,80.0,Right,2,1,Footwork,1,0,Denmark,EFL Championship,Preston,daniel iversen
489,489,207998,Danny Ward,M,32,GK,,0,70,71,69,68,69,46,68,46,47,7,11,51,16,13,20,13,41,14,30,42,15,19,41,53,67,23,56,20,13,8,20,18,60,25,57,32,191.0,88.0,Right,3,1,,0,0,Wales,EFL Championship,Wrexham,danny ward
489,489,225868,David Gil,M,32,GK,,0,70,70,69,68,70,47,69,48,46,12,13,51,12,16,21,30,33,19,30,20,31,28,32,55,63,29,40,25,20,15,15,16,66,41,66,25,186.0,81.0,Left,2,1,Footwork,1,0,Spain,LALIGA HYPERMOTION,Cádiz CF,david gil
489,489,219244,David von Ballmoos,M,31,GK,,0,70,71,71,72,69,50,70,52,47,19,16,54,15,20,28,16,42,13,35,27,19,22,51,53,62,24,27,26,13,25,20,18,70,37,74,25,192.0,90.0,Right,3,1,Far Throw,1,0,Switzerland,Brack Super League,FC Lugano,david von ballmoos
489,489,205759,Dejan Stojanović,M,32,GK,,0,70,71,65,64,73,37,70,34,42,10,12,48,14,19,21,16,27,15,30,18,17,17,34,35,64,20,56,18,17,12,19,11,59,34,60,24,196.0,89.0,Left,2,1,Deflector|Footwork,2,0,North Macedonia,Ö. Bundesliga,SCR Altach,dejan stojanovic
489,489,237127,Demba Thiam,M,28,GK,,0,70,71,66,67,76,62,66,64,58,9,6,50,6,5,9,8,40,9,17,22,13,16,60,40,65,18,36,6,13,25,15,13,69,40,62,16,202.0,87.0,Right,1,1,Cross Claimer,1,0,Senegal,Serie BKT,Monza,demba thiam
489,489,225280,Dimitar Mitov,M,29,GK,,0,70,70,68,63,72,61,71,61,60,20,14,47,18,12,33,14,44,19,33,44,22,15,58,55,63,23,42,23,17,16,13,16,71,35,68,45,188.0,76.0,Right,3,1,Cross Claimer|Footwork|Long Ball Pass,3,0,Bulgaria,Scottish Prem,Aberdeen,dimitar mitov
489,489,245822,Doğan Alemdar,M,23,GK,,0,70,70,69,69,69,38,71,38,39,8,7,52,5,8,10,14,45,10,16,24,10,13,35,42,66,16,59,6,12,8,11,14,60,33,65,19,189.0,73.0,Right,2,1,Cross Claimer,1,0,Turkey,Ligue 1 McDonald's,Stade Rennais FC,dogan alemdar
489,489,247611,Egil Selvik,M,28,GK,,0,70,70,69,66,70,19,69,20,18,6,5,50,6,8,19,10,53,13,42,38,13,7,35,34,64,17,45,7,11,6,11,13,48,22,52,26,187.0,75.0,Left,2,1,Deflector|Footwork,2,0,Norway,EFL Championship,Watford,egil selvik
489,489,246704,Elías Rafn Ólafsson,M,26,GK,,0,70,71,70,57,73,33,71,33,33,14,9,43,5,7,17,14,49,10,39,37,13,14,39,32,56,17,44,15,31,16,14,13,69,44,75,44,201.0,85.0,Right,3,1,Cross Claimer,1,0,Iceland,3F Superliga,FC Midtjylland,elias rafn olafsson
489,489,250916,Etienne Vaessen,M,30,GK,,0,70,70,68,65,74,63,70,62,64,7,11,49,8,10,16,13,37,16,27,28,14,7,47,38,62,26,30,11,11,10,12,8,64,30,55,28,189.0,84.0,Right,2,1,Cross Claimer|Far Throw|Footwork,3,0,Suriname,Eredivisie,FC Groningen,etienne vaessen
489,489,262865,Facundo Sanguinetti,M,25,GK,,0,70,70,64,66,73,29,68,29,28,7,5,50,8,7,15,11,40,13,26,17,14,11,31,47,68,13,21,13,15,5,15,12,55,21,58,22,185.0,71.0,Right,3,1,Footwork,1,0,Argentina,LPF,Banfield,facundo sanguinetti
489,489,226675,Federico Lanzillotta,M,33,GK,,0,70,70,67,64,71,45,69,49,40,15,16,48,17,19,28,18,27,12,28,29,20,20,50,38,72,23,40,11,17,18,15,15,65,45,65,16,185.0,80.0,Right,3,1,,0,0,Argentina,Libertadores,Bolívar,federico lanzillotta
489,489,240657,Federico Ravaglia,M,26,GK,,0,70,72,67,67,75,37,69,35,39,10,11,50,9,9,19,11,30,13,43,32,14,9,41,34,60,19,23,10,13,14,13,10,50,43,48,18,196.0,88.0,Right,3,1,,0,0,Italy,Serie A Enilive,Bologna,federico ravaglia
489,489,232410,Florian Escales,M,30,GK,,0,70,74,71,66,68,28,70,25,33,7,5,50,9,7,14,11,39,10,38,42,12,8,24,46,57,17,47,14,11,10,10,10,57,42,69,19,184.0,78.0,Left,2,1,Far Throw|Footwork,2,0,France,Ligue 2 BKT,FC Annecy,florian escales
489,489,253211,Gonzalo Crettaz,M,26,GK,,0,70,70,71,72,71,42,70,43,40,8,7,54,6,8,16,11,49,14,33,32,16,8,45,46,57,11,30,20,12,10,11,15,62,38,64,23,184.0,78.0,Right,3,1,Footwork,1,0,Argentina,Eredivisie,N.E.C. Nijmegen,gonzalo crettaz
489,489,259904,Gonzalo Valle,M,30,GK,,0,70,67,70,65,72,26,69,20,36,6,7,49,8,7,20,11,40,12,27,25,10,9,25,40,67,11,39,8,11,8,11,9,55,22,66,27,185.0,85.0,Right,2,1,Deflector|Far Reach,2,0,Ecuador,Libertadores,LDU Quito,gonzalo valle
489,489,237046,Guido Villar,M,28,GK,,0,70,67,70,66,69,18,72,19,17,7,8,50,9,8,15,12,55,14,20,18,12,13,60,46,67,15,24,10,13,11,12,13,41,21,40,20,193.0,79.0,Right,2,1,,0,0,Argentina,Libertadores,IDV,guido villar
489,489,271786,Hannah Etzold,F,20,GK,,0,70,67,66,68,72,45,71,41,52,7,8,51,12,8,55,13,67,10,40,35,12,14,46,41,66,16,28,15,14,19,14,12,61,16,63,28,173.0,63.0,Right,2,1,,0,0,Germany,GPFBL,Carl Zeiss Jena,hannah etzold
489,489,255605,Harlen Castillo,M,32,GK,,0,70,68,67,75,71,36,69,40,29,9,10,56,7,9,25,14,39,13,35,42,12,12,35,44,69,18,30,13,12,15,17,15,61,35,65,25,188.0,69.0,Right,2,1,Cross Claimer,1,0,Colombia,Libertadores,Atl. Nacional,harlen castillo
489,489,267884,Hillary Beall,F,27,GK,,0,70,68,70,69,71,43,69,43,44,8,11,52,9,9,20,8,50,15,25,19,12,8,36,52,69,12,28,9,8,7,13,9,59,39,60,14,180.0,67.0,Right,2,1,,0,0,United States,NWSL,San Diego Wave,hillary beall
489,489,261144,Ivan Nevistić,M,27,GK,,0,70,70,66,69,75,40,68,41,38,6,9,52,8,9,14,12,47,10,44,56,11,13,53,22,66,21,43,15,11,17,16,17,67,22,77,23,193.0,88.0,Right,2,1,Footwork,1,0,Croatia,Liga Hrvatska,Dinamo Zagreb,ivan nevistic
489,489,236046,Ivan Zlobin,M,29,GK,,0,70,69,68,64,70,29,69,30,28,5,9,48,9,5,15,11,42,11,26,18,14,11,55,35,70,20,37,10,14,11,13,13,56,25,59,28,191.0,84.0,Right,2,1,Footwork,1,0,Russia,Liga Portugal,FC Famalicão,ivan zlobin
489,489,239772,Jakub Stolarczyk,M,25,GK,,0,70,72,69,69,73,36,70,31,43,8,5,52,6,9,10,14,32,13,26,31,10,10,29,42,57,12,35,9,13,12,13,13,63,40,73,18,194.0,89.0,Right,2,1,,0,0,Poland,EFL Championship,Leicester City,jakub stolarczyk
489,489,273621,James Beadle,M,21,GK,,0,70,70,69,68,71,46,70,47,45,6,6,51,8,10,13,12,50,11,55,50,15,10,55,45,60,25,50,11,15,6,15,12,65,40,67,25,201.0,85.0,Right,3,1,Cross Claimer|Footwork,2,0,England,EFL Championship,Birmingham City,james beadle
489,489,217096,Joe Lumley,M,31,GK,,0,70,71,66,74,72,44,68,43,46,14,12,56,16,15,17,18,53,13,30,36,15,19,30,51,64,23,31,25,19,20,19,20,64,35,65,33,191.0,73.0,Right,3,1,Cross Claimer,1,0,England,EFL Championship,Bristol City,joe lumley
489,489,250842,Joel Graterol,M,28,GK,,0,70,69,68,66,70,24,72,30,16,5,9,50,6,8,16,12,64,14,15,26,11,13,34,48,66,18,39,13,14,11,12,14,49,27,46,20,180.0,82.0,Right,3,1,,0,0,Venezuela,Sudamericana,América de Cali,joel graterol
489,489,158784,Jorge Carranza,M,44,GK,,0,70,66,68,67,70,25,72,25,24,9,12,50,12,15,40,15,50,25,16,16,13,25,25,27,70,22,34,16,12,10,13,17,64,36,80,32,186.0,86.0,Right,3,1,Far Throw,1,0,Argentina,LPF,Aldosivi,jorge carranza
489,489,227560,Jorge Soto,M,32,GK,,0,70,71,69,66,72,46,69,49,42,11,15,50,14,16,22,14,27,12,30,23,12,11,33,37,57,23,23,18,20,18,12,16,65,42,61,17,188.0,82.0,Right,2,1,,0,0,Colombia,Sudamericana,América de Cali,jorge soto
489,489,225282,José Devecchi,M,30,GK,,0,70,70,66,58,72,47,70,47,48,15,19,44,14,17,21,16,44,18,25,25,14,15,36,54,70,15,43,21,17,20,21,14,65,27,66,26,188.0,81.0,Right,2,1,,0,0,Argentina,LPF,Sarmiento,jose devecchi
489,489,189021,Joël Mall,M,34,GK,,0,70,71,66,63,71,44,69,43,46,12,9,47,9,9,13,8,46,10,22,12,10,9,41,41,67,12,33,24,8,11,10,9,67,33,77,36,197.0,91.0,Right,3,1,Deflector|Footwork,2,0,Cyprus,Brack Super League,Servette FC,joel mall
489,489,246610,Juan Pablo Cozzani,M,27,GK,,0,70,69,69,67,71,49,70,51,47,13,10,50,7,9,15,9,41,11,25,23,11,16,49,55,64,22,41,12,17,14,13,19,59,38,51,22,184.0,77.0,Right,2,1,Footwork,1,0,Argentina,ROSHN Saudi League,Al Kholood,juan pablo cozzani
489,489,264966,Julia Kassen,F,23,GK,,0,70,70,68,72,69,40,71,32,51,6,6,54,12,6,30,9,33,16,34,30,9,9,53,45,67,18,29,8,6,10,12,10,57,19,66,18,179.0,64.0,Right,3,1,,0,0,Germany,GPFBL,Carl Zeiss Jena,julia kassen
489,489,206307,Jérémy Frick,M,33,GK,,0,70,71,68,68,70,44,69,42,48,9,4,51,9,8,15,20,31,8,33,49,12,13,42,43,65,27,36,19,13,24,19,14,69,28,80,26,192.0,90.0,Left,2,1,Cross Claimer|Far Throw,2,0,Switzerland,Brack Super League,Servette FC,jeremy frick
489,489,247072,Khalid Eissa,M,36,GK,,0,70,71,67,59,75,49,68,51,46,8,9,44,8,9,19,14,50,11,22,21,10,12,56,53,67,21,49,13,13,12,11,11,55,27,46,18,179.0,72.0,Right,3,1,Footwork,1,0,United Arab Emirates,United Emirates League,Al Ain FC,khalid eissa
489,489,224322,Kjetil Haug,M,27,GK,,0,70,70,68,68,72,45,69,43,49,12,13,51,14,20,22,18,40,19,38,37,21,17,47,41,64,24,31,17,22,23,14,20,62,27,59,26,191.0,83.0,Right,2,1,Cross Claimer,1,0,Norway,Ligue 1 McDonald's,Toulouse FC,kjetil haug
489,489,253012,Lautaro Morales,M,26,GK,,0,70,70,67,66,71,52,71,51,53,14,17,50,15,19,25,19,56,16,36,31,26,19,47,56,63,28,54,28,21,24,23,23,68,44,65,37,187.0,76.0,Right,3,1,,0,0,Argentina,LPF,Lanús,lautaro morales
489,489,240834,Lazar Carević,M,27,GK,,0,70,69,67,71,72,25,69,22,30,7,5,53,9,6,17,10,37,12,25,19,10,10,21,29,65,18,39,10,11,15,14,13,52,26,57,19,195.0,88.0,Right,3,1,,0,0,Montenegro,Liga Portugal,FC Famalicão,lazar carevic
489,489,71641,Leo Kokubo,M,25,GK,,0,70,72,63,63,73,41,69,45,35,8,11,47,9,10,20,21,49,10,35,34,17,20,50,41,66,22,35,11,11,11,14,12,53,22,47,22,193.0,86.0,Right,3,1,Footwork,1,0,Japan,1A Pro League,STVV,leo kokubo
489,489,224702,Liu Dianzuo,M,35,GK,,0,70,68,68,70,70,50,71,51,49,18,15,53,17,15,24,15,63,20,38,43,18,21,47,53,65,20,56,30,13,29,20,21,65,38,65,38,190.0,83.0,Right,3,1,,0,0,China PR,CSL,Chengdu FC,liu dianzuo
489,489,203775,Loris Karius,M,32,GK,,0,70,72,65,70,72,55,70,55,54,8,18,53,16,14,19,14,50,14,38,41,12,16,51,43,67,23,60,13,14,9,11,13,72,36,75,21,189.0,90.0,Right,3,1,,0,0,Germany,Bundesliga 2,FC Schalke 04,loris karius
489,489,232123,Luka Gugeshashvili,M,26,GK,,0,70,75,68,70,70,32,67,30,34,10,10,53,10,11,17,14,50,12,18,16,12,11,32,25,60,19,46,17,12,13,12,13,59,24,69,21,196.0,91.0,Left,1,1,,0,0,Georgia,Hellas Liga,PAOK FC,luka gugeshashvili
489,489,272534,Lysianne Proulx,F,26,GK,,0,70,72,67,71,68,34,70,35,32,14,9,53,8,7,23,17,58,23,29,28,16,12,42,43,70,21,49,17,18,19,13,15,65,31,72,37,170.0,64.0,Right,4,1,Cross Claimer,1,0,Canada,Calcio A Femminile,Juventus,lysianne proulx
489,489,259362,Magunagoitia,M,25,GK,,0,70,69,68,67,72,27,68,26,28,4,6,50,5,6,16,14,52,11,22,16,13,7,39,48,67,14,32,6,12,8,13,13,50,25,53,28,183.0,79.0,Right,3,1,Footwork,1,0,Spain,LALIGA HYPERMOTION,SD Eibar,magunagoitia
489,489,225858,Marcos Ledesma,M,29,GK,,0,70,71,66,62,71,51,69,54,46,20,12,47,13,18,31,20,45,14,29,25,21,12,38,40,67,19,50,22,20,20,18,14,69,30,69,32,191.0,84.0,Right,3,1,,0,0,Argentina,LPF,Barracas Central,marcos ledesma
489,489,204246,Marcus Bettinelli,M,33,GK,,0,70,70,70,69,71,30,71,30,30,12,12,52,12,12,17,13,37,13,35,42,13,18,35,30,62,35,52,15,13,18,18,17,57,25,60,30,194.0,82.0,Right,3,1,,0,0,England,Premier League,Manchester City,marcus bettinelli
489,489,269795,Martin Delavallée,M,22,GK,,0,70,70,69,66,68,46,68,47,44,7,6,50,8,8,17,13,39,10,35,42,18,20,51,44,69,15,40,19,16,16,12,15,58,20,52,30,180.0,77.0,Right,2,1,Far Throw,1,0,Belgium,1A Pro League,Sp. Charleroi,martin delavallee
489,489,257480,Matheo Raab,M,27,GK,,0,70,70,69,67,70,25,70,30,18,8,5,50,8,8,17,11,36,13,32,23,14,12,24,34,60,24,39,10,10,8,12,11,47,30,45,27,186.0,82.0,Right,3,1,,0,0,Germany,Bundesliga,Union Berlin,matheo raab
489,489,208573,Mathias Dyngeland,M,30,GK,,0,70,70,67,68,69,43,70,44,42,16,13,51,13,15,25,18,57,16,52,50,16,18,40,48,65,30,58,18,14,18,17,16,60,35,59,24,187.0,81.0,Right,3,1,Far Reach,1,0,Norway,Eliteserien,SK Brann,mathias dyngeland
489,489,220807,Max O'Leary,M,29,GK,,0,70,70,68,68,72,43,69,39,48,12,10,51,14,14,29,16,49,12,40,38,11,13,30,48,65,21,44,20,11,10,17,16,54,43,54,26,185.0,78.0,Right,3,1,Far Throw|Footwork|Long Ball Pass,3,0,Republic of Ireland,EFL Championship,Bristol City,max o leary
489,489,220820,Mory Diaw,M,32,GK,,0,70,70,70,71,72,43,70,44,42,13,19,53,17,16,29,17,42,19,31,25,18,19,33,36,59,24,33,18,22,22,19,18,69,29,72,29,197.0,98.0,Right,2,1,Far Throw|Footwork,2,0,Senegal,Ligue 1 McDonald's,Havre AC,mory diaw
489,489,238060,Nathan Trott,M,27,GK,,0,70,72,68,68,73,39,68,39,40,14,14,51,13,12,17,20,46,14,39,36,17,22,42,38,59,29,46,18,15,20,14,13,52,36,48,25,188.0,78.0,Left,2,1,Cross Claimer|Footwork,2,0,England,EFL League One,Cardiff City,nathan trott
489,489,200209,Nicolai Larsen,M,35,GK,,0,70,67,69,71,72,45,71,44,46,18,11,53,13,12,19,12,66,12,56,54,16,28,43,39,60,42,64,23,18,22,11,10,64,32,64,20,187.0,83.0,Right,2,1,Footwork|Rush Out,2,0,Denmark,3F Superliga,Silkeborg IF,nicolai larsen
489,489,255900,Noel Törnqvist,M,24,GK,,0,70,69,70,67,68,46,69,49,42,14,12,50,14,11,15,11,58,12,26,28,15,10,42,26,66,16,32,11,13,12,11,10,63,34,62,33,195.0,82.0,Left,2,1,Deflector|Footwork,2,0,Sweden,Allsvenskan,Mjällby AIF,noel tornqvist
489,489,255976,Oliver Dovin,M,23,GK,,0,70,70,68,68,71,47,68,47,48,7,6,51,6,9,11,10,56,10,49,50,14,24,50,55,66,32,57,13,11,8,10,14,56,32,50,21,187.0,77.0,Right,2,1,,0,0,Sweden,EFL Championship,Coventry City,oliver dovin
489,489,263976,Orlando Mosquera,M,31,GK,,0,70,73,68,69,71,32,65,32,32,8,5,52,5,8,10,10,37,10,27,16,11,6,37,26,64,11,42,14,14,5,11,10,60,21,68,25,191.0,91.0,Right,3,1,Footwork,1,0,Panama,ROSHN Saudi League,Al Fayha,orlando mosquera
489,489,204424,Paul Izzo,M,31,GK,,0,70,71,69,66,72,55,69,55,56,14,14,50,16,10,12,11,47,15,35,31,14,22,53,59,60,23,58,24,15,15,19,20,68,33,67,28,185.0,81.0,Right,3,1,Cross Claimer|Far Reach,2,0,Australia,3F Superliga,Randers FC,paul izzo
489,489,228562,Raphael Sallinger,M,30,GK,,0,70,68,70,72,73,44,68,46,40,18,12,54,17,11,23,17,41,17,31,45,13,19,39,57,65,20,31,19,20,19,11,22,72,44,79,20,196.0,85.0,Right,3,1,Cross Claimer|Footwork|Long Ball Pass,3,0,Austria,Scottish Prem,Hibernian,raphael sallinger
489,489,193241,Roberto Fernández,M,38,GK,,0,70,71,66,64,71,44,69,44,44,13,20,48,12,20,24,11,45,11,35,32,12,11,58,29,73,30,48,17,11,23,11,11,62,34,64,31,191.0,80.0,Right,2,1,Cross Claimer|Footwork,2,0,Paraguay,Libertadores,Cerro Porteño,roberto fernandez
489,489,222639,Roberto Ramírez,M,29,GK,,0,70,72,67,66,73,48,69,49,47,18,16,50,12,12,20,16,43,26,30,32,27,15,45,44,62,25,37,24,26,23,17,25,65,31,57,34,187.0,73.0,Right,2,1,,0,0,Argentina,LPF,Godoy Cruz,roberto ramirez
489,489,227819,Samuel Portugal,M,32,GK,,0,70,71,67,73,72,40,69,40,39,14,14,55,18,19,25,19,63,14,30,31,19,15,34,51,65,26,52,12,13,11,15,14,62,33,68,26,188.0,80.0,Left,3,1,Footwork,1,0,Brazil,ROSHN Saudi League,Al Okhdood,samuel portugal
489,489,270060,Samuel Soares,M,23,GK,,0,70,69,67,83,72,59,68,60,57,8,9,62,23,8,15,12,60,13,55,60,13,14,57,27,67,20,24,22,14,14,13,14,73,33,75,31,190.0,94.0,Right,2,1,Far Throw,1,0,Portugal,Liga Portugal,SL Benfica,samuel soares
489,489,239358,Seny Dieng,M,31,GK,,0,70,70,67,69,74,40,66,39,41,6,9,52,5,8,10,8,53,8,45,45,31,10,34,33,70,20,49,11,20,8,9,14,62,26,63,24,193.0,90.0,Right,3,1,Footwork|Rush Out,2,0,Senegal,EFL Championship,Middlesbrough,seny dieng
489,489,278145,Shahruddin Magomedaliyev,M,31,GK,,0,70,70,69,65,73,46,68,54,33,8,5,49,8,5,14,14,29,10,21,22,11,11,59,48,67,17,33,7,10,9,12,14,65,24,64,39,185.0,82.0,Right,2,1,Cross Claimer,1,0,Azerbaijan,Liga Azerbaijan,Qarabağ FK,shahruddin magomedaliyev
489,489,162220,Sinan Bolat,M,37,GK,,0,70,67,73,71,68,44,70,48,38,17,12,53,11,13,28,15,55,11,44,52,19,17,52,43,67,19,65,11,29,13,14,13,72,26,72,35,186.0,83.0,Right,4,1,Cross Claimer|Far Throw|Footwork,3,0,Turkey,1A Pro League,KVC Westerlo,sinan bolat
489,489,236330,Valentin Cojocaru,M,30,GK,,0,70,71,67,67,69,34,68,35,32,14,17,50,16,18,13,12,53,14,25,28,12,15,43,25,69,16,37,12,13,25,12,11,59,28,63,23,195.0,84.0,Right,2,1,Deflector|Far Throw|Long Ball Pass,3,0,Romania,PKO BP Ekstraklasa,Pogoń Szczecin,valentin cojocaru
489,489,263032,Vladan Kovacević,M,27,GK,,0,70,73,70,69,69,37,71,33,42,4,5,52,8,7,11,13,55,11,45,45,10,5,38,37,54,10,54,8,12,8,13,12,56,18,59,24,192.0,83.0,Right,2,1,,0,0,Bosnia and Herzegovina,EFL Championship,Norwich,vladan kovacevic
489,489,188524,Volkan Babacan,M,37,GK,,0,70,70,68,67,67,50,76,49,51,17,15,50,12,14,12,12,53,12,34,29,16,14,49,50,60,19,62,27,16,22,22,15,64,31,61,29,192.0,86.0,Right,2,1,Deflector,1,0,Turkey,Trendyol Süper Lig,Başakşehir,volkan babacan
489,489,253428,Vítězslav Jaroš,M,24,GK,,0,70,72,70,70,70,39,68,39,38,14,11,53,13,14,17,12,60,19,45,49,20,15,50,41,65,29,58,12,11,17,12,13,57,40,58,23,190.0,88.0,Right,3,1,,0,0,Czech Republic,Eredivisie,Ajax,vitezslav jaros
489,489,255754,Warleson,M,29,GK,,0,70,70,67,72,73,27,67,29,25,6,6,54,7,10,12,12,32,14,24,29,11,11,31,23,67,15,30,8,15,8,13,14,65,28,78,28,190.0,87.0,Right,3,1,Far Throw|Rush Out,2,0,Brazil,1A Pro League,Cercle Brugge,warleson
489,489,204269,Zander Clark,M,33,GK,,0,70,70,66,69,73,30,70,30,31,13,14,52,12,10,24,10,63,12,28,18,11,11,63,51,64,23,57,19,24,15,14,12,62,24,66,37,193.0,80.0,Right,2,1,Deflector,1,0,Scotland,Scottish Prem,Hearts,zander clark
578,578,215123,Alan Aguerre,M,35,GK,,0,69,71,66,62,72,47,70,49,43,11,20,47,14,16,22,14,55,18,27,23,18,17,45,57,60,19,50,19,17,15,19,12,64,34,62,23,181.0,76.0,Right,2,1,,0,0,Argentina,LPF,Central Córdoba,alan aguerre
578,578,201976,Alfred Gomis,M,32,GK,,0,69,69,67,68,69,42,68,43,41,16,16,51,15,11,23,15,50,12,34,41,12,15,60,54,70,24,57,21,11,18,14,10,61,33,65,16,196.0,80.0,Right,3,1,Rush Out,1,0,Senegal,Serie BKT,Palermo,alfred gomis
578,578,207926,Andreas Linde,M,32,GK,,0,69,71,62,64,74,48,70,48,49,15,13,48,19,12,23,16,57,12,22,18,13,20,30,32,62,18,57,22,12,18,14,11,65,25,70,18,196.0,93.0,Right,2,1,Far Throw,1,0,Sweden,Allsvenskan,BK Häcken,andreas linde
578,578,273998,André Gomes,M,21,GK,,0,69,70,67,77,70,41,64,46,34,7,12,58,10,9,21,23,51,11,32,37,19,23,51,43,70,21,34,12,11,10,12,13,57,21,44,24,182.0,80.0,Left,3,1,Cross Claimer,1,0,Portugal,Liga Portugal,FC Alverca,andre gomes
578,578,243573,Anthony Racioppi,M,27,GK,,0,69,72,67,62,71,30,67,31,28,6,7,47,6,5,19,12,47,14,19,44,10,7,39,31,64,15,43,9,12,23,14,12,49,20,49,24,188.0,84.0,Right,2,1,Cross Claimer|Long Ball Pass,2,0,Switzerland,Brack Super League,FC Sion,anthony racioppi
578,578,246671,Arthur Okonkwo,M,24,GK,,0,69,68,67,67,69,44,69,44,44,6,6,50,7,7,19,10,43,20,40,33,12,13,40,31,63,20,45,11,12,13,13,12,58,29,57,20,196.0,84.0,Right,2,1,Cross Claimer|Far Throw,2,0,England,EFL Championship,Wrexham,arthur okonkwo
578,578,240595,Aynsley Pears,M,27,GK,,0,69,71,66,67,71,45,67,45,44,10,10,50,12,9,14,12,38,14,22,21,10,11,49,35,66,19,34,9,13,10,13,11,56,16,53,35,186.0,77.0,Right,2,1,Far Reach|Footwork,2,0,England,EFL Championship,Blackburn Rovers,aynsley pears
578,578,213206,Brad Stuver,M,34,GK,,0,69,70,68,65,70,47,70,49,44,13,17,49,15,19,25,13,40,16,25,20,13,16,48,50,62,18,25,17,17,15,17,16,69,42,71,15,191.0,81.0,Right,2,1,Far Throw|Footwork,2,0,United States,MLS,Austin FC,brad stuver
578,578,189342,Carlo Pinsoglio,M,36,GK,,0,69,70,70,62,70,42,69,43,41,11,11,47,6,8,22,13,35,18,24,28,11,18,33,40,61,22,63,18,13,20,12,13,60,34,60,32,194.0,85.0,Left,2,1,,0,0,Italy,Serie A Enilive,Juventus,carlo pinsoglio
578,578,229255,Charles,M,32,GK,,0,69,70,65,60,73,30,68,28,32,10,13,45,18,19,18,12,48,13,22,18,19,20,48,34,65,24,37,20,20,14,18,13,53,30,52,25,186.0,80.0,Right,2,1,,0,0,Brazil,Liga Portugal,Vitória SC,charles
578,578,78619,Charlotte Verdier,F,32,GK,,0,69,68,69,67,69,25,66,25,25,9,10,50,7,6,15,10,38,12,22,26,13,13,36,49,67,15,41,10,15,7,22,17,41,34,33,18,170.0,59.0,Right,2,1,,0,0,France,Arkema PL,Dijon FCO,charlotte verdier
578,578,272255,Chelsea Louise Ashurst,F,35,GK,,0,69,68,67,63,69,43,70,48,35,7,9,47,10,6,11,10,26,12,31,21,10,11,58,41,65,12,31,14,10,8,16,20,48,17,39,18,169.0,62.0,Right,2,1,Cross Claimer|Footwork,2,0,England,Liga F Moeve,DUX Logroño,chelsea louise ashurst
578,578,260982,Chris Brady,M,22,GK,,0,69,74,64,62,72,29,67,31,26,5,7,47,6,7,11,10,40,12,18,21,14,9,39,27,58,10,28,10,14,8,11,11,58,21,64,26,190.0,77.0,Right,2,1,Footwork,1,0,United States,MLS,Chicago Fire FC,chris brady
578,578,206561,Christian Walton,M,30,GK,,0,69,70,68,66,70,35,68,37,33,8,17,50,14,18,23,13,57,11,49,46,11,19,32,41,65,22,43,12,15,13,11,14,57,30,56,22,195.0,72.0,Left,2,1,Cross Claimer|Footwork,2,0,England,EFL Championship,Ipswich,christian walton
578,578,242289,Conor Hazard,M,28,GK,,0,69,69,67,64,71,34,69,32,36,6,8,48,6,8,19,11,55,11,37,34,12,10,30,26,63,17,41,8,11,17,14,13,55,26,59,22,198.0,86.0,Left,3,1,,0,0,Northern Ireland,EFL League One,Plymouth Argyle,conor hazard
578,578,71612,Cristina Roque,F,24,GK,,0,69,67,70,69,68,29,67,26,33,7,9,52,9,8,17,11,40,11,26,16,13,11,28,47,70,13,25,10,12,9,14,10,40,24,34,25,170.0,63.0,Right,3,1,,0,0,Puerto Rico,NWSL,Rac. Louisville,cristina roque
578,578,209532,Daniel Bachmann,M,31,GK,,0,69,70,68,62,71,45,67,50,37,13,17,47,15,16,31,14,36,20,37,39,18,14,40,44,66,27,51,26,12,14,11,11,69,36,75,38,191.0,81.0,Right,3,1,Deflector|Footwork,2,0,Austria,LALIGA HYPERMOTION,RC Deportivo,daniel bachmann
578,578,79232,Daniëlle de Jong,F,23,GK,,0,69,68,67,70,71,37,68,38,36,8,11,53,12,8,23,18,61,20,30,28,18,12,29,52,65,15,31,16,19,18,19,17,48,27,41,27,173.0,65.0,Right,1,1,,0,0,Holland,Calcio A Femminile,Juventus,danielle de jong
578,578,265786,Diego Enríquez,M,24,GK,,0,69,70,68,67,68,27,67,22,35,8,8,50,9,10,15,13,55,12,25,28,11,7,28,55,68,11,25,15,15,7,15,16,55,28,60,17,185.0,81.0,Right,3,1,,0,0,Peru,Libertadores,Sporting Cristal,diego enriquez
578,578,228607,Dominik Reimann,M,28,GK,,0,69,69,66,73,71,45,71,44,46,6,6,55,8,7,17,9,64,12,60,58,11,24,53,50,60,24,60,20,8,13,10,9,51,31,47,24,186.0,82.0,Right,3,1,Footwork|Long Ball Pass,2,0,Germany,Bundesliga 2,1. FC Magdeburg,dominik reimann
578,578,233425,Elhan Kastrati,M,29,GK,,0,69,69,67,69,70,36,69,35,38,8,11,52,10,10,10,11,30,10,45,22,13,13,38,44,62,16,43,9,12,12,11,11,50,25,48,20,189.0,93.0,Right,3,1,Far Throw|Rush Out,2,0,Albania,Bundesliga 2,Braunschweig,elhan kastrati
578,578,72755,Elias Bethke,M,23,GK,,0,69,67,66,63,73,18,70,17,19,8,12,47,11,8,19,14,53,14,38,30,10,14,23,27,65,23,52,10,13,19,12,11,55,20,68,41,191.0,84.0,Right,3,1,Footwork,1,0,Germany,3. Liga,Energie Cottbus,elias bethke
578,578,142962,Enrique Bologna,M,44,GK,,0,69,69,65,71,71,42,70,44,40,15,13,53,15,10,25,21,51,18,33,21,16,22,43,47,65,29,64,17,10,12,22,17,65,33,73,25,188.0,89.0,Right,1,1,Footwork,1,0,Argentina,LPF,Defensa,enrique bologna
578,578,194372,Ertuğrul Taşkıran,M,36,GK,,0,69,70,68,62,69,54,66,52,56,15,12,47,15,13,21,12,46,13,14,14,24,15,54,32,65,25,60,23,14,12,16,14,52,27,43,29,191.0,83.0,Right,2,1,Far Throw,1,0,Turkey,Trendyol Süper Lig,Alanyaspor,ertugrul task ran
578,578,219736,Ethan Horvath,M,30,GK,,0,69,71,67,66,70,48,67,48,49,11,17,50,19,14,11,11,50,17,31,48,16,16,54,32,67,22,31,10,13,14,9,8,63,30,64,27,193.0,83.0,Right,3,1,,0,0,United States,EFL Championship,Sheffield Wed,ethan horvath
578,578,234877,Fabijan Buntić,M,29,GK,,0,69,69,67,68,70,24,69,22,27,4,15,51,7,16,13,10,38,10,24,22,10,6,24,23,62,18,30,10,14,14,14,12,56,19,66,33,194.0,91.0,Left,2,1,,0,0,Croatia,Liga Azerbaijan,Qarabağ FK,fabijan buntic
578,578,256145,Felipe Zenobio,M,25,GK,,0,69,69,67,68,68,30,68,27,34,8,8,51,9,7,11,13,28,12,13,15,11,12,29,41,65,11,36,10,15,8,9,11,54,21,58,27,183.0,74.0,Right,2,1,,0,0,Argentina,LPF,Tigre,felipe zenobio
578,578,242514,František Plach,M,34,GK,,0,69,67,67,66,67,33,68,35,29,9,9,50,8,7,10,15,55,10,24,23,12,10,39,53,71,18,59,8,14,21,23,15,58,19,60,28,192.0,80.0,Left,2,1,Footwork|Long Ball Pass,2,0,Slovakia,PKO BP Ekstraklasa,Piast Gliwice,frantisek plach
578,578,229637,Gökhan Akkan,M,31,GK,,0,69,70,66,66,72,48,69,48,48,13,15,50,14,12,21,15,34,18,29,26,12,15,49,59,63,10,54,25,13,12,15,19,57,35,69,20,188.0,80.0,Right,2,1,Rush Out,1,0,Turkey,Trendyol Süper Lig,Gençlerbirliği,gokhan akkan
578,578,204308,Hendrik Van Crombrugge,M,32,GK,,0,69,68,69,69,68,37,70,37,37,11,11,52,13,16,26,12,57,13,48,56,16,29,53,43,59,36,63,14,11,23,17,11,66,37,76,34,188.0,86.0,Left,2,1,Footwork,1,0,Belgium,1A Pro League,KRC Genk,hendrik van crombrugge
578,578,233286,Hwang In Jae,M,31,GK,,0,69,72,68,63,70,26,65,28,24,18,15,47,18,17,14,11,50,13,23,25,15,16,33,34,68,14,31,12,14,13,11,12,55,36,59,29,187.0,73.0,Right,3,1,Cross Claimer|Long Ball Pass,2,0,Korea Republic,K League 1,Pohang Steelers,hwang in jae
578,578,232817,Ignacio Chicco,M,29,GK,,0,69,67,70,62,69,43,70,45,40,6,7,47,11,6,21,8,44,14,37,32,13,15,52,41,65,28,50,10,14,20,13,10,68,24,75,28,184.0,86.0,Right,3,1,,0,0,Argentina,LPF,Belgrano,ignacio chicco
578,578,204354,Jak Alnwick,M,32,GK,,0,69,69,67,65,69,46,70,42,53,12,14,49,12,11,47,20,52,29,35,40,21,11,50,52,65,31,47,20,17,11,21,20,60,41,59,39,187.0,82.0,Left,2,1,Footwork,1,0,England,EFL League One,Cardiff City,jak alnwick
578,578,269269,Jakob Golz,M,27,GK,,0,69,72,64,60,73,19,68,19,18,6,9,45,8,9,11,11,28,11,23,28,10,14,31,39,66,16,36,13,11,9,10,13,53,17,60,26,187.0,85.0,Right,3,1,Far Throw|Footwork,2,0,Germany,3. Liga,Rot-Weiss Essen,jakob golz
578,578,238070,Jamie Cumming,M,26,GK,,0,69,69,68,68,69,47,68,47,46,8,5,51,9,7,17,13,51,14,44,48,12,16,52,50,64,27,54,13,21,19,12,14,65,40,61,29,185.0,79.0,Right,3,1,Cross Claimer|Far Throw|Footwork,3,0,England,EFL Championship,Oxford United,jamie cumming
578,578,229692,Jannik Huth,M,31,GK,,0,69,71,64,74,71,59,67,59,60,20,16,56,14,15,24,17,51,15,37,30,22,22,50,44,67,24,41,25,10,22,14,11,66,32,63,28,185.0,80.0,Right,4,1,Footwork,1,0,Germany,Bundesliga,SC Freiburg,jannik huth
578,578,178566,Javier García,M,39,GK,,0,69,71,65,70,69,36,68,37,35,10,11,53,14,14,18,11,52,13,13,12,13,11,36,43,67,15,30,24,12,20,14,11,44,32,36,17,182.0,78.0,Right,2,1,Far Throw,1,0,Argentina,LPF,Boca Juniors,javier garcia
578,578,190778,Jeroen Zoet,M,35,GK,,0,69,68,71,70,67,51,69,55,45,11,12,53,17,19,27,17,57,20,37,37,13,15,54,42,64,34,41,20,19,23,18,16,69,40,67,18,188.0,87.0,Right,4,1,,0,0,Holland,Eredivisie,AZ,jeroen zoet
578,578,132740,Jesper Hansen,M,41,GK,,0,69,69,68,67,67,36,69,34,38,12,12,50,12,10,20,17,62,12,42,46,15,22,42,55,70,34,64,25,12,24,12,12,58,35,62,25,188.0,81.0,Right,3,1,Footwork,1,0,Denmark,3F Superliga,AGF,jesper hansen
578,578,199904,Jesse Joronen,M,33,GK,,0,69,68,71,69,67,47,69,48,45,14,13,52,13,12,14,15,49,13,26,25,14,16,50,36,66,16,62,25,18,22,14,15,65,33,64,39,197.0,89.0,Right,3,1,,0,0,Finland,Serie BKT,Palermo,jesse joronen
578,578,73373,Jiří Letáček,M,27,GK,,0,69,70,68,65,71,37,69,42,30,10,14,49,13,14,24,17,36,13,29,28,16,12,45,34,58,17,43,12,16,10,14,18,71,39,81,24,196.0,98.0,Right,2,1,,0,0,Czech Republic,LALIGA EA SPORTS,Getafe CF,jiri letacek
578,578,220944,Joe Wildsmith,M,30,GK,,0,69,68,69,68,68,42,69,40,44,12,13,51,14,19,28,20,66,20,40,44,18,17,36,68,60,30,54,24,20,15,22,16,69,36,76,20,189.0,77.0,Right,3,1,Cross Claimer|Footwork,2,0,England,EFL Championship,West Brom,joe wildsmith
578,578,202215,Joe Willis,M,37,GK,,0,69,70,69,64,69,47,70,47,46,13,8,48,16,13,22,13,35,13,34,38,14,13,52,55,62,15,46,24,12,15,12,10,67,26,71,31,196.0,84.0,Left,3,1,Cross Claimer|Far Throw,2,0,United States,MLS,Nashville SC,joe willis
578,578,178363,Johny Placide,M,38,GK,,0,69,65,70,69,67,54,72,53,56,11,12,52,11,13,15,11,32,10,34,33,11,10,38,38,68,17,57,20,15,18,13,12,68,27,70,29,181.0,84.0,Right,2,1,Cross Claimer|Footwork,2,0,Haiti,Ligue 2 BKT,SC Bastia,johny placide
578,578,70118,Jonathan Fischer,M,24,GK,,0,69,68,67,66,69,44,69,42,46,6,8,50,9,7,12,11,56,11,36,35,14,22,45,22,63,23,35,14,12,5,13,10,65,31,73,24,197.0,90.0,Left,3,1,Footwork,1,0,Denmark,Ligue 1 McDonald's,FC Metz,jonathan fischer
578,578,273483,Jordan Silkowitz,F,26,GK,,0,69,72,67,72,68,47,66,43,53,6,8,54,5,6,18,13,43,12,24,29,13,12,28,40,65,14,26,7,13,7,13,14,48,29,41,11,183.0,67.0,Right,2,1,,0,0,United States,NWSL,Bay FC,jordan silkowitz
578,578,231474,João Costa,M,30,GK,,0,69,70,67,68,73,25,70,18,35,10,10,51,13,12,16,13,29,14,19,26,13,12,34,48,55,17,36,13,10,14,13,14,50,23,58,19,185.0,80.0,Right,1,1,,0,0,Portugal,Liga Portugal,FC Porto,joao costa
578,578,251995,João Gonçalves,M,25,GK,,0,69,69,68,67,69,28,70,28,29,5,7,50,8,6,12,10,37,11,22,17,10,8,22,32,65,10,36,12,13,8,10,10,51,24,54,26,188.0,80.0,Right,2,1,Footwork,1,0,Portugal,Liga Portugal,AVS Futebol SAD,joao goncalves
578,578,244417,Julian Krahl,M,26,GK,,0,69,72,67,65,72,31,69,27,36,8,8,49,13,7,14,12,28,9,23,21,10,9,32,33,53,22,22,12,14,15,14,13,58,19,68,31,194.0,82.0,Right,3,1,Footwork,1,0,Germany,Bundesliga 2,Kaiserslautern,julian krahl
578,578,221912,Kang Hyeon Mu,M,31,GK,,0,69,70,67,62,72,44,67,42,47,15,16,47,13,12,25,14,59,19,29,21,19,20,32,56,62,10,46,23,19,23,20,15,47,27,32,41,185.0,80.0,Right,3,1,Far Reach,1,0,Korea Republic,K League 1,FC Seoul,kang hyeon mu
578,578,190120,Karl-Johan Johnsson,M,36,GK,,0,69,68,67,67,69,40,70,40,41,12,12,50,14,18,20,15,45,16,38,41,15,16,41,38,64,21,41,16,19,16,18,16,62,28,64,30,188.0,84.0,Right,2,1,Footwork,1,0,Sweden,Ligue 1 McDonald's,Strasbourg,karl johan johnsson
578,578,243538,Karlo Letica,M,29,GK,,0,69,69,65,65,70,32,70,30,34,6,5,49,6,9,17,13,36,12,29,28,13,14,31,27,67,17,44,11,10,11,12,12,61,18,74,24,201.0,96.0,Right,3,1,Cross Claimer|Far Throw|Footwork,3,0,Croatia,Brack Super League,Lausanne-Sport,karlo letica
578,578,221759,Kim Gyeong Min,M,34,GK,,0,69,68,68,66,69,49,70,49,49,11,19,50,13,12,21,16,29,17,32,21,19,16,40,55,67,20,58,23,16,22,18,13,61,26,56,18,189.0,81.0,Right,3,1,Far Throw|Footwork|Rush Out,3,0,Korea Republic,K League 1,Gwangju FC,kim gyeong min
578,578,266323,Kim Joon Hong,M,22,GK,,0,69,70,67,62,71,25,67,22,29,11,9,47,10,7,12,15,51,12,30,32,15,10,47,27,64,10,43,13,13,16,16,14,51,26,55,27,190.0,87.0,Right,2,1,Far Throw|Long Ball Pass,2,0,Korea Republic,MLS,D.C. United,kim joon hong
578,578,72917,Kiril Fesiun,M,23,GK,,0,69,70,67,68,71,36,71,37,34,5,8,51,6,9,14,10,46,11,41,44,12,9,30,26,58,13,44,16,13,9,11,10,59,28,61,27,191.0,80.0,Right,3,1,Cross Claimer,1,0,Ukraine,Ukrayina Liha,Shakhtar Donetsk,kiril fesiun
578,578,79733,Larissa Haidner,F,21,GK,,0,69,68,69,67,70,25,67,24,26,9,11,50,10,7,18,17,58,16,26,20,14,14,27,38,63,19,37,16,16,9,19,15,42,25,39,26,176.0,70.0,Left,1,1,,0,0,Austria,GPFBL,Hamburger SV,larissa haidner
578,578,248054,Laurențiu Popescu,M,29,GK,,0,69,69,67,67,70,31,68,33,28,7,9,50,9,5,13,10,45,13,25,24,12,10,25,47,61,17,32,9,12,5,10,11,44,19,40,24,184.0,85.0,Right,2,1,Footwork|Long Ball Pass,2,0,Romania,SUPERLIGA,Univ. Craiova,laurentiu popescu
578,578,268619,Leandro Brey,M,23,GK,,0,69,67,67,55,70,29,70,29,30,8,8,41,8,9,17,13,45,13,17,15,12,7,29,24,68,15,30,16,14,15,14,12,58,21,66,20,191.0,89.0,Right,2,1,,0,0,Argentina,LPF,Boca Juniors,leandro brey
578,578,222546,Leopold Zingerle,M,31,GK,,0,69,70,66,66,71,42,68,38,47,8,7,50,6,8,15,11,40,12,28,13,11,9,38,51,65,20,47,11,10,11,9,10,53,34,54,21,182.0,76.0,Right,3,1,,0,0,Germany,Bundesliga,RB Leipzig,leopold zingerle
578,578,77893,Liz Beardsley,F,22,GK,,0,69,68,71,66,66,27,69,29,25,5,7,50,8,7,19,13,39,14,25,20,10,9,27,41,67,18,36,6,11,6,12,12,41,25,35,27,173.0,66.0,Right,2,1,,0,0,United States,NWSL,Houston Dash,liz beardsley
578,578,219584,Luca Lezzerini,M,31,GK,,0,69,70,67,62,71,48,70,46,50,15,13,47,19,17,25,13,35,14,31,22,15,14,41,44,63,24,66,18,12,19,19,14,63,32,66,24,195.0,86.0,Right,2,1,,0,0,Italy,Serie A Enilive,Fiorentina,luca lezzerini
578,578,243373,Lukas Jensen,M,27,GK,,0,69,69,68,64,69,24,69,18,33,10,7,48,7,6,25,13,44,13,29,34,14,10,29,33,64,15,26,14,14,13,14,13,53,24,61,22,198.0,90.0,Right,2,1,Far Throw|Footwork|Rush Out,3,0,Denmark,EFL Championship,Millwall,lukas jensen
578,578,205554,Lukáš Zima,M,32,GK,,0,69,68,68,63,69,42,70,43,41,19,12,47,14,14,23,12,34,12,30,22,17,18,34,36,65,24,26,21,15,10,13,13,69,34,77,23,197.0,80.0,Right,2,1,Cross Claimer,1,0,Czech Republic,SUPERLIGA,FCSB,lukas zima
578,578,274810,Mackenzie Wood,F,25,GK,,0,69,67,70,66,71,50,67,49,52,11,15,50,13,18,15,12,44,11,28,27,15,17,39,47,61,19,28,12,15,15,15,11,50,26,39,32,178.0,63.0,Right,2,1,,0,0,United States,NWSL,Chicago Stars FC,mackenzie wood
578,578,276761,Mamadou Diop,M,26,GK,,0,69,70,66,65,72,31,70,35,25,4,8,49,6,9,15,10,41,15,27,17,13,19,26,30,55,23,33,6,11,7,12,10,63,34,73,30,204.0,95.0,Right,3,1,,0,0,Mauritania,Ligue 2 BKT,Grenoble Foot 38,mamadou diop
578,578,198653,Martín Silva,M,43,GK,,0,69,67,70,72,66,31,71,30,32,13,13,54,15,13,25,9,47,12,38,33,13,11,34,39,62,17,66,23,9,24,18,13,43,23,43,33,187.0,88.0,Right,1,1,Footwork,1,0,Uruguay,Libertadores,Libertad,martin silva
578,578,258239,Mateusz Kochalski,M,25,GK,,0,69,69,65,61,73,39,69,43,32,7,12,46,13,8,15,13,45,13,24,23,16,15,32,43,60,21,39,14,13,9,14,12,52,34,47,30,190.0,88.0,Right,2,1,Rush Out,1,0,Poland,Liga Azerbaijan,Qarabağ FK,mateusz kochalski
578,578,247506,Matt Freese,M,27,GK,,0,69,70,68,68,71,29,69,27,31,4,6,51,9,6,10,11,41,10,27,19,13,7,32,50,61,16,26,11,10,7,11,14,52,18,55,22,191.0,88.0,Right,2,1,Far Throw|Rush Out,2,0,United States,MLS,New York City FC,matt freese
578,578,213536,Maxime Crépeau,M,31,GK,,0,69,71,69,64,72,45,66,46,44,7,17,48,14,19,23,19,53,14,34,46,16,19,43,40,62,40,58,20,14,10,17,17,64,33,68,38,180.0,88.0,Right,2,1,Far Throw|Footwork,2,0,Canada,MLS,Portland Timbers,maxime crepeau
578,578,274774,McKinley Crone,F,27,GK,,0,69,66,67,66,69,35,70,36,34,5,10,50,11,10,21,11,40,10,21,29,10,8,37,57,65,19,28,13,12,6,10,12,60,35,66,15,170.0,65.0,Right,3,1,,0,0,United States,NWSL,Orlando Pride,mckinley crone
578,578,76220,Mia Justus,F,23,GK,,0,69,67,69,68,68,29,69,33,22,5,7,51,5,9,11,10,40,11,29,20,14,13,24,43,70,15,31,10,12,6,11,12,42,16,34,16,175.0,66.0,Right,2,1,,0,0,United States,NWSL,Utah Royals FC,mia justus
578,578,272236,Nayluisa Cáceres,F,26,GK,,0,69,68,69,71,72,47,66,49,45,11,16,53,12,15,20,10,22,14,20,18,12,22,57,60,65,21,21,15,11,21,15,14,53,40,45,21,172.0,65.0,Right,2,1,Cross Claimer,1,0,Venezuela,Liga F Moeve,C. Adeje Tenerife,nayluisa caceres
578,578,228255,Nicolas Lemaître,M,29,GK,,0,69,70,67,64,68,33,69,34,32,19,17,48,15,17,22,22,26,14,28,19,19,20,24,38,63,29,47,26,23,9,11,15,43,29,26,19,189.0,82.0,Left,2,1,,0,0,France,Ligue 2 BKT,ESTAC Troyes,nicolas lemaitre
578,578,223558,Nicolás Ratti,M,32,GK,,0,69,69,67,68,71,54,66,50,60,13,12,51,15,15,23,14,18,19,28,27,13,17,45,69,67,18,32,19,12,15,12,18,54,44,45,21,179.0,72.0,Right,3,1,Footwork,1,0,Argentina,LALIGA HYPERMOTION,FC Andorra,nicolas ratti
578,578,272211,Olatz Santana,F,28,GK,,0,69,68,68,65,69,42,69,38,48,10,10,49,8,9,12,11,32,14,15,22,10,12,59,46,68,14,32,16,15,11,17,20,46,19,37,18,171.0,57.0,Right,2,1,,0,0,Spain,Liga F Moeve,Athletic Club,olatz santana
578,578,274808,Olivia Sekany,F,27,GK,,0,69,65,69,68,68,36,69,38,32,4,9,51,8,8,11,14,41,14,24,21,13,7,30,55,66,11,39,11,10,6,14,12,58,34,61,18,183.0,70.0,Right,3,1,,0,0,United States,NWSL,Rac. Louisville,olivia sekany
578,578,167435,Oscar Ustari,M,39,GK,,0,69,68,71,68,66,63,72,64,61,15,14,51,14,13,18,15,59,15,23,22,14,13,58,44,60,26,51,28,14,29,12,13,71,39,69,38,183.0,76.0,Right,2,1,Cross Claimer|Long Ball Pass,2,0,Argentina,MLS,Inter Miami CF,oscar ustari
578,578,248586,Ottó Hindrich,M,23,GK,,0,69,68,68,66,70,26,68,30,21,6,8,50,5,9,12,10,39,11,25,21,12,6,28,42,61,15,21,12,13,9,13,12,45,27,44,22,193.0,76.0,Right,2,1,,0,0,Romania,SUPERLIGA,CFR 1907 Cluj,otto hindrich
578,578,271532,Pablo Campos,M,23,GK,,0,69,69,68,64,71,26,68,24,29,5,7,48,8,9,11,14,56,11,29,26,14,11,30,36,66,15,53,15,13,8,12,13,57,29,67,27,188.0,78.0,Left,3,1,Footwork,1,0,Spain,LALIGA EA SPORTS,Levante UD,pablo campos
578,578,250841,Patricio Álvarez,M,32,GK,,0,69,71,70,65,67,19,70,19,19,4,7,49,7,9,11,11,66,11,20,16,14,10,26,47,56,11,21,7,13,6,12,11,45,19,47,22,180.0,78.0,Right,3,1,Cross Claimer,1,0,Peru,Sudamericana,Atlético Grau,patricio alvarez
578,578,235141,Phillip Menzel,M,27,GK,,0,69,70,68,66,69,22,69,20,26,8,5,50,10,5,15,14,45,8,20,39,12,5,36,29,62,15,29,8,10,12,13,13,55,30,69,26,192.0,84.0,Right,3,1,Far Throw|Footwork|Long Ball Pass,3,0,Germany,3. Liga,Saarbrücken,phillip menzel
578,578,199101,Raúl Lizoain,M,35,GK,,0,69,67,68,67,67,50,70,47,55,14,12,50,12,14,24,11,42,16,15,22,13,12,67,58,67,15,53,20,15,14,14,13,57,42,52,24,188.0,83.0,Left,2,1,Footwork,1,0,Spain,LALIGA HYPERMOTION,Albacete BP,raul lizoain
578,578,253629,Renato Solís,M,28,GK,,0,69,70,69,64,68,41,67,43,38,11,14,48,13,13,18,16,35,14,21,20,14,13,39,47,66,19,47,13,15,14,15,14,60,30,59,23,179.0,75.0,Right,2,1,Far Reach,1,0,Peru,Libertadores,Sporting Cristal,renato solis
578,578,252789,Ruslan Neshcheret,M,24,GK,,0,69,72,66,66,72,27,65,29,24,7,9,50,6,9,13,10,48,12,51,55,10,11,29,28,59,16,50,13,14,8,14,11,58,26,65,27,190.0,81.0,Right,3,1,,0,0,Ukraine,Ukrayina Liha,Dynamo Kyiv,ruslan neshcheret
578,578,176994,Régis Gurtner,M,39,GK,,0,69,65,66,70,66,42,70,39,46,6,9,53,8,10,24,10,28,10,29,30,9,10,32,32,81,28,59,13,10,10,12,13,61,38,68,35,182.0,82.0,Right,2,1,Footwork|Long Ball Pass,2,0,France,Ligue 1 McDonald's,RC Lens,regis gurtner
578,578,230858,Samuele Perisan,M,28,GK,,0,69,68,64,67,74,46,67,47,45,14,20,50,20,11,25,12,30,11,22,19,13,11,34,48,66,24,49,21,15,13,19,16,63,40,62,24,192.0,83.0,Left,3,1,,0,0,Italy,Serie BKT,Empoli,samuele perisan
578,578,242802,San Román,M,28,GK,,0,69,69,69,69,70,25,68,25,26,8,8,52,9,7,18,14,33,12,16,17,11,6,38,35,62,17,40,11,13,12,12,11,52,31,55,15,189.0,79.0,Right,3,1,,0,0,Spain,LALIGA HYPERMOTION,CD Leganés,san roman
578,578,257568,Sander Tangvik,M,23,GK,,0,69,69,68,66,68,57,67,56,58,14,12,50,12,13,18,16,58,16,30,35,15,17,49,46,66,25,41,15,12,15,15,15,65,26,61,23,193.0,80.0,Right,2,1,Cross Claimer|Footwork,2,0,Norway,Eliteserien,Rosenborg BK,sander tangvik
578,578,234717,Sebastián Pérez,M,35,GK,,0,69,70,68,70,73,42,68,43,40,12,8,53,12,11,15,11,46,16,33,24,13,14,45,56,53,26,60,16,14,17,11,14,59,39,59,24,180.0,76.0,Right,3,1,Cross Claimer,1,0,Chile,Sudamericana,Palestino,sebastian perez
578,578,270756,Simone Ghidotti,M,26,GK,,0,69,68,67,66,69,35,68,35,36,4,8,50,8,8,16,10,40,12,28,28,10,11,36,29,67,12,34,6,11,6,15,12,55,25,57,18,193.0,81.0,Right,1,1,Footwork,1,0,Italy,Serie BKT,Sampdoria,simone ghidotti
578,578,267994,Sławomir Abramowicz,M,21,GK,,0,69,68,65,68,72,36,69,35,37,7,7,51,9,7,10,14,53,13,20,27,12,10,39,35,60,14,47,9,12,8,14,12,49,16,45,16,187.0,80.0,Left,2,1,,0,0,Poland,PKO BP Ekstraklasa,Jagiellonia,s awomir abramowicz
578,578,210006,Thomas Dähne,M,32,GK,,0,69,72,67,67,72,47,65,46,48,17,14,50,20,16,26,14,49,15,35,18,20,12,36,41,65,25,48,20,17,10,16,13,65,38,68,27,193.0,93.0,Right,4,1,,0,0,Germany,3. Liga,1860 München,thomas dahne
578,578,244001,Timon Weiner,M,27,GK,,0,69,70,67,66,72,50,65,50,51,9,17,50,15,14,15,26,47,17,36,34,21,24,30,35,62,29,44,12,20,12,20,11,67,45,65,18,190.0,84.0,Right,4,1,Footwork,1,0,Germany,Bundesliga 2,Holstein Kiel,timon weiner
578,578,262931,Tjark Ernst,M,23,GK,,0,69,73,70,58,72,29,67,31,27,6,8,44,9,7,11,10,32,11,24,32,12,11,26,49,52,20,41,19,10,10,11,11,51,25,54,26,193.0,87.0,Right,3,1,,0,0,Germany,Bundesliga 2,Hertha BSC,tjark ernst
578,578,265520,Unai Marrero,M,24,GK,,0,69,70,67,61,71,25,66,26,24,7,5,46,9,6,15,10,42,10,21,16,12,8,31,38,67,16,40,9,10,5,10,10,53,24,59,16,189.0,82.0,Right,3,1,,0,0,Spain,LALIGA EA SPORTS,Real Sociedad,unai marrero
578,578,258928,Viljami Sinisalo,M,24,GK,,0,69,71,67,69,73,27,67,29,23,4,8,52,7,9,14,14,43,13,20,18,14,12,46,25,59,21,35,10,12,5,13,11,57,27,64,45,196.0,78.0,Right,3,1,Footwork,1,0,Finland,Scottish Prem,Celtic,viljami sinisalo
578,578,240283,Vojtěch Vorel,M,29,GK,,0,69,71,67,70,72,35,68,37,32,7,7,53,8,6,10,12,22,13,24,16,12,5,41,27,55,15,33,8,14,16,11,14,43,16,30,22,190.0,74.0,Right,3,1,,0,0,Czech Republic,Česká Liga,Sparta Praha,vojtech vorel
578,578,202617,Václav Hladký,M,35,GK,,0,69,69,69,69,70,54,68,56,52,11,16,52,11,12,27,16,51,24,52,56,24,21,52,58,64,36,65,28,23,20,23,23,70,27,66,22,192.0,80.0,Right,3,1,,0,0,Czech Republic,Premier League,Burnley,vaclav hladky
578,578,182224,Wang Dalei,M,37,GK,,0,69,69,69,66,69,60,67,63,56,14,14,50,13,5,22,10,70,18,30,47,23,24,52,63,68,22,62,14,20,27,12,12,67,45,56,36,185.0,91.0,Right,3,1,Far Throw|Rush Out,2,0,China PR,CSL,Shandong Taishan,wang dalei
578,578,254198,Ángelo Campos,M,32,GK,,0,69,68,65,67,71,36,68,33,40,18,15,50,13,10,20,11,46,13,22,33,14,13,53,28,70,21,38,26,11,14,11,14,59,28,66,23,182.0,82.0,Right,2,1,Footwork,1,0,Peru,Libertadores,Alianza Lima,angelo campos
678,678,200715,Adam Davies,M,33,GK,,0,68,69,65,65,69,40,67,40,40,8,11,49,15,13,23,12,40,18,25,13,16,12,39,40,67,16,47,15,16,18,16,13,52,29,47,31,185.0,80.0,Right,3,1,,0,0,Wales,EFL Championship,Sheffield Utd,adam davies
678,678,237778,Ahn Joon Soo,M,28,GK,,0,68,69,63,67,71,28,66,30,25,6,9,50,6,9,14,15,47,13,16,27,13,13,31,32,65,11,39,14,13,21,15,14,44,29,41,26,187.0,75.0,Right,2,1,Footwork|Long Ball Pass,2,0,Korea Republic,K League 1,Suwon FC,ahn joon soo
678,678,276988,Alaa Bellaarouch,M,24,GK,,0,68,71,63,70,69,56,68,58,52,3,6,53,9,5,20,10,27,12,34,27,29,8,45,41,61,21,40,6,11,6,10,11,63,33,58,28,189.0,75.0,Right,3,1,,0,0,Morocco,Liga Portugal,SC Braga,alaa bellaarouch
678,678,269971,Albert Posiadała,M,23,GK,,0,68,69,67,64,66,32,67,32,31,8,13,48,11,9,19,14,49,13,36,26,13,12,35,30,63,14,38,14,14,11,14,17,57,28,61,27,192.0,78.0,Right,2,1,,0,0,Poland,Trendyol Süper Lig,Samsunspor,albert posiada a
678,678,235740,Alberto Paleari,M,33,GK,,0,68,67,66,66,68,32,71,31,33,8,8,50,7,12,15,14,40,13,33,29,10,12,51,22,64,19,55,12,16,17,13,12,56,30,58,22,193.0,88.0,Right,3,1,,0,0,Italy,Serie A Enilive,Torino,alberto paleari
678,678,73838,Alen Sherri,M,28,GK,,0,68,71,64,68,69,44,65,45,43,10,11,51,12,10,16,18,35,14,38,36,20,16,52,34,66,24,54,8,13,8,14,14,64,35,69,35,197.0,93.0,Right,3,1,,0,0,Albania,Serie BKT,Frosinone,alen sherri
678,678,231105,Alexandre Olliero,M,30,GK,,0,68,68,63,66,70,46,67,47,45,12,17,50,17,20,27,15,24,18,22,23,15,13,39,41,64,28,51,17,20,10,19,16,70,23,75,19,193.0,85.0,Right,2,1,,0,0,France,Ligue 2 BKT,Stade de Reims,alexandre olliero
678,678,222221,Alexandru Buzbuchi,M,32,GK,,0,68,66,66,65,67,36,69,35,37,20,14,49,17,19,23,18,40,17,22,16,16,14,40,35,64,15,21,22,15,11,11,18,49,35,45,19,190.0,84.0,Right,2,1,Footwork,1,0,Romania,SUPERLIGA,Farul Constanța,alexandru buzbuchi
678,678,237419,Amir Abedzadeh,M,32,GK,,0,68,69,65,63,68,28,68,30,25,10,10,47,11,12,11,12,50,14,24,47,13,10,53,36,69,15,34,14,13,13,14,14,56,21,60,26,186.0,86.0,Right,2,1,Footwork,1,0,Iran,LALIGA HYPERMOTION,CD Castellón,amir abedzadeh
678,678,218212,Andries Noppert,M,31,GK,,0,68,69,67,65,67,35,67,35,34,15,19,49,20,19,19,14,32,14,30,39,24,19,40,60,68,25,53,16,19,10,15,13,62,42,69,21,203.0,92.0,Left,3,1,Cross Claimer,1,0,Holland,Eredivisie,sc Heerenveen,andries noppert
678,678,244020,André Ferreira,M,29,GK,,0,68,68,64,66,68,38,69,38,39,11,17,50,17,13,20,19,49,12,28,27,17,18,60,55,64,24,38,19,12,12,14,18,66,33,76,27,193.0,79.0,Right,2,1,,0,0,Portugal,Liga Portugal,Moreirense FC,andre ferreira
678,678,235460,Bahadır Güngördü,M,30,GK,,0,68,71,67,64,67,26,67,24,28,4,5,48,7,5,17,10,35,12,24,22,14,10,25,29,64,18,39,10,11,10,13,10,56,23,66,22,190.0,84.0,Right,2,1,Cross Claimer|Far Throw,2,0,Turkey,Trendyol Süper Lig,Konyaspor,bahad r gungordu
678,678,229091,Bailey Peacock-Farrell,M,29,GK,,0,68,69,67,68,70,60,66,60,61,14,11,51,17,11,29,14,61,11,44,48,20,17,40,59,59,28,52,20,17,26,20,20,70,40,67,40,193.0,73.0,Left,3,1,Cross Claimer|Footwork,2,0,Northern Ireland,EFL League One,Blackpool,bailey peacock farrell
678,678,204825,Ben Wilson,M,33,GK,,0,68,70,67,62,71,41,65,40,42,17,19,47,16,14,32,18,44,14,32,30,14,19,44,50,61,20,49,19,15,18,14,17,57,30,55,29,190.0,76.0,Right,3,1,,0,0,England,EFL Championship,Coventry City,ben wilson
678,678,197641,Benjamin Leroy,M,36,GK,,0,68,65,66,67,69,46,69,46,46,9,13,50,11,10,22,12,53,19,23,14,11,14,37,40,69,18,60,15,12,14,12,17,48,28,40,25,184.0,75.0,Right,3,1,Footwork,1,0,France,Ligue 1 McDonald's,FC Lorient,benjamin leroy
678,678,206145,Benjamin Uphoff,M,32,GK,,0,68,67,69,64,67,38,68,36,40,10,8,48,7,9,24,11,26,11,36,22,8,10,29,34,66,22,23,12,12,13,11,13,59,23,64,15,192.0,84.0,Right,2,1,,0,0,Germany,3. Liga,FC Hansa Rostock,benjamin uphoff
678,678,164505,Brad Guzan,M,41,GK,,0,68,69,67,65,69,38,65,38,37,12,14,49,15,15,35,16,51,11,26,34,15,14,37,47,68,28,53,19,12,12,15,14,63,30,71,35,193.0,94.0,Left,3,1,Far Throw|Footwork|Long Ball Pass,3,0,United States,MLS,Atlanta United,brad guzan
678,678,247976,Cătălin Căbuz,M,29,GK,,0,68,68,64,64,72,35,64,36,33,6,7,48,9,7,18,13,53,10,26,29,14,10,45,39,66,15,21,7,14,12,14,14,64,32,73,22,187.0,79.0,Right,3,1,Cross Claimer|Far Throw|Footwork|Long Ball Pass,4,0,Romania,SUPERLIGA,FC Hermannstadt,catalin cabuz
678,678,199803,Daniel Batz,M,35,GK,,0,68,67,67,64,69,35,69,36,33,12,11,48,12,12,23,16,39,10,36,34,10,19,44,38,65,23,48,14,20,30,17,12,60,29,61,23,191.0,90.0,Right,2,1,,0,0,Germany,Bundesliga,1. FSV Mainz 05,daniel batz
678,678,244256,Daniel Bielica,M,26,GK,,0,68,70,66,65,68,38,66,42,33,7,9,49,7,5,12,11,47,14,30,29,14,6,32,33,62,13,46,11,11,20,13,14,58,29,59,25,191.0,76.0,Right,2,1,,0,0,Poland,Eredivisie,NAC Breda,daniel bielica
678,678,216110,Dawid Kudła,M,34,GK,,0,68,65,68,69,66,45,69,43,48,14,15,52,20,12,19,14,51,15,26,20,15,14,59,57,63,20,60,25,16,20,15,19,70,43,80,21,189.0,84.0,Right,2,1,Footwork,1,0,Poland,PKO BP Ekstraklasa,GKS Katowice,dawid kud a
678,678,270865,Diego Calai,M,21,GK,,0,68,68,65,66,70,22,70,22,22,4,5,50,6,5,12,11,21,12,33,34,11,8,35,23,60,14,38,12,11,9,11,11,61,21,77,16,190.0,90.0,Right,4,1,,0,0,Brazil,Liga Portugal,Sporting CP,diego calai
678,678,199493,Diego Mariño,M,35,GK,,0,68,67,67,64,67,50,67,48,52,11,16,48,14,18,23,22,58,11,35,33,16,15,65,46,69,21,59,26,20,18,15,16,67,35,69,30,187.0,77.0,Right,2,1,,0,0,Spain,LALIGA HYPERMOTION,Albacete BP,diego marino
678,678,259606,Diego Romero,M,24,GK,,0,68,65,67,67,67,25,68,32,15,6,8,50,9,7,17,12,46,13,20,17,11,5,23,33,68,18,29,12,13,5,10,10,63,28,75,29,189.0,83.0,Right,2,1,,0,0,Peru,LPF,Banfield,diego romero
678,678,279565,Diogo Pinto,M,21,GK,,0,68,72,66,68,71,27,70,30,22,5,8,51,6,10,11,14,34,12,44,42,13,7,39,26,47,16,28,14,10,6,11,14,54,23,59,22,195.0,89.0,Right,3,1,,0,0,Portugal,Liga Portugal,Estrela Amadora,diogo pinto
678,678,189146,Dávid Gróf,M,36,GK,,0,68,66,70,66,75,62,62,63,60,13,19,50,18,19,11,14,25,14,36,22,15,24,64,52,62,35,64,23,13,26,18,20,70,42,68,25,193.0,90.0,Right,3,1,Far Throw,1,0,Hungary,Magyar Liga,Ferencvárosi TC,david grof
678,678,226656,Edvinas Gertmonas,M,29,GK,,0,68,69,65,58,70,51,68,49,53,20,17,44,17,17,21,12,21,14,29,27,14,15,34,48,64,23,48,22,18,14,13,17,73,36,80,26,192.0,92.0,Right,3,1,Cross Claimer,1,0,Lithuania,SUPERLIGA,FC Univ. Cluj,edvinas gertmonas
678,678,265269,Emily Ramsey,F,25,GK,,0,68,68,68,70,67,35,66,36,33,6,7,53,15,9,19,13,46,18,31,35,11,12,44,59,67,19,60,9,8,15,12,15,62,27,71,22,180.0,72.0,Right,3,1,,0,0,England,Barclays WSL,Everton,emily ramsey
678,678,259166,Etienne Green,M,25,GK,,0,68,69,68,71,69,26,67,28,22,4,6,53,10,5,12,14,31,13,27,17,12,15,38,29,60,17,35,7,12,9,13,11,58,34,70,23,192.0,78.0,Right,3,1,,0,0,England,3F Superliga,FC Fredericia,etienne green
678,678,72022,Ewen Jaouen,M,20,GK,,0,68,71,65,66,70,32,67,28,38,8,9,50,8,8,31,12,42,13,26,18,12,9,37,25,56,12,36,13,11,9,14,11,61,28,75,28,197.0,82.0,Right,2,1,,0,0,France,Ligue 2 BKT,Stade de Reims,ewen jaouen
678,678,253442,Fabian de Keijzer,M,25,GK,,0,68,68,64,68,70,31,67,33,28,8,9,51,5,5,19,12,44,13,31,29,10,11,37,33,68,18,36,9,13,11,14,11,60,31,70,24,193.0,83.0,Right,3,1,Cross Claimer,1,0,Holland,Eredivisie,Heracles Almelo,fabian de keijzer
678,678,257752,Federico Del Frate,M,30,GK,,0,68,68,64,58,70,24,72,22,27,8,6,44,5,5,12,10,30,10,28,20,12,11,28,24,64,14,33,7,11,8,10,14,54,23,63,19,192.0,83.0,Left,2,1,,0,0,Italy,Serie BKT,Entella,federico del frate
678,678,259718,Felix Gebhardt,M,24,GK,,0,68,67,64,65,71,45,66,45,46,15,14,49,14,15,20,18,26,16,35,30,17,16,36,50,65,26,36,23,13,14,20,13,64,40,70,27,189.0,83.0,Right,3,1,Far Throw|Footwork,2,0,Germany,3. Liga,Jahn Regensburg,felix gebhardt
678,678,240043,Filip Manojlović,M,29,GK,,0,68,70,67,68,69,20,64,21,18,7,8,51,9,5,16,11,32,12,22,24,10,14,36,21,65,16,50,10,13,18,12,10,59,17,74,18,197.0,82.0,Right,3,1,,0,0,Serbia,Allsvenskan,Djurgårdens IF,filip manojlovic
678,678,208776,Florian Stritzel,M,32,GK,,0,68,69,68,54,69,34,72,32,36,10,9,41,10,8,16,8,24,14,22,16,12,10,31,28,57,12,29,10,14,10,13,12,62,27,71,22,197.0,92.0,Right,3,1,Cross Claimer|Deflector,2,0,Germany,3. Liga,Wehen Wiesbaden,florian stritzel
678,678,266641,Frank Feller,M,22,GK,,0,68,73,69,69,68,30,72,29,32,6,7,52,6,7,13,12,40,11,33,33,10,12,35,43,43,18,47,10,13,8,14,13,43,26,41,24,183.0,76.0,Right,3,1,,0,0,Germany,Bundesliga,Heidenheim,frank feller
678,678,248158,Gabriel Slonina,M,21,GK,,0,68,70,64,63,70,45,65,43,47,10,10,47,10,10,13,10,50,12,25,30,11,15,50,45,68,25,50,13,11,20,11,12,63,35,70,40,193.0,89.0,Right,2,1,,0,0,United States,Premier League,Chelsea,gabriel slonina
678,678,234903,Gaëtan Coucke,M,27,GK,,0,68,72,68,66,70,39,62,40,37,5,6,50,4,8,15,8,41,11,34,38,12,13,46,34,64,18,32,10,13,15,11,14,57,31,58,24,187.0,83.0,Right,3,1,Footwork,1,0,Belgium,Serie BKT,Sampdoria,gaetan coucke
678,678,188968,Gonzalo Marinelli,M,37,GK,,0,68,68,66,60,70,38,65,39,37,17,15,45,13,14,18,12,53,16,34,28,16,14,46,58,68,25,53,24,21,18,18,17,49,33,42,21,180.0,79.0,Right,2,1,Rush Out,1,0,Argentina,LPF,Ind. Rivadavia,gonzalo marinelli
678,678,166963,Gökhan Değirmenci,M,37,GK,,0,68,68,68,63,66,47,70,41,55,14,15,47,14,13,15,11,12,10,35,34,16,12,38,60,60,29,15,22,16,21,19,22,61,38,62,19,185.0,79.0,Right,2,1,Far Throw,1,0,Turkey,Trendyol Süper Lig,Kocaelispor,gokhan degirmenci
678,678,264133,Hákon Valdimarsson,M,24,GK,,0,68,68,65,64,69,20,68,20,20,14,11,48,16,18,12,15,57,10,40,42,29,13,32,44,65,19,32,12,10,12,10,11,46,35,50,26,195.0,89.0,Right,2,1,,0,0,Iceland,Premier League,Brentford,hakon valdimarsson
678,678,269943,Inès Marques,F,22,GK,,0,68,71,66,69,72,43,63,44,41,10,9,52,9,8,16,12,31,12,24,21,14,12,48,51,57,18,36,13,9,16,16,14,46,31,39,22,169.0,60.0,Right,2,1,,0,0,France,Arkema PL,Paris FC,ines marques
678,678,210347,Ivan Lučić,M,31,GK,,0,68,60,65,75,71,39,67,38,41,5,8,56,14,18,24,13,43,22,49,56,15,10,33,42,72,34,62,18,14,11,13,19,68,21,80,19,194.0,98.0,Right,3,1,,0,0,Austria,Liga Hrvatska,Hajduk Split,ivan lucic
678,678,235606,Jacob Karlstrøm,M,29,GK,,0,68,67,66,68,68,38,67,38,37,11,9,51,10,12,18,14,48,14,32,36,15,19,38,46,63,28,42,16,16,20,12,12,65,28,72,26,200.0,90.0,Right,2,1,Long Ball Pass,1,0,Norway,Eliteserien,Molde FK,jacob karlstr m
678,678,221584,Jacob Rinne,M,32,GK,,0,68,67,66,74,69,46,66,46,47,14,15,56,15,14,26,15,68,15,40,62,17,16,47,33,66,30,64,15,16,23,14,16,64,35,67,27,188.0,87.0,Left,3,1,Far Throw|Footwork|Long Ball Pass,3,0,Sweden,Allsvenskan,Djurgårdens IF,jacob rinne
678,678,257273,Jan Olschowsky,M,24,GK,,0,68,70,68,70,68,20,69,22,17,8,6,53,7,9,15,14,50,10,26,30,13,12,30,44,49,10,38,11,13,18,11,11,41,16,42,23,184.0,83.0,Right,3,1,Footwork,1,0,Germany,3. Liga,Aleman. Aachen,jan olschowsky
678,678,226804,Joaquín Papaleo,M,32,GK,,0,68,67,66,64,67,40,68,41,39,12,11,48,12,19,25,11,21,10,18,17,12,14,45,51,66,13,45,22,13,13,17,14,57,24,56,23,186.0,76.0,Right,2,1,,0,0,Argentina,LPF,Instituto,joaquin papaleo
678,678,243917,Joe Gauci,M,25,GK,,0,68,71,65,60,72,30,64,27,35,8,5,45,5,5,17,9,27,10,22,24,9,14,40,35,60,13,40,19,10,20,10,10,56,27,65,26,194.0,87.0,Right,3,1,Cross Claimer|Far Throw,2,0,Australia,EFL League One,Port Vale,joe gauci
678,678,212710,Joel Pereira,M,29,GK,,0,68,69,65,66,69,55,66,55,56,14,12,50,11,7,12,10,64,11,48,45,9,20,58,44,64,30,65,20,11,20,11,9,65,34,63,43,188.0,84.0,Right,2,1,Far Throw,1,0,Portugal,EFL League One,Reading,joel pereira
678,678,227909,John McCarthy,M,33,GK,,0,68,69,69,58,70,35,65,35,34,19,17,44,13,18,18,17,18,13,24,14,15,10,36,40,57,12,44,19,17,14,13,15,59,38,60,32,185.0,84.0,Right,2,1,Far Throw|Footwork,2,0,United States,MLS,Red Bulls,john mccarthy
678,678,163600,John Ruddy,M,39,GK,,0,68,66,69,66,67,35,68,34,37,15,7,50,15,11,18,14,39,13,25,23,13,11,22,21,68,23,53,22,12,11,11,11,60,34,70,24,193.0,97.0,Right,3,1,Cross Claimer|Far Throw,2,0,England,Premier League,Newcastle Utd,john ruddy
678,678,197928,Jonathan Bond,M,32,GK,,0,68,68,66,65,67,49,68,54,42,13,13,49,15,14,17,11,43,13,33,45,14,11,57,55,66,24,67,23,13,14,14,17,65,38,64,37,193.0,84.0,Right,2,1,Footwork,1,0,England,MLS,Houston Dynamo,jonathan bond
678,678,279705,Josh Cohen,M,33,GK,,0,68,67,66,65,66,28,68,31,23,8,7,49,9,9,12,11,36,12,26,26,12,14,22,38,67,14,26,11,10,5,11,11,53,22,55,21,186.0,79.0,Left,3,1,,0,0,United States,MLS,Atlanta United,josh cohen
678,678,222411,Jérôme Prior,M,30,GK,,0,68,68,65,66,70,51,68,48,55,15,16,50,17,17,14,13,46,16,38,40,16,18,35,51,63,22,59,25,15,10,14,13,71,30,78,40,187.0,86.0,Left,3,1,,0,0,France,Scottish Prem,Livingston,jerome prior
678,678,232065,Kim Dong Joon,M,31,GK,,0,68,70,69,65,70,43,65,43,43,18,17,49,16,17,18,13,52,12,42,27,13,13,51,56,60,18,60,19,18,12,16,24,50,42,44,41,189.0,85.0,Right,3,1,Far Throw|Footwork,2,0,Korea Republic,K League 1,Jeju United,kim dong joon
678,678,209293,Koen Van Langendonck,M,36,GK,,0,68,67,66,69,64,27,70,23,33,14,12,52,16,15,22,20,53,12,30,27,15,11,32,39,65,18,47,16,13,22,14,20,57,28,70,35,187.0,86.0,Right,3,1,,0,0,Belgium,1A Pro League,KVC Westerlo,koen van langendonck
678,678,224846,Konstantinos Kotsaris,M,29,GK,,0,68,70,65,60,73,49,67,52,45,18,18,45,13,15,32,17,43,17,25,22,16,13,65,54,60,19,51,11,20,17,16,14,67,38,66,24,185.0,75.0,Right,3,1,,0,0,Greece,Hellas Liga,Panathinaikos,konstantinos kotsaris
678,678,237935,Kristoffer Klaesson,M,25,GK,,0,68,67,65,66,68,35,67,36,33,8,12,50,12,12,17,12,47,14,33,29,14,19,49,42,65,25,43,12,14,12,14,13,56,25,56,31,189.0,76.0,Left,2,1,,0,0,Norway,Eliteserien,Viking FK,kristoffer klaesson
678,678,272293,Laura Sieger,F,26,GK,,0,68,66,65,67,69,33,67,30,38,6,18,50,15,8,59,11,47,12,26,48,21,12,42,66,67,13,33,19,9,24,24,17,50,35,54,31,165.0,57.0,Right,3,1,Footwork,1,0,Germany,GPFBL,Hamburger SV,laura sieger
678,678,257985,Lautaro Amadé,M,26,GK,,0,68,69,67,68,68,43,66,42,44,9,8,51,10,6,20,9,28,14,25,24,11,20,35,34,59,23,37,19,22,15,15,13,66,24,70,31,192.0,88.0,Right,2,1,,0,0,Argentina,Sudamericana,Racing Club,lautaro amade
678,678,203423,Lawrence Thomas,M,33,GK,,0,68,70,67,69,66,36,67,34,40,14,14,52,13,20,15,14,52,15,42,41,19,18,52,34,65,22,52,12,12,16,20,18,60,32,70,32,191.0,91.0,Right,2,1,Footwork|Long Ball Pass,2,0,Australia,A-League,WS Wanderers,lawrence thomas
678,678,251157,Lee Gwang Yeon,M,26,GK,,0,68,70,62,58,74,23,66,20,28,6,8,44,8,7,14,10,33,13,25,24,12,11,58,43,62,10,26,12,11,8,14,12,54,26,64,27,184.0,85.0,Right,2,1,Footwork|Rush Out,2,0,Korea Republic,K League 1,Gangwon FC,lee gwang yeon
678,678,264997,Lina von Schrader,F,22,GK,,0,68,69,64,68,71,45,70,48,40,18,19,51,23,12,25,24,59,22,40,35,15,21,46,49,57,32,59,11,6,28,12,13,61,24,63,40,175.0,64.0,Right,2,1,,0,0,Germany,GPFBL,RB Leipzig,lina von schrader
678,678,257638,Luca Philipp,M,25,GK,,0,68,68,64,64,70,26,69,24,29,7,4,48,6,5,13,9,37,10,26,22,11,9,29,24,60,10,31,10,12,6,13,11,48,20,50,20,192.0,83.0,Right,2,1,,0,0,Germany,Bundesliga,TSG Hoffenheim,luca philipp
678,678,236608,Lucas Bruera,M,28,GK,,0,68,69,68,66,68,33,66,31,35,14,11,50,10,11,19,12,43,13,19,24,11,12,45,46,64,18,38,14,11,22,13,11,51,31,54,27,185.0,81.0,Right,3,1,,0,0,Argentina,Libertadores,Carabobo FC,lucas bruera
678,678,243810,Luis Ingolotti,M,26,GK,,0,68,70,66,64,70,32,65,34,30,6,9,48,6,5,17,13,42,12,31,22,12,10,41,46,59,15,49,12,12,20,14,12,51,34,50,18,184.0,81.0,Right,2,1,,0,0,Argentina,LPF,Gimnasia,luis ingolotti
678,678,251773,Luis Romero,M,35,GK,,0,68,67,65,65,69,24,72,20,29,5,6,49,6,9,11,12,45,13,17,15,14,12,37,35,55,14,23,9,14,11,11,14,51,28,56,25,188.0,87.0,Right,2,1,Deflector,1,0,Venezuela,Sudamericana,Puerto Cabello,luis romero
678,678,79727,Luisa Palmen,F,24,GK,,0,68,65,68,70,69,21,67,19,25,10,9,53,8,7,19,13,57,16,27,28,12,11,24,46,64,14,41,14,22,15,16,13,42,25,39,18,180.0,70.0,Right,1,1,,0,0,Germany,GPFBL,SGS Essen,luisa palmen
678,678,262298,Marcel Lotka,M,24,GK,,0,68,68,65,56,71,24,69,24,25,7,11,42,8,8,10,12,23,7,20,23,12,9,26,29,66,12,30,10,11,8,10,9,56,29,66,22,190.0,85.0,Right,3,1,Far Throw|Footwork|Long Ball Pass,3,0,Poland,Bundesliga 2,Düsseldorf,marcel lotka
678,678,230631,Marco Festa,M,33,GK,,0,68,67,66,70,69,46,70,48,43,14,17,53,19,16,13,13,45,13,31,21,13,18,37,46,62,21,53,21,17,11,15,18,72,38,80,24,190.0,85.0,Right,3,1,,0,0,Italy,Serie BKT,Mantova,marco festa
678,678,233691,Marius Adamonis,M,28,GK,,0,68,69,67,65,72,30,63,30,30,7,8,49,5,9,17,12,40,11,20,20,12,11,34,39,65,16,51,12,11,18,13,14,56,26,61,22,191.0,80.0,Right,3,1,,0,0,Lithuania,Serie BKT,Südtirol,marius adamonis
678,678,213573,Marius Gersbeck,M,30,GK,,0,68,67,70,54,70,42,65,41,43,15,17,41,16,19,24,18,32,13,38,35,14,21,39,50,66,24,52,23,15,14,16,15,58,36,57,36,187.0,83.0,Left,3,1,Cross Claimer|Far Throw,2,0,Germany,Bundesliga 2,Hertha BSC,marius gersbeck
678,678,238093,Matias Tagliamonte,M,28,GK,,0,68,65,63,64,71,40,72,38,42,12,6,48,9,8,27,10,33,24,32,30,25,13,35,43,65,27,41,20,26,21,22,17,63,37,62,33,194.0,78.0,Left,3,1,Footwork,1,0,Argentina,LPF,Unión,matias tagliamonte
678,678,269096,Max Weiß,M,21,GK,,0,68,70,64,67,72,35,61,35,34,9,6,50,6,8,13,10,40,14,33,29,11,10,33,40,67,19,40,12,11,9,13,10,58,28,62,18,190.0,84.0,Right,2,1,Footwork,1,0,Germany,Premier League,Burnley,max wei
678,678,215546,Michael Brouwer,M,33,GK,,0,68,71,67,65,67,26,64,25,27,4,18,49,17,17,27,13,33,16,24,23,18,18,32,32,67,26,40,9,16,21,20,19,44,25,43,21,189.0,81.0,Right,3,1,,0,0,Holland,Eredivisie,FC Utrecht,michael brouwer
678,678,231413,Michael Verrips,M,29,GK,,0,68,68,66,68,68,17,65,17,16,7,6,51,6,8,16,11,35,11,25,25,12,13,23,21,66,14,28,7,10,15,14,14,54,17,67,23,195.0,90.0,Right,3,1,Footwork,1,0,Holland,1A Pro League,FCV Dender EH,michael verrips
678,678,263922,Mohamed Koné,M,24,GK,,0,68,68,68,64,70,31,64,27,37,7,7,48,6,5,11,13,22,12,21,17,10,14,25,21,63,13,30,13,14,5,11,14,56,28,60,17,186.0,78.0,Right,3,1,,0,0,Côte d'Ivoire,1A Pro League,Sp. Charleroi,mohamed kone
678,678,274767,Morgan Messner,F,26,GK,,0,68,66,68,66,69,41,67,40,43,4,5,50,5,5,11,11,37,10,18,21,14,5,35,60,67,10,27,10,12,6,11,13,57,36,58,18,178.0,64.0,Right,2,1,,0,0,United States,NWSL,Portland Thorns,morgan messner
678,678,79731,Nadine Böhi,F,22,GK,,0,68,67,66,68,70,34,67,33,36,9,9,51,11,7,16,15,49,14,22,24,13,11,31,50,64,14,28,15,16,11,17,15,45,22,41,18,178.0,70.0,Right,1,1,,0,0,Switzerland,GPFBL,Union Berlin,nadine bohi
678,678,257497,Nikolas Polster,M,23,GK,,0,68,68,66,63,71,19,65,21,16,5,9,47,7,6,16,12,40,12,19,29,13,6,35,48,69,17,25,10,13,7,14,11,51,20,55,16,189.0,80.0,Right,3,1,,0,0,Austria,Ö. Bundesliga,Wolfsberger AC,nikolas polster
678,678,222263,Nordin Jackers,M,28,GK,,0,68,67,67,64,69,43,66,41,46,12,17,48,19,14,28,13,35,18,27,24,15,12,48,52,63,15,30,12,15,18,15,12,55,28,51,21,187.0,72.0,Right,2,1,Footwork,1,0,Belgium,1A Pro League,Club Brugge,nordin jackers
678,678,275451,Olivia Clark,F,24,GK,,0,68,67,68,65,66,45,66,45,44,13,9,49,10,8,21,11,65,16,31,34,14,14,41,62,68,16,62,12,7,14,12,13,62,34,70,26,174.0,65.0,Right,3,1,Rush Out,1,0,Wales,Barclays WSL,Leicester City,olivia clark
678,678,272271,Patricia Larqué,F,33,GK,,0,68,66,62,60,68,36,72,38,34,10,13,45,9,11,20,10,22,13,15,15,10,11,21,30,71,20,15,12,15,11,11,10,43,22,30,18,165.0,62.0,Right,2,1,,0,0,Spain,Liga F Moeve,Atlético de Madrid,patricia larque
678,678,211021,Per Kristian Bråtveit,M,30,GK,,0,68,65,66,67,69,48,68,48,48,20,15,50,15,17,15,15,43,18,31,29,13,15,39,57,67,15,50,23,15,8,17,13,63,38,62,19,188.0,72.0,Right,3,1,Footwork|Long Ball Pass,2,0,Norway,Eliteserien,Strømsgodset IF,per kristian bratveit
678,678,231720,Quentin Braat,M,28,GK,,0,68,68,65,73,68,29,67,30,28,9,7,55,5,9,14,12,36,13,30,23,15,11,37,29,63,16,55,17,14,10,14,12,65,26,78,27,194.0,90.0,Right,2,1,Cross Claimer|Footwork,2,0,France,Ligue 2 BKT,Rodez AF,quentin braat
678,678,192397,Rafael,M,35,GK,,0,68,68,64,56,72,43,68,39,49,10,10,42,18,18,23,18,41,11,30,28,12,17,52,42,67,23,46,29,13,13,11,17,61,32,66,29,186.0,83.0,Right,2,1,,0,0,Brazil,MLS,Real Salt Lake,rafael
678,678,219715,Raffaele Di Gennaro,M,32,GK,,0,68,71,67,62,69,43,65,41,45,13,15,47,9,20,24,12,43,18,25,21,14,19,35,42,66,26,67,23,16,6,18,17,55,40,51,22,186.0,80.0,Right,2,1,,0,0,Italy,Serie A Enilive,Lombardia FC,raffaele di gennaro
678,678,199812,Ryan Allsop,M,33,GK,,0,68,66,67,72,69,42,66,42,42,10,11,54,15,15,27,15,58,12,50,59,14,26,48,44,64,33,54,23,13,17,11,11,57,37,55,28,189.0,80.0,Right,3,1,Far Reach|Footwork,2,0,England,EFL Championship,Birmingham City,ryan allsop
678,678,272417,Santiago Silva,M,26,GK,,0,68,68,66,70,69,37,65,37,38,16,14,53,14,16,13,12,21,20,14,12,19,18,28,31,70,12,39,18,15,15,16,14,61,30,66,30,186.0,78.0,Right,3,1,Far Throw,1,0,Uruguay,Sudamericana,América de Cali,santiago silva
678,678,190780,Sean Johnson,M,36,GK,,0,68,67,65,69,71,35,67,34,37,13,12,52,20,17,16,13,35,19,43,46,13,19,40,52,66,20,50,18,14,16,15,15,63,35,72,30,190.0,98.0,Right,2,1,,0,0,United States,MLS,Toronto FC,sean johnson
678,678,252284,Simão Bertelli,M,32,GK,,0,68,70,67,66,69,27,68,29,25,5,9,50,5,7,16,11,34,14,21,25,12,13,32,31,58,12,38,9,11,5,12,13,56,17,62,21,187.0,83.0,Right,2,1,,0,0,Brazil,Liga Portugal,AVS Futebol SAD,simao bertelli
678,678,265279,Sophie Baggaley,F,29,GK,,0,68,70,65,76,68,44,64,46,41,8,7,57,15,14,21,16,47,13,30,31,17,19,46,59,68,20,30,18,8,11,16,18,61,20,63,29,167.0,65.0,Right,3,1,Far Reach,1,0,England,Barclays WSL,Brighton,sophie baggaley
678,678,205878,Stefanos Kapino,M,32,GK,,0,68,69,64,65,68,46,68,46,47,3,13,49,19,19,26,12,45,18,26,27,14,14,45,35,66,29,55,14,12,24,11,14,67,38,75,23,196.0,88.0,Right,2,1,Footwork,1,0,Greece,Brack Super League,FC Winterthur,stefanos kapino
678,678,269434,Stijn van Gassel,M,29,GK,,0,68,69,66,62,72,44,65,45,43,6,10,47,9,8,14,13,39,13,21,19,16,14,38,39,65,18,41,14,14,9,12,13,64,35,67,28,186.0,81.0,Left,3,1,Far Throw|Footwork,2,0,Holland,Eredivisie,Excelsior,stijn van gassel
678,678,252911,Tim Schreiber,M,23,GK,,0,68,70,64,61,72,29,66,29,28,5,7,46,6,9,18,14,44,11,42,36,11,14,44,25,58,19,38,15,10,9,11,14,57,36,67,28,191.0,87.0,Right,2,1,Footwork,1,0,Germany,Bundesliga 2,Dynamo Dresden,tim schreiber
678,678,269752,Tom Vandenberghe,M,33,GK,,0,68,69,65,60,69,29,70,31,25,5,7,45,5,5,18,14,31,14,25,24,12,11,34,35,64,19,30,6,11,5,12,12,58,26,67,18,190.0,78.0,Right,3,1,Footwork|Rush Out,2,0,Belgium,1A Pro League,KAA Gent,tom vandenberghe
678,678,275325,Tommaso Martinelli,M,20,GK,,0,68,69,67,64,70,23,69,25,19,4,8,48,5,6,13,12,40,13,19,18,14,8,31,22,51,19,42,8,10,6,10,12,57,18,70,17,196.0,90.0,Right,3,1,,0,0,Italy,Serie A Enilive,Fiorentina,tommaso martinelli
678,678,185172,Vincenzo Fiorillo,M,36,GK,,0,68,70,64,61,69,38,66,36,42,10,15,46,6,6,22,8,48,7,28,25,9,14,55,35,66,19,62,16,9,20,10,10,57,31,61,11,190.0,79.0,Right,3,1,,0,0,Italy,Serie BKT,Carrarese Calcio,vincenzo fiorillo
678,678,224599,Yan Junling,M,35,GK,,0,68,68,68,67,66,49,68,53,43,15,14,50,13,16,21,15,66,14,30,30,20,17,33,45,67,24,62,25,19,13,13,13,71,43,72,16,191.0,83.0,Right,2,1,Footwork,1,0,China PR,CSL,Shanghai Port FC,yan junling
678,678,271034,Álex Padilla,M,22,GK,,0,68,70,67,63,71,34,67,37,29,7,6,47,8,5,16,13,34,11,22,20,12,10,35,35,51,15,27,8,8,6,15,10,57,22,62,26,190.0,83.0,Right,3,1,,0,0,Mexico,LALIGA EA SPORTS,Athletic Club,alex padilla
778,778,244827,Alejandro Duarte,M,31,GK,,0,67,67,65,64,67,25,65,25,25,4,9,48,6,8,17,14,45,12,29,24,11,13,23,42,66,17,53,10,10,15,13,21,55,22,64,16,181.0,80.0,Right,2,1,Footwork,1,0,Peru,Libertadores,Sporting Cristal,alejandro duarte
778,778,72802,Alexandru Roșca,M,22,GK,,0,67,70,64,58,70,31,64,29,33,10,11,44,16,15,24,25,35,10,30,32,11,15,30,34,64,19,24,14,18,11,17,15,44,28,40,30,186.0,82.0,Right,3,1,,0,0,Romania,SUPERLIGA,FC Dinamo 1948,alexandru rosca
778,778,228231,Alfredo Aguilar,M,37,GK,,0,67,65,64,67,68,46,68,46,46,15,17,50,19,13,22,12,58,14,25,23,15,16,40,51,68,20,34,23,16,15,15,19,71,36,80,24,184.0,90.0,Right,3,1,Footwork,1,0,Paraguay,Sudamericana,Sportivo Luqueño,alfredo aguilar
778,778,246958,Aljaž Ivačič,M,32,GK,,0,67,69,65,62,70,39,64,37,41,7,9,47,6,9,10,13,50,12,19,18,11,11,24,35,63,12,27,11,12,5,10,12,59,34,64,16,188.0,82.0,Right,3,1,Cross Claimer|Footwork,2,0,Slovenia,MLS,New England,aljaz ivacic
778,778,198633,Antony Iannarilli,M,35,GK,,0,67,64,66,70,68,44,66,44,43,12,19,53,20,16,39,13,35,23,30,28,11,30,56,38,64,26,48,29,31,11,22,21,58,35,49,43,186.0,79.0,Right,2,1,,0,0,Italy,Serie BKT,Avellino,antony iannarilli
778,778,74912,Ava Easdon,F,19,GK,,0,67,64,65,66,67,20,68,19,21,5,8,50,9,6,14,13,32,14,18,18,10,14,31,49,66,16,21,13,11,7,12,11,52,16,61,26,166.0,65.0,Right,2,1,,0,0,Scotland,Scottish Women's League,Glasgow City FC,ava easdon
778,778,251433,Ben Voll,M,25,GK,,0,67,68,64,65,70,24,66,24,25,8,9,49,9,9,10,9,32,11,27,24,12,11,27,24,60,15,59,9,13,9,13,11,56,22,67,21,195.0,86.0,Right,3,1,Rush Out,1,0,Germany,Bundesliga,FC St. Pauli,ben voll
778,778,236568,Brandon Austin,M,27,GK,,0,67,69,65,64,66,41,65,36,49,8,9,48,9,6,11,12,34,11,30,30,12,14,42,38,62,24,45,11,13,17,12,12,53,18,54,27,188.0,77.0,Right,2,1,,0,0,England,Premier League,Spurs,brandon austin
778,778,203239,Caio Secco,M,35,GK,,0,67,62,65,60,66,40,71,41,39,15,15,45,13,18,17,15,50,15,37,36,12,14,51,28,66,20,36,26,12,13,17,17,59,25,61,30,195.0,92.0,Right,2,1,Cross Claimer,1,0,Brazil,Liga Portugal,Moreirense FC,caio secco
778,778,261294,Calvin Raatsie,M,24,GK,,0,67,65,68,69,68,37,65,39,35,11,10,52,12,8,13,16,43,11,36,37,14,12,23,40,63,25,46,16,14,12,12,17,51,31,60,31,188.0,70.0,Right,3,1,,0,0,Holland,Eredivisie,Excelsior,calvin raatsie
778,778,252456,Carl Klaus,M,32,GK,,0,67,67,69,66,70,29,65,27,32,7,7,50,8,9,13,10,47,11,23,28,11,8,29,44,52,11,43,9,10,9,12,10,49,31,51,21,189.0,86.0,Right,2,1,,0,0,Germany,Bundesliga,Union Berlin,carl klaus
778,778,215417,Christian Mathenia,M,34,GK,,0,67,69,66,52,70,43,65,44,42,15,12,39,15,16,23,15,37,15,31,25,15,15,34,38,62,23,54,19,14,17,12,12,63,38,69,31,190.0,89.0,Right,2,1,Far Reach,1,0,Germany,Bundesliga 2,1. FC Nürnberg,christian mathenia
778,778,224491,Christian Ortag,M,31,GK,,0,67,70,67,60,68,45,68,45,45,12,18,45,24,19,23,14,41,21,24,19,19,15,33,47,51,23,25,21,20,22,15,13,68,37,72,35,197.0,82.0,Right,3,1,,0,0,Germany,3. Liga,SSV Ulm 1846,christian ortag
778,778,76323,Clare Gagne,F,26,GK,,0,67,66,67,65,67,21,65,22,19,5,7,49,5,6,15,12,38,13,20,20,11,9,33,48,65,13,33,14,11,6,12,11,44,27,45,20,183.0,70.0,Right,2,1,,0,0,United States,NWSL,KC Current,clare gagne
778,778,246987,Conor Kearns,M,27,GK,,0,67,66,65,62,69,32,66,33,30,6,9,47,5,6,18,10,62,13,39,36,13,7,35,34,61,25,52,7,10,6,14,13,57,39,64,30,188.0,76.0,Right,2,1,Far Throw,1,0,Republic of Ireland,SSE Airtricity PD,Shelbourne,conor kearns
778,778,53110,Craig Gordon,M,43,GK,,0,67,67,66,63,68,26,66,27,25,15,12,47,12,14,20,12,44,12,33,26,16,10,53,49,65,26,47,25,14,22,14,12,56,23,62,32,193.0,83.0,Left,3,1,Far Throw|Footwork,2,0,Scotland,Scottish Prem,Hearts,craig gordon
778,778,224947,Daniel Grimshaw,M,28,GK,,0,67,69,62,69,69,45,65,44,47,15,12,52,18,18,22,19,37,14,34,47,22,20,38,41,60,26,37,19,17,11,21,17,49,42,42,21,185.0,77.0,Right,2,1,Footwork|Long Ball Pass,2,0,England,EFL Championship,Norwich,daniel grimshaw
778,778,254962,Drake Callender,M,28,GK,,0,67,68,66,63,69,25,63,25,25,4,5,47,7,6,11,13,25,13,27,24,10,14,23,23,62,14,36,6,13,5,13,11,60,30,74,16,191.0,88.0,Right,1,1,Far Throw|Footwork,2,0,United States,MLS,Charlotte FC,drake callender
778,778,276829,Fabricio Iacovich,M,24,GK,,0,67,68,66,62,67,49,64,50,48,9,14,47,18,16,37,18,44,22,32,27,23,24,53,44,66,28,45,13,27,12,18,17,75,22,78,33,198.0,93.0,Left,3,1,,0,0,Argentina,LPF,Estudiantes,fabricio iacovich
778,778,193302,Filip Kurto,M,34,GK,,0,67,67,65,60,68,49,66,47,52,13,13,45,13,12,15,12,22,12,26,24,11,14,52,43,66,34,51,20,11,12,11,11,63,42,67,38,191.0,82.0,Right,3,1,Footwork|Rush Out,2,0,Poland,A-League,Macarthur FC,filip kurto
778,778,72937,Florian Wiegele,M,25,GK,,0,67,70,64,63,66,23,65,23,23,5,6,47,7,8,15,14,44,12,18,29,10,5,21,29,63,14,39,14,10,9,12,13,58,27,71,28,205.0,87.0,Left,3,1,Cross Claimer,1,0,Austria,Česká Liga,Viktoria Plzeň,florian wiegele
778,778,237615,Giacomo Poluzzi,M,38,GK,,0,67,65,66,61,66,44,71,40,49,6,6,46,6,6,15,13,45,12,20,28,13,12,39,28,65,17,49,8,14,28,10,13,45,21,38,19,184.0,74.0,Right,2,1,Deflector|Far Throw|Long Ball Pass,3,0,Italy,Serie BKT,Südtirol,giacomo poluzzi
778,778,239271,Giannis Anestis,M,35,GK,,0,67,64,65,63,68,24,71,27,20,10,10,47,10,10,19,12,38,12,27,31,18,15,23,22,62,21,42,13,10,17,12,11,54,25,60,24,198.0,93.0,Right,2,1,Cross Claimer,1,0,Greece,SUPERLIGA,FC Botoșani,giannis anestis
778,778,246740,Guillaume Dietsch,M,24,GK,,0,67,68,66,63,67,19,66,20,17,6,8,47,7,6,10,10,30,10,30,22,13,8,29,42,66,18,44,7,11,9,14,12,40,18,41,28,184.0,74.0,Right,2,1,Cross Claimer|Deflector,2,0,France,1A Pro League,FCV Dender EH,guillaume dietsch
778,778,75968,Halle Mackiewicz,F,24,GK,,0,67,67,66,64,68,22,66,18,28,4,9,48,5,7,12,13,38,11,16,25,11,12,33,45,64,12,35,7,14,6,14,13,36,22,30,21,170.0,64.0,Right,2,1,,0,0,United States,NWSL,Chicago Stars FC,halle mackiewicz
778,778,70484,Hannah Stambaugh,F,27,GK,,0,67,66,66,62,67,30,67,30,29,5,6,47,8,6,18,14,50,11,26,24,10,11,31,55,67,12,29,10,11,6,12,10,55,24,60,26,175.0,66.0,Right,2,1,,0,0,Japan,NWSL,Angel City FC,hannah stambaugh
778,778,193247,Heinz Lindner,M,35,GK,,0,67,66,66,63,66,42,70,41,43,12,12,47,16,13,19,11,65,17,24,35,17,11,45,41,62,20,64,12,13,12,9,19,54,32,52,30,187.0,80.0,Right,3,1,Footwork|Long Ball Pass,2,0,Austria,Brack Super League,BSC Young Boys,heinz lindner
778,778,232131,Henrich Ravas,M,28,GK,,0,67,66,66,65,65,37,66,36,38,9,10,49,21,11,15,19,45,11,19,30,16,21,35,29,65,20,35,11,13,11,10,11,58,25,60,35,195.0,87.0,Right,2,1,Deflector|Footwork,2,0,Slovakia,PKO BP Ekstraklasa,Cracovia,henrich ravas
778,778,258209,Ignacio Suárez,M,24,GK,,0,67,66,66,67,67,38,65,38,38,7,8,50,8,15,18,15,40,15,25,35,15,8,43,62,69,15,48,14,15,8,12,12,56,38,55,35,184.0,72.0,Right,2,1,,0,0,Uruguay,Libertadores,Nacional,ignacio suarez
778,778,262295,Igor Vekić,M,27,GK,,0,67,65,66,68,67,30,66,26,37,16,15,51,11,18,14,14,48,10,33,34,10,11,31,36,61,15,33,30,11,15,13,11,54,35,60,34,192.0,86.0,Right,3,1,Footwork,1,0,Slovenia,3F Superliga,Vejle Boldklub,igor vekic
778,778,269641,Iker Álvarez,M,24,GK,,0,67,67,66,67,68,38,68,41,33,6,7,50,20,10,13,20,57,12,28,26,12,8,48,45,59,20,55,18,10,6,14,10,58,35,60,18,190.0,81.0,Right,3,1,Far Throw,1,0,Andorra,LALIGA HYPERMOTION,Córdoba CF,iker alvarez
778,778,236823,Isak Pettersson,M,28,GK,,0,67,66,63,69,68,44,63,42,47,9,7,52,10,9,15,13,60,14,58,61,14,18,37,52,68,27,55,27,11,25,13,12,54,34,54,22,181.0,84.0,Left,3,1,Rush Out,1,0,Sweden,Allsvenskan,IF Elfsborg,isak pettersson
778,778,73285,Ivan Brkić,M,30,GK,,0,67,62,76,67,64,27,67,28,26,8,5,50,8,9,10,13,29,11,15,28,12,11,23,29,58,14,26,6,11,9,11,12,60,19,71,26,194.0,90.0,Right,3,1,,0,0,Croatia,PKO BP Ekstraklasa,Motor Lublin,ivan brkic
778,778,146952,Iván Cuéllar,M,41,GK,,0,67,65,67,64,67,47,66,51,40,12,15,48,12,17,25,29,49,19,25,28,24,14,49,42,66,13,56,21,13,20,11,15,69,38,75,33,187.0,76.0,Left,3,1,Cross Claimer,1,0,Spain,LALIGA EA SPORTS,RCD Mallorca,ivan cuellar
778,778,207633,Jakob Haugaard,M,33,GK,,0,67,65,66,71,66,40,66,40,39,13,13,53,13,14,20,15,60,15,52,53,18,23,66,35,65,31,35,23,18,25,13,13,64,35,70,32,199.0,87.0,Left,2,1,Footwork|Rush Out,2,0,Denmark,Eliteserien,Tromsø IL,jakob haugaard
778,778,193013,James Shea,M,34,GK,,0,67,67,65,60,67,27,67,28,26,10,11,45,11,13,17,14,37,14,21,29,10,13,34,48,62,22,47,15,12,17,13,14,42,28,41,19,181.0,76.0,Right,2,1,,0,0,England,EFL League One,Luton Town,james shea
778,778,256229,Jan Reichert,M,24,GK,,0,67,68,65,62,69,29,67,29,30,9,6,47,7,5,15,14,37,11,32,26,12,11,31,31,62,19,42,13,12,12,13,11,56,28,62,26,191.0,86.0,Right,2,1,,0,0,Germany,Bundesliga 2,1. FC Nürnberg,jan reichert
778,778,257914,Jonas Kersken,M,25,GK,,0,67,67,53,68,76,34,70,34,35,10,8,51,5,8,11,12,45,10,21,22,12,12,34,25,65,20,35,10,10,10,10,13,59,25,68,25,190.0,88.0,Right,3,1,Footwork,1,0,Germany,Bundesliga 2,Arminia Bielefeld,jonas kersken
778,778,239742,Jonathan Klinsmann,M,28,GK,,0,67,64,66,65,69,29,66,29,29,8,5,49,19,19,13,14,40,13,26,24,11,19,40,39,61,20,28,14,14,10,12,13,54,45,59,25,194.0,84.0,Right,2,1,,0,0,United States,Serie BKT,Cesena,jonathan klinsmann
778,778,247494,Jonathan Sirois,M,24,GK,,0,67,68,65,55,68,34,67,35,32,5,9,41,8,7,18,13,50,10,27,28,13,12,22,34,64,19,34,14,10,7,10,13,51,33,50,27,185.0,79.0,Right,2,1,Far Reach|Far Throw,2,0,Canada,MLS,CF Montréal,jonathan sirois
778,778,244191,Joseph Anang,M,25,GK,,0,67,67,67,66,68,33,65,34,32,6,6,50,7,9,15,13,66,12,50,57,12,13,31,50,57,10,57,12,11,12,12,10,54,39,55,30,190.0,72.0,Right,3,1,,0,0,Ghana,SSE Airtricity PD,St. Pats,joseph anang
778,778,224130,Josh Vickers,M,30,GK,,0,67,66,67,65,67,42,65,40,45,12,18,49,12,13,25,14,36,15,41,32,12,13,36,62,60,21,39,22,21,24,20,12,56,32,52,25,193.0,72.0,Right,3,1,Cross Claimer,1,0,England,EFL Championship,Derby County,josh vickers
778,778,228456,Juan Pérez,M,29,GK,,0,67,68,65,61,71,33,67,32,35,20,17,46,13,19,24,16,30,19,26,25,17,21,34,33,56,12,41,22,18,15,14,20,61,28,69,23,187.0,83.0,Right,3,1,,0,0,Spain,LALIGA HYPERMOTION,SD Huesca,juan perez
778,778,224440,Julian Pollersbeck,M,31,GK,,0,67,67,64,68,66,37,68,36,39,6,12,51,14,17,22,20,58,19,52,44,18,14,22,24,67,19,24,10,12,13,14,15,58,22,63,20,195.0,90.0,Right,3,1,,0,0,Germany,3. Liga,Jahn Regensburg,julian pollersbeck
778,778,262251,Kacper Tobiasz,M,23,GK,,0,67,67,63,61,69,28,66,32,22,7,7,46,6,7,11,11,44,11,24,27,12,8,23,28,63,11,37,16,10,8,13,14,56,26,60,20,191.0,80.0,Left,2,1,,0,0,Poland,PKO BP Ekstraklasa,Legia Warszawa,kacper tobiasz
778,778,236613,Lennart Grill,M,27,GK,,0,67,71,60,56,72,40,64,38,43,6,5,42,5,6,11,8,45,8,29,27,10,15,40,29,63,26,38,8,14,10,14,11,59,31,60,20,192.0,85.0,Right,3,1,Footwork,1,0,Germany,Bundesliga 2,Dynamo Dresden,lennart grill
778,778,225203,Liam Kelly,M,30,GK,,0,67,68,66,67,69,33,66,29,40,15,20,50,20,16,13,13,59,20,42,49,20,15,53,45,59,25,38,24,16,15,14,13,42,32,37,27,184.0,85.0,Right,3,1,Cross Claimer|Far Throw|Footwork|Long Ball Pass,4,0,Scotland,Scottish Prem,Rangers,liam kelly
778,778,73714,Lina Altenburg,F,21,GK,,0,67,68,66,65,66,21,69,16,28,8,5,49,6,8,15,14,30,13,29,28,13,7,37,49,60,11,24,7,14,6,11,14,37,21,34,20,173.0,60.0,Right,2,1,,0,0,Germany,GPFBL,Frankfurt,lina altenburg
778,778,223150,Lionel Mpasi,M,31,GK,,0,67,67,66,66,65,45,66,45,46,19,19,50,18,12,32,17,35,21,39,37,25,26,35,58,66,29,40,18,40,15,12,12,71,21,68,21,182.0,78.0,Right,3,1,Deflector|Far Throw,2,0,Congo DR,Ligue 1 McDonald's,Havre AC,lionel mpasi
778,778,275889,Lourdes Romero,F,23,GK,,0,67,65,66,68,70,30,64,28,32,5,9,51,7,7,16,13,46,11,25,30,10,10,34,50,66,18,24,10,9,8,13,12,42,36,44,30,174.0,64.0,Right,3,1,,0,0,Germany,GPFBL,1. FC Nürnberg,lourdes romero
778,778,240123,Luca Plogmann,M,26,GK,,0,67,68,67,63,69,40,64,38,42,10,10,47,13,14,21,12,29,15,26,26,12,11,46,46,61,24,43,10,13,18,10,13,60,24,64,29,188.0,78.0,Left,3,1,,0,0,Germany,Eredivisie,Go Ahead Eagles,luca plogmann
778,778,256742,Lucas Lund,M,26,GK,,0,67,68,64,67,69,35,68,37,33,14,9,50,10,10,15,16,57,15,42,42,16,12,34,37,58,28,48,15,14,14,12,10,59,40,62,25,195.0,81.0,Right,3,1,Rush Out,1,0,Denmark,3F Superliga,Viborg FF,lucas lund
778,778,223957,Lucas Pirard,M,31,GK,,0,67,67,65,65,68,33,66,31,36,16,10,49,14,13,27,10,30,17,17,14,14,7,37,52,60,20,35,13,15,10,15,12,60,23,70,31,191.0,85.0,Right,2,1,,0,0,Belgium,1A Pro League,Standard Liège,lucas pirard
778,778,264588,Luis Miguel Marquínez,M,22,GK,,0,67,69,64,60,69,35,63,35,36,5,7,45,6,9,12,32,28,13,28,20,15,9,34,33,66,21,23,15,13,8,15,12,57,43,60,33,193.0,83.0,Left,2,1,,0,0,Colombia,Libertadores,Atl. Nacional,luis miguel marquinez
778,778,273493,Lyza Jessee,F,24,GK,,0,67,66,68,63,67,33,68,33,33,6,7,47,6,8,10,10,41,10,28,17,12,7,24,46,61,10,33,7,13,7,11,14,43,21,38,11,178.0,63.0,Right,3,1,,0,0,United States,NWSL,Washington Spirit,lyza jessee
778,778,250978,Ma Zhen,M,27,GK,,0,67,66,68,60,68,54,61,53,55,12,12,45,13,14,10,12,51,11,13,12,12,11,55,54,67,13,15,18,11,15,16,18,57,36,51,21,196.0,85.0,Right,2,1,,0,0,China PR,CSL,Yunnan Yukun,ma zhen
778,778,77799,Maddie Prohaska,F,23,GK,,0,67,66,65,66,66,28,67,27,29,8,5,50,7,7,17,12,40,14,25,15,14,11,22,42,67,12,32,13,12,8,13,10,38,21,30,28,180.0,68.0,Right,2,1,,0,0,United States,NWSL,Seattle Reign,maddie prohaska
778,778,72782,Madison White,F,24,GK,,0,67,63,67,66,68,27,65,33,19,4,7,50,8,9,16,12,49,10,21,26,11,14,35,44,64,18,34,8,10,5,13,12,40,19,32,27,180.0,68.0,Right,3,1,,0,0,United States,NWSL,Rac. Louisville,madison white
778,778,267648,Manon Le Page,F,23,GK,,0,67,66,65,66,72,26,65,25,27,8,12,50,9,9,14,10,33,12,29,25,14,15,32,47,59,14,35,12,12,10,10,14,40,26,38,27,173.0,62.0,Right,2,1,,0,0,France,Arkema PL,Strasbourg,manon le page
778,778,211398,Marc-Aurèle Caillard,M,31,GK,,0,67,67,66,65,68,44,68,48,39,7,9,49,13,8,18,13,14,7,32,27,15,11,34,45,61,24,53,15,13,8,15,9,68,33,75,25,192.0,88.0,Right,3,1,,0,0,France,Ligue 1 McDonald's,LOSC Lille,marc aurele caillard
778,778,219339,Marcos Felipe,M,29,GK,,0,67,69,60,61,74,44,69,43,45,18,19,46,16,18,26,14,20,20,27,23,14,21,50,54,55,25,32,20,16,21,16,15,59,29,58,25,188.0,75.0,Right,3,1,,0,0,Brazil,Trendyol Süper Lig,Eyüpspor,marcos felipe
778,778,232549,Marcos Peano,M,27,GK,,0,67,67,67,65,70,45,65,46,44,7,10,49,9,7,18,11,28,14,33,29,12,17,50,47,60,19,37,8,15,7,13,12,63,39,63,23,188.0,78.0,Right,3,1,,0,0,Argentina,1A Pro League,RAAL La Louvière,marcos peano
778,778,251036,Marian Aioani,M,26,GK,,0,67,67,66,66,68,35,64,35,35,4,8,50,7,8,15,13,57,12,28,25,14,6,37,37,64,14,23,14,14,12,13,13,50,37,48,22,187.0,82.0,Right,2,1,Cross Claimer|Far Throw|Footwork,3,0,Romania,SUPERLIGA,FC Rapid 1923,marian aioani
778,778,263283,Marián Tvrdoň,M,31,GK,,0,67,69,64,68,70,30,68,28,32,8,8,51,6,9,12,12,40,10,26,15,10,13,25,23,51,17,38,12,13,9,10,11,61,22,72,27,194.0,85.0,Right,3,1,,0,0,Slovakia,Česká Liga,Viktoria Plzeň,marian tvrdon
778,778,211946,Markus Kolke,M,35,GK,,0,67,66,65,61,68,45,69,48,40,19,15,46,11,20,29,12,25,13,24,21,11,13,39,58,65,18,23,21,20,11,17,19,70,45,75,18,187.0,91.0,Right,2,1,Far Throw|Footwork,2,0,Germany,Bundesliga,SV Werder Bremen,markus kolke
778,778,182520,Martin Männel,M,38,GK,,0,67,69,67,57,68,49,65,52,44,9,12,43,15,20,36,14,45,12,34,36,13,18,44,38,62,31,47,17,19,15,12,12,65,34,61,21,183.0,80.0,Right,3,1,Far Throw|Long Ball Pass|Rush Out,3,0,Germany,3. Liga,FC Erzgebirge Aue,martin mannel
778,778,204502,Matt Ingram,M,32,GK,,0,67,68,65,66,69,44,66,43,45,10,13,50,13,12,18,19,49,14,19,32,11,12,57,28,60,24,48,11,17,17,11,11,60,21,59,16,191.0,97.0,Left,3,1,,0,0,England,EFL Championship,Oxford United,matt ingram
778,778,231841,Maxence Prévot,M,28,GK,,0,67,65,68,67,63,36,67,43,26,6,7,50,5,6,14,13,50,12,15,22,14,6,29,46,66,14,59,11,11,15,10,11,57,27,57,18,187.0,81.0,Right,3,1,Cross Claimer,1,0,France,1A Pro League,OH Leuven,maxence prevot
778,778,240785,Michele Cerofolini,M,27,GK,,0,67,68,63,62,69,39,66,38,40,10,10,47,12,15,15,10,40,11,16,24,13,11,39,55,63,19,45,12,14,18,13,13,59,25,61,22,188.0,80.0,Right,1,1,Footwork,1,0,Italy,Serie BKT,Bari,michele cerofolini
778,778,268428,Mio Backhaus,M,21,GK,,0,67,67,63,61,71,19,66,15,24,4,8,46,6,8,12,12,41,13,24,24,13,14,39,29,66,20,32,13,12,10,10,11,49,25,56,18,194.0,82.0,Right,4,1,Cross Claimer,1,0,Germany,Bundesliga,SV Werder Bremen,mio backhaus
778,778,262322,Nahuel Noll,M,23,GK,,0,67,66,67,61,70,57,67,54,61,7,8,46,8,9,10,9,41,11,21,24,12,10,43,37,54,19,32,11,12,7,12,12,56,29,49,24,191.0,94.0,Right,4,1,,0,0,Germany,Bundesliga 2,Hannover 96,nahuel noll
778,778,205496,Nicolas,M,37,GK,,0,67,69,66,64,69,43,65,45,41,12,18,48,12,7,21,13,47,13,31,31,8,12,37,45,58,22,63,15,12,8,19,13,69,32,77,27,190.0,85.0,Right,3,1,,0,0,Brazil,Serie A Enilive,Pisa,nicolas
778,778,220532,Nikita Contini,M,29,GK,,0,67,68,66,61,69,48,64,47,49,17,15,46,20,12,26,17,30,18,26,21,18,15,39,51,63,20,44,19,19,12,14,15,61,21,58,20,190.0,85.0,Right,1,1,,0,0,Ukraine,Serie A Enilive,SSC Napoli,nikita contini
778,778,270463,Nikola Čavlina,M,23,GK,,0,67,68,59,61,73,42,65,42,41,9,5,46,8,6,21,12,32,12,31,36,13,14,44,34,64,21,37,14,17,9,13,16,62,31,63,28,191.0,82.0,Right,3,1,Far Throw,1,0,Croatia,Serie A Enilive,Como,nikola cavlina
778,778,244467,Ondřej Kolář,M,31,GK,,0,67,66,64,71,68,44,68,40,50,5,7,53,8,6,15,13,51,14,40,41,13,19,30,24,61,31,70,11,11,17,12,14,63,25,71,16,193.0,81.0,Right,3,1,Far Throw,1,0,Czech Republic,Česká Liga,Slavia Praha,ondrej kolar
778,778,265405,Owono,M,25,GK,,0,67,69,67,65,66,28,63,24,33,4,9,49,8,6,14,13,42,13,22,24,14,5,37,48,62,15,34,10,10,8,13,13,47,22,50,21,181.0,75.0,Right,3,1,,0,0,Equatorial Guinea,LALIGA HYPERMOTION,FC Andorra,owono
778,778,192201,Peter Abrahamsson,M,37,GK,,0,67,66,68,66,67,41,67,41,42,16,18,50,13,18,17,19,42,16,20,22,20,15,38,36,61,21,49,28,24,25,15,17,65,25,69,24,190.0,90.0,Right,3,1,Cross Claimer,1,0,Sweden,Allsvenskan,BK Häcken,peter abrahamsson
778,778,276941,Pia Lucassen,F,19,GK,,0,67,68,65,66,71,43,63,38,50,17,15,50,16,14,16,11,21,13,20,25,19,10,42,30,64,11,18,14,10,17,14,10,41,16,30,16,170.0,60.0,Right,2,1,,0,0,Germany,GPFBL,SGS Essen,pia lucassen
778,778,194781,Renan Ribeiro,M,36,GK,,0,67,68,63,62,68,52,64,55,48,11,12,47,12,9,14,12,50,11,19,11,18,14,59,29,71,19,46,26,16,18,18,12,68,30,70,13,193.0,88.0,Right,2,1,,0,0,Brazil,Liga Portugal,Estrela Amadora,renan ribeiro
778,778,273731,Rodrigo Formento,M,26,GK,,0,67,62,68,66,69,30,68,30,29,4,8,50,7,6,17,12,35,11,16,21,13,14,53,44,62,14,34,11,12,7,10,10,39,17,30,24,184.0,79.0,Right,1,1,Cross Claimer,1,0,Uruguay,Sudamericana,Mushuc Runa,rodrigo formento
778,778,231167,Rodrigo Saracho,M,32,GK,,0,67,68,64,55,69,29,72,27,31,9,5,41,9,8,32,9,28,7,30,32,30,17,32,45,53,25,40,20,23,21,21,20,60,30,65,33,193.0,86.0,Left,2,1,Cross Claimer|Rush Out,2,0,Argentina,Libertadores,San Antonio,rodrigo saracho
778,778,168965,Rémy Riou,M,38,GK,,0,67,66,66,64,67,48,68,45,53,15,11,48,13,13,23,14,42,15,48,34,13,12,39,51,65,23,48,28,12,14,13,12,67,32,75,29,191.0,81.0,Right,1,1,,0,0,France,Ligue 1 McDonald's,Paris FC,remy riou
778,778,222562,Rúnar Alex Rúnarsson,M,31,GK,,0,67,68,66,68,67,37,66,36,39,15,14,51,15,13,20,18,49,15,26,36,16,13,35,45,60,26,36,12,16,12,19,15,50,32,48,22,186.0,78.0,Right,2,1,Deflector|Long Ball Pass,2,0,Iceland,3F Superliga,F.C. København,runar alex runarsson
778,778,263214,Sam Tickle,M,24,GK,,0,67,67,66,65,68,34,67,36,30,7,6,49,7,6,16,12,42,10,45,40,13,16,36,50,61,30,40,12,11,6,10,13,54,40,55,28,187.0,74.0,Left,2,1,Cross Claimer|Footwork,2,0,England,EFL League One,Wigan Athletic,sam tickle
778,778,222908,Sebastian Madejski,M,29,GK,,0,67,66,62,62,68,32,68,33,31,14,18,47,12,12,23,19,44,12,30,27,17,15,36,56,64,15,22,9,15,11,18,14,56,32,59,17,189.0,78.0,Right,2,1,Footwork,1,0,Poland,PKO BP Ekstraklasa,Cracovia,sebastian madejski
778,778,268875,Semuel Pizzignacco,M,24,GK,,0,67,68,64,66,70,34,62,36,31,8,11,50,20,15,35,30,35,25,45,42,31,25,42,48,64,36,42,15,20,12,21,17,61,20,65,25,188.0,76.0,Right,3,1,Footwork,1,0,Italy,Serie BKT,Monza,semuel pizzignacco
778,778,189430,Simone Colombi,M,34,GK,,0,67,68,65,53,69,41,67,45,35,14,15,40,12,12,23,14,40,14,36,35,16,10,57,36,60,23,55,20,18,12,11,14,54,40,49,26,188.0,83.0,Right,2,1,,0,0,Italy,Serie BKT,Entella,simone colombi
778,778,210940,Simone Perilli,M,31,GK,,0,67,67,67,61,64,46,66,46,45,13,17,46,17,14,26,18,35,17,25,27,16,14,36,56,69,20,54,23,12,25,15,18,62,30,65,24,195.0,85.0,Right,2,1,,0,0,Italy,Serie A Enilive,Hellas Verona,simone perilli
778,778,73575,Sophie Lindner,F,23,GK,,0,67,69,67,60,66,23,70,22,25,7,6,45,6,9,15,10,36,14,24,24,14,12,31,42,55,10,36,8,13,5,13,13,38,23,31,18,183.0,64.0,Right,2,1,,0,0,Austria,GPFBL,TSG Hoffenheim,sophie lindner
778,778,241076,Steven Benda,M,27,GK,,0,67,67,65,61,70,37,66,36,38,4,5,46,12,9,12,8,26,11,26,21,8,13,30,33,58,19,26,13,12,6,9,11,52,30,53,19,192.0,90.0,Right,3,1,,0,0,Germany,EFL Championship,Millwall,steven benda
778,778,252799,Tarık Çetin,M,29,GK,,0,67,66,66,62,72,20,65,21,18,5,9,47,9,6,12,12,36,12,17,20,10,10,24,21,54,15,28,12,14,13,14,10,54,28,61,26,193.0,86.0,Right,2,1,,0,0,Turkey,Trendyol Süper Lig,Fenerbahçe,tar k cetin
778,778,70904,Tiago Pereira Cardoso,M,19,GK,,0,67,71,66,68,70,21,65,19,24,3,7,51,8,4,17,12,50,13,47,51,13,20,22,23,52,25,44,11,12,8,9,9,46,23,50,20,190.0,87.0,Right,3,1,,0,0,Luxembourg,Bundesliga,M'gladbach,tiago pereira cardoso
778,778,163264,Tom Heaton,M,39,GK,,0,67,68,66,65,67,42,68,44,40,12,12,49,12,12,24,17,48,13,38,45,22,17,50,50,60,35,59,24,16,16,15,13,62,20,63,31,188.0,85.0,Right,3,1,Far Throw,1,0,England,Premier League,Man Utd,tom heaton
778,778,272902,Tomás Sultani,M,27,GK,,0,67,65,59,63,74,45,71,45,45,9,17,47,17,18,23,18,21,15,31,19,19,12,55,45,58,18,52,17,16,10,16,13,63,31,63,19,185.0,78.0,Right,3,1,,0,0,Argentina,LPF,Tigre,tomas sultani
778,778,74187,Vanesa Jílková,F,20,GK,,0,67,68,66,60,68,23,63,22,25,8,7,45,8,6,18,14,30,14,24,23,12,13,29,47,69,12,28,14,11,6,14,14,38,17,33,21,170.0,60.0,Right,3,1,,0,0,Czech Republic,Ceska Liga Žen,Slavia Praha,vanesa jilkova
778,778,220584,Viljar Myhra,M,29,GK,,0,67,69,66,63,69,40,66,40,41,18,14,47,20,17,24,24,54,15,35,32,20,18,36,52,60,28,46,22,15,18,19,14,62,33,68,38,194.0,94.0,Right,3,1,Deflector|Far Throw,2,0,Norway,3F Superliga,Odense BK,viljar myhra
778,778,245164,Vishal Kaith,M,29,GK,,0,67,64,66,66,69,30,67,29,32,8,7,50,9,7,13,13,29,13,16,16,10,11,24,36,65,18,29,10,13,8,12,11,53,16,56,21,187.0,78.0,Right,2,1,Far Throw|Long Ball Pass,2,0,India,ISL,Mohun Bagan SG,vishal kaith
778,778,243048,Will Dennis,M,25,GK,,0,67,70,65,63,69,33,66,29,40,5,7,47,8,7,17,12,38,11,17,25,12,11,28,47,54,13,39,14,11,10,12,12,55,28,61,17,188.0,84.0,Right,3,1,,0,0,England,Premier League,AFC Bournemouth,will dennis
778,778,223082,Will Norris,M,32,GK,,0,67,67,66,66,67,44,66,40,49,13,10,50,10,12,16,11,55,18,50,50,17,12,35,51,61,30,49,21,11,9,16,17,58,36,60,20,195.0,81.0,Left,4,1,Cross Claimer|Rush Out,2,0,England,EFL League One,Wycombe,will norris
778,778,72217,Yohana Gómez,F,32,GK,,0,67,67,60,64,69,34,70,35,32,10,11,48,12,15,21,14,52,15,23,25,11,10,31,41,61,17,51,17,17,14,13,18,53,24,51,21,168.0,58.0,Right,2,1,,0,0,Spain,Liga F Moeve,RC Deportivo,yohana gomez
878,878,270529,Aceves,M,22,GK,,0,66,66,66,66,66,24,66,20,31,8,10,50,12,11,14,15,38,15,24,25,16,9,38,50,55,15,37,15,10,20,14,13,54,27,68,27,190.0,85.0,Right,3,1,Footwork,1,0,Spain,LALIGA HYPERMOTION,R. Valladolid CF,aceves
878,878,213719,Alec Kann,M,35,GK,,0,66,67,67,62,63,43,67,42,44,17,12,47,15,19,21,13,54,12,27,32,18,12,30,41,59,20,46,24,18,10,13,17,67,43,75,30,193.0,86.0,Left,2,1,Cross Claimer,1,0,United States,MLS,FC Cincinnati,alec kann
878,878,252123,Alejandro Araque,M,30,GK,,0,66,69,63,61,65,47,62,47,46,5,5,46,12,7,21,13,23,13,15,25,10,12,49,47,68,10,23,10,10,5,12,12,51,25,46,26,180.0,80.0,Left,1,1,Footwork,1,0,Venezuela,Libertadores,Dep. Táchira,alejandro araque
878,878,234735,Aleksandar Jovanović,M,33,GK,,0,66,68,60,63,66,22,68,22,22,6,8,47,8,6,14,14,33,10,22,15,11,7,44,28,63,16,49,8,10,20,10,10,55,27,69,20,192.0,85.0,Right,1,1,Far Throw,1,0,Serbia,Trendyol Süper Lig,Kocaelispor,aleksandar jovanovic
878,878,223925,Alexander Brunst,M,30,GK,,0,66,67,65,61,68,38,65,38,39,11,14,46,14,14,26,15,34,15,36,30,16,16,34,36,55,25,32,16,22,16,16,15,64,30,70,32,195.0,88.0,Right,3,1,,0,0,Germany,Bundesliga 2,SV Darmstadt 98,alexander brunst
878,878,204034,Alexis Sauvage,M,34,GK,,0,66,69,67,63,66,44,63,45,43,13,9,47,11,13,23,9,26,15,20,19,11,10,41,34,52,24,45,23,12,11,11,12,65,34,71,27,186.0,82.0,Right,3,1,,0,0,France,Ligue 2 BKT,Amiens SC,alexis sauvage
878,878,197689,Andrea Seculin,M,35,GK,,0,66,67,62,54,69,31,67,32,30,11,12,41,12,11,23,13,46,12,29,25,12,12,43,37,56,21,55,10,12,23,10,12,48,29,48,33,192.0,83.0,Right,3,1,,0,0,Italy,Serie BKT,Reggiana,andrea seculin
878,878,269880,Andreas Christodoulou,M,29,GK,,0,66,69,65,61,68,45,65,47,41,9,9,46,8,7,15,9,30,9,25,21,20,20,39,45,51,19,38,11,20,9,12,9,61,24,58,22,188.0,83.0,Right,2,1,,0,0,Cyprus,Liga Cyprus,APOEL FC,andreas christodoulou
878,878,234260,Andy Fisher,M,28,GK,,0,66,66,64,68,67,34,65,36,31,6,5,51,5,7,11,12,48,11,43,40,15,20,41,43,64,35,63,16,13,25,10,14,45,35,42,25,183.0,73.0,Right,3,1,,0,0,England,EFL Championship,Swansea City,andy fisher
878,878,235932,Ataberk Dadakdeniz,M,26,GK,,0,66,65,65,61,66,30,68,32,28,6,9,46,6,9,17,10,34,11,22,17,10,13,44,42,60,19,39,13,13,7,11,11,56,25,60,21,194.0,84.0,Right,3,1,Footwork,1,0,Turkey,Trendyol Süper Lig,Antalyaspor,ataberk dadakdeniz
878,878,74726,Balázs Tóth,M,28,GK,,0,66,68,66,60,69,31,62,28,35,9,8,45,9,9,11,20,40,14,38,32,15,16,39,35,62,14,38,16,18,18,19,18,51,32,50,35,189.0,80.0,Left,3,1,,0,0,Hungary,EFL Championship,Blackburn Rovers,balazs toth
878,878,225543,Brad Collins,M,29,GK,,0,66,67,63,70,67,43,66,41,45,11,15,53,16,19,25,20,56,12,47,48,19,20,45,58,59,27,52,20,21,11,19,17,56,25,51,20,184.0,69.0,Right,3,1,,0,0,England,EFL League One,Burton Albion,brad collins
878,878,214088,Cameron Dawson,M,30,GK,,0,66,66,65,64,67,50,66,46,57,8,8,48,5,17,23,20,45,9,40,53,19,21,35,66,61,25,51,30,18,17,19,20,65,39,69,25,193.0,69.0,Right,2,1,Cross Claimer,1,0,England,EFL League One,Rotherham Utd,cameron dawson
878,878,71503,Cheza,F,24,GK,,0,66,62,59,62,72,24,71,23,25,10,10,47,11,12,21,22,31,19,28,31,15,14,32,61,62,21,23,12,15,10,15,14,41,30,41,18,174.0,60.0,Right,2,1,,0,0,Spain,Liga F Moeve,Sevilla FC,cheza
878,878,245601,Christian Joel Sánchez,M,26,GK,,0,66,66,64,72,67,40,64,42,36,9,7,54,8,10,12,15,49,11,29,31,15,11,45,34,64,15,43,20,15,10,12,14,66,27,73,26,193.0,88.0,Left,3,1,,0,0,Cuba,LALIGA HYPERMOTION,R. Sporting,christian joel sanchez
878,878,213649,Dejan Iliev,M,31,GK,,0,66,67,63,64,68,44,64,45,43,12,17,48,12,18,23,20,38,12,27,22,13,13,37,52,59,21,44,21,11,9,14,12,62,35,68,18,195.0,87.0,Right,3,1,,0,0,North Macedonia,SUPERLIGA,UTA Arad,dejan iliev
878,878,271114,Dennis Seimen,M,20,GK,,0,66,67,61,65,69,40,62,37,44,11,9,49,9,9,18,10,40,10,40,35,17,17,38,48,70,30,47,15,13,16,9,10,66,36,77,22,190.0,89.0,Left,4,1,,0,0,Germany,Bundesliga 2,SC Paderborn 07,dennis seimen
878,878,220058,Dillon Phillips,M,30,GK,,0,66,66,65,62,66,46,65,48,43,6,15,47,18,19,27,19,20,20,32,18,19,21,30,54,67,27,46,14,12,24,20,16,59,38,58,19,188.0,89.0,Right,3,1,,0,0,England,EFL Championship,Hull City,dillon phillips
878,878,219967,Dominik Hładun,M,30,GK,,0,66,69,65,65,67,34,64,33,35,11,13,49,12,18,21,12,45,16,19,23,17,15,32,30,59,16,49,22,20,18,11,14,46,33,42,20,190.0,77.0,Left,3,1,,0,0,Poland,PKO BP Ekstraklasa,Zagłębie Lubin,dominik h adun
878,878,265890,Emma Francart,F,22,GK,,0,66,69,67,63,68,36,62,38,32,9,12,47,9,8,15,14,33,13,26,21,17,11,42,45,57,15,35,17,13,15,14,14,61,33,70,27,172.0,68.0,Right,2,1,,0,0,France,Arkema PL,FC Fleury 91,emma francart
878,878,254276,Ennio van der Gouw,M,25,GK,,0,66,63,65,66,67,46,67,47,45,8,8,50,9,9,12,13,25,14,24,16,12,7,23,43,61,10,46,13,14,9,10,13,63,25,65,25,195.0,81.0,Right,3,1,,0,0,Holland,1A Pro League,Zulte Waregem,ennio van der gouw
878,878,259149,Erdem Canpolat,M,24,GK,,0,66,64,65,61,68,23,65,27,17,7,6,46,5,5,14,11,33,12,26,15,12,5,33,25,62,19,21,15,11,12,12,12,54,35,61,22,194.0,85.0,Right,3,1,,0,0,Turkey,Trendyol Süper Lig,Çaykur Rizespor,erdem canpolat
878,878,275696,Filip Đukić,M,26,GK,,0,66,66,65,61,69,23,63,17,32,7,7,46,4,6,15,15,22,11,19,18,12,6,20,43,58,11,38,8,15,6,9,11,37,23,35,24,181.0,74.0,Right,2,1,,0,0,Montenegro,3F Superliga,Viborg FF,filip ukic
878,878,70524,Franz Stolz,M,25,GK,,0,66,66,64,64,66,25,63,30,18,4,5,48,9,7,18,11,35,10,22,16,14,11,35,21,66,12,31,11,10,8,12,10,53,28,59,25,193.0,83.0,Right,3,1,,0,0,Austria,SUPERLIGA,FC Rapid 1923,franz stolz
878,878,202199,George Long,M,32,GK,,0,66,68,66,66,68,31,64,30,33,8,13,50,18,17,22,13,50,11,29,25,18,16,43,46,57,23,48,14,19,14,13,12,52,31,52,33,193.0,94.0,Left,3,1,Far Throw,1,0,England,EFL Championship,Southampton,george long
878,878,235806,Giacomo Satalino,M,26,GK,,0,66,68,64,56,69,21,66,24,16,8,6,42,5,9,18,14,30,11,28,22,13,7,28,32,60,17,41,13,11,9,10,10,48,19,51,25,188.0,75.0,Right,2,1,Cross Claimer,1,0,Italy,Serie A Enilive,Sassuolo,giacomo satalino
878,878,261779,Gino Santilli,M,24,GK,,0,66,65,66,63,66,30,67,29,31,4,9,47,6,10,10,16,26,11,29,19,12,8,29,24,58,14,33,12,12,8,11,11,50,25,52,15,191.0,71.0,Right,2,1,,0,0,Argentina,Sudamericana,Cerro Largo,gino santilli
878,878,239203,Grégoire Coudert,M,26,GK,,0,66,68,64,59,68,34,63,36,31,9,7,44,8,6,19,10,24,11,22,26,14,13,28,24,63,15,25,12,12,22,13,11,59,25,66,28,188.0,83.0,Left,3,1,,0,0,France,Ligue 1 McDonald's,Stade Brestois 29,gregoire coudert
878,878,228860,Hidde Jurjus,M,32,GK,,0,66,67,62,63,68,44,64,47,39,11,14,47,12,12,23,19,40,19,25,45,14,19,38,50,63,24,50,15,19,13,17,16,64,40,63,32,187.0,77.0,Right,3,1,,0,0,Holland,Eredivisie,FC Groningen,hidde jurjus
878,878,191528,Hou Sen,M,36,GK,,0,66,65,66,60,64,43,65,37,51,15,12,45,12,15,15,20,50,24,26,43,25,28,56,56,63,33,49,25,24,16,12,13,59,28,57,38,191.0,85.0,Right,1,1,,0,0,China PR,CSL,Beijing FC,hou sen
878,878,264116,Iturbe,M,22,GK,,0,66,66,64,66,69,50,65,52,46,6,11,50,9,8,20,14,40,13,32,30,14,13,51,50,61,20,36,10,12,8,11,13,60,32,56,23,186.0,75.0,Right,3,1,,0,0,Spain,LALIGA EA SPORTS,Elche CF,iturbe
878,878,251034,Iustin Popescu,M,32,GK,,0,66,67,63,64,65,19,66,19,19,6,8,48,9,8,16,13,36,10,25,30,14,8,29,39,62,15,34,14,12,7,10,13,52,25,61,18,188.0,80.0,Right,2,1,,0,0,Romania,SUPERLIGA,SC Oțelul Galați,iustin popescu
878,878,228369,Jack Walton,M,27,GK,,0,66,67,64,60,66,34,67,34,34,5,16,45,14,11,27,13,31,20,25,19,14,19,32,40,63,24,36,13,20,19,19,20,47,25,43,26,184.0,77.0,Right,2,1,Far Reach,1,0,England,EFL Championship,Preston,jack walton
878,878,209957,Jakob Busk,M,32,GK,,0,66,67,60,61,68,44,64,45,42,12,10,46,14,18,12,11,58,12,24,22,12,15,30,56,66,15,26,29,10,14,12,14,61,33,64,20,189.0,87.0,Right,2,1,Cross Claimer,1,0,Denmark,3F Superliga,FC Nordsjælland,jakob busk
878,878,210642,Jannich Storch,M,32,GK,,0,66,67,65,58,68,49,66,45,55,9,12,44,14,15,22,19,15,13,35,34,17,17,43,51,60,26,47,18,12,10,10,14,60,25,60,37,189.0,81.0,Right,2,1,Far Reach,1,0,Denmark,3F Superliga,Randers FC,jannich storch
878,878,271191,Joe Whitworth,M,22,GK,,0,66,65,67,66,65,46,64,48,44,4,8,50,8,5,18,13,56,26,48,45,24,14,46,45,62,33,57,14,12,6,11,10,56,17,54,28,179.0,70.0,Right,3,1,Far Throw|Footwork,2,0,England,EFL League One,Exeter City,joe whitworth
878,878,204931,Joshua Smits,M,33,GK,,0,66,67,64,66,68,56,65,56,56,13,17,50,20,16,25,13,35,19,39,33,18,15,58,53,61,26,33,21,12,22,20,19,65,37,64,25,190.0,67.0,Right,1,1,,0,0,Holland,A-League,Adelaide United,joshua smits
878,878,246881,João Valido,M,26,GK,,0,66,63,67,69,64,25,66,25,26,8,7,52,5,6,19,12,41,13,19,24,10,14,47,41,64,19,30,8,10,9,10,10,51,23,55,16,185.0,77.0,Right,2,1,,0,0,Portugal,Liga Portugal,Arouca,joao valido
878,878,230787,Julian Faye Lund,M,26,GK,,0,66,66,65,66,68,45,65,44,47,14,14,50,14,19,20,18,52,14,38,38,16,18,42,46,56,26,44,21,15,18,15,17,63,30,68,28,185.0,80.0,Right,2,1,,0,0,Norway,Eliteserien,FK Bodø/Glimt,julian faye lund
878,878,269955,Justin Heekeren,M,25,GK,,0,66,66,58,72,71,39,66,38,40,17,12,54,13,12,11,11,54,13,43,41,14,14,36,35,59,18,38,12,20,15,12,14,63,32,70,31,196.0,93.0,Right,5,1,Footwork,1,0,Germany,Bundesliga 2,FC Schalke 04,justin heekeren
878,878,271150,Kayne van Oevelen,M,22,GK,,0,66,66,61,70,66,30,67,29,32,5,9,53,8,8,14,12,52,12,30,25,11,6,24,21,64,13,27,10,11,11,12,14,50,21,70,25,199.0,84.0,Right,4,1,,0,0,Holland,Eredivisie,FC Volendam,kayne van oevelen
878,878,265043,Kim Sindermann,F,25,GK,,0,66,65,64,67,67,40,66,33,51,14,15,50,10,17,51,21,59,35,18,17,23,13,43,66,64,12,35,11,18,12,14,16,61,15,68,11,170.0,65.0,Right,2,1,,0,0,Germany,GPFBL,SGS Essen,kim sindermann
878,878,199568,Konstantinos Lamprou,M,34,GK,,0,66,65,61,67,70,38,63,39,36,8,18,50,18,15,30,11,44,12,33,36,15,15,41,50,68,28,51,12,11,11,11,11,49,18,45,27,178.0,84.0,Left,3,1,Far Throw,1,0,Greece,Eredivisie,NAC Breda,konstantinos lamprou
878,878,263116,Lasse Rieß,M,24,GK,,0,66,64,64,62,68,32,65,32,33,8,9,47,8,5,16,10,34,11,27,26,13,9,35,25,64,14,39,14,13,8,13,13,58,22,65,28,192.0,88.0,Right,3,1,Far Throw,1,0,Germany,Bundesliga,1. FSV Mainz 05,lasse rie
878,878,198285,Lee Nicholls,M,33,GK,,0,66,65,67,58,66,41,65,40,42,5,11,44,14,10,23,18,35,15,36,27,11,12,42,40,63,29,44,9,15,12,11,13,57,29,55,26,191.0,85.0,Right,2,1,Far Throw,1,0,England,EFL League One,Huddersfield,lee nicholls
878,878,238503,Leo Weinkauf,M,29,GK,,0,66,65,67,53,71,35,69,36,34,6,9,40,6,10,18,11,24,10,23,16,10,11,24,30,52,11,37,14,10,15,10,9,55,26,59,22,198.0,94.0,Right,3,1,Cross Claimer,1,0,Germany,Bundesliga 2,Hannover 96,leo weinkauf
878,878,211604,Liam Roberts,M,31,GK,,0,66,65,64,63,66,47,66,46,48,12,18,47,16,12,21,16,50,15,40,38,20,17,48,33,61,27,54,22,15,20,14,16,62,31,63,25,194.0,82.0,Left,2,1,Far Throw|Footwork|Rush Out,3,0,England,EFL League One,Mansfield Town,liam roberts
878,878,278089,Lois Niënhuis,F,25,GK,,0,66,65,63,63,70,17,66,18,16,11,13,47,14,18,15,18,15,16,13,14,17,12,20,25,62,11,15,12,12,11,17,11,35,16,30,19,168.0,60.0,Right,2,1,,0,0,Holland,Nederland Vrouwen Liga,Ajax,lois nienhuis
878,878,226259,Lorenzo Andrenacci,M,31,GK,,0,66,66,67,60,67,50,67,50,49,7,13,45,15,20,20,14,35,18,25,19,17,17,55,58,57,22,43,15,12,19,16,16,62,28,60,18,183.0,77.0,Right,2,1,,0,0,Italy,Serie BKT,Mantova,lorenzo andrenacci
878,878,222356,Luis Vásquez,M,30,GK,,0,66,66,65,62,65,40,63,40,41,17,9,47,16,11,23,15,31,16,26,16,21,14,37,43,69,20,26,20,20,20,14,11,55,32,50,21,186.0,80.0,Right,3,1,,0,0,Colombia,Libertadores,Bucaramanga,luis vasquez
878,878,256537,Lukas Gütlbauer,M,25,GK,,0,66,70,61,59,68,41,62,41,42,8,6,44,8,6,18,12,35,11,30,26,9,8,36,33,66,11,42,18,12,16,15,13,64,28,73,26,192.0,80.0,Right,2,1,,0,0,Austria,Ö. Bundesliga,Wolfsberger AC,lukas gutlbauer
878,878,237359,Lukas Jonsson,M,33,GK,,0,66,69,66,64,65,37,66,35,39,5,9,48,8,9,17,13,43,13,23,23,13,11,39,32,57,19,42,8,13,21,14,10,68,33,82,24,191.0,95.0,Right,2,1,,0,0,Sweden,3. Liga,VfL Osnabrück,lukas jonsson
878,878,72923,Maciej Kikolski,M,22,GK,,0,66,66,63,64,66,33,66,32,35,9,6,48,9,7,17,13,44,13,35,30,12,12,39,44,62,17,40,12,20,18,12,14,57,30,59,25,193.0,84.0,Right,3,1,Footwork,1,0,Poland,PKO BP Ekstraklasa,Widzew Łódź,maciej kikolski
878,878,246753,Mads Kikkenborg,M,26,GK,,0,66,65,66,67,68,29,66,30,28,6,9,50,9,10,15,16,51,11,26,23,11,11,34,44,55,17,28,9,12,12,12,12,57,26,65,24,197.0,93.0,Right,2,1,Cross Claimer|Footwork,2,0,Denmark,1A Pro League,RSC Anderlecht,mads kikkenborg
878,878,239573,Marco Bleve,M,30,GK,,0,66,69,66,72,68,19,65,21,15,6,8,54,7,5,10,10,53,10,19,27,12,11,24,47,51,14,55,8,11,14,10,13,47,28,53,19,184.0,84.0,Right,3,1,,0,0,Italy,Serie BKT,Carrarese Calcio,marco bleve
878,878,191153,Marcus Sandberg,M,35,GK,,0,66,64,66,63,65,28,64,27,30,13,15,47,12,14,14,11,53,12,36,38,10,16,28,37,64,23,52,22,11,16,16,15,56,33,67,39,191.0,83.0,Right,2,1,Cross Claimer|Deflector,2,0,Sweden,Eliteserien,HamKam Fotball,marcus sandberg
878,878,80042,Margot Shore,F,29,GK,,0,66,61,62,68,70,31,69,35,26,6,8,51,18,16,35,33,49,15,39,34,23,16,28,44,63,20,35,15,12,7,16,13,42,15,35,30,172.0,60.0,Right,2,1,,0,0,Italy,Arkema PL,Marseille,margot shore
878,878,209423,Mathieu Michel,M,34,GK,,0,66,67,65,65,68,49,62,50,48,17,12,49,14,18,14,15,20,12,24,26,20,12,30,59,64,14,53,17,19,13,12,16,65,35,63,17,189.0,84.0,Right,2,1,Far Throw,1,0,France,Ligue 2 BKT,Montpellier,mathieu michel
878,878,260194,Mergim Krasniqi,M,33,GK,,0,66,66,65,64,65,44,64,48,39,5,9,48,8,5,10,14,31,12,21,24,14,13,41,36,61,11,42,9,11,8,10,13,69,36,78,25,187.0,82.0,Right,3,1,Far Reach,1,0,Sweden,Allsvenskan,GAIS,mergim krasniqi
878,878,239797,Michael Lansing,M,31,GK,,0,66,65,66,64,64,38,65,37,40,9,10,48,10,12,19,15,57,15,35,37,14,16,39,50,62,25,53,19,15,19,14,13,64,28,72,28,193.0,88.0,Right,3,1,Deflector,1,0,United States,Eliteserien,Kristiansund BK,michael lansing
878,878,229397,Miguel Vargas,M,29,GK,,0,66,63,65,66,67,43,67,43,44,19,19,50,20,15,25,18,44,20,38,31,19,22,38,33,62,21,46,17,18,16,22,18,63,42,66,37,184.0,82.0,Right,2,1,,0,0,Chile,Libertadores,Universitario,miguel vargas
878,878,198511,Mika,M,35,GK,,0,66,67,62,64,67,35,65,37,32,12,13,48,19,14,14,9,34,12,29,25,18,19,32,35,60,20,31,22,10,19,10,9,63,39,74,31,195.0,90.0,Left,2,1,,0,0,Portugal,Liga Portugal,Moreirense FC,mika
878,878,234803,Nathan Baxter,M,27,GK,,0,66,67,66,62,67,41,66,37,46,7,11,47,12,10,11,14,46,14,30,31,12,14,28,31,58,31,42,12,13,12,13,12,52,31,52,25,189.0,88.0,Right,2,1,Deflector|Footwork,2,0,England,EFL Championship,Watford,nathan baxter
878,878,251285,Niclas Thiede,M,26,GK,,0,66,65,65,61,70,44,64,45,42,9,8,46,11,10,17,13,31,15,24,21,16,14,49,50,63,19,33,16,13,18,10,11,61,31,62,27,186.0,85.0,Left,4,1,,0,0,Germany,Bundesliga 2,VfL Bochum 1848,niclas thiede
878,878,173165,Nicola Ravaglia,M,37,GK,,0,66,64,64,61,68,30,65,29,31,6,10,46,11,12,32,14,60,16,35,42,11,15,39,28,64,21,51,15,11,16,9,10,52,18,55,19,184.0,78.0,Right,2,1,,0,0,Italy,Serie BKT,Sampdoria,nicola ravaglia
878,878,210366,Niklas Lomb,M,32,GK,,0,66,68,58,64,70,38,63,38,39,5,17,48,11,15,14,15,27,13,26,32,17,14,47,40,64,20,37,17,15,16,12,16,61,40,68,27,186.0,83.0,Right,3,1,,0,0,Germany,Bundesliga,Leverkusen,niklas lomb
878,878,219937,Nils Körber,M,29,GK,,0,66,68,63,58,70,35,64,33,37,12,11,44,16,14,15,13,21,14,24,24,13,18,46,43,61,20,25,14,17,9,13,14,52,28,52,22,189.0,83.0,Right,3,1,,0,0,Germany,Bundesliga 2,Fürth,nils korber
878,878,275856,Nordin Bakker,M,28,GK,,0,66,65,65,62,65,37,67,40,32,8,9,47,5,7,16,12,46,13,32,26,15,9,38,32,64,19,40,13,12,12,10,13,50,37,49,25,196.0,85.0,Right,2,1,Rush Out,1,0,Holland,Eredivisie,sc Heerenveen,nordin bakker
878,878,234658,Oscar Hedvall,M,27,GK,,0,66,68,62,69,68,31,64,32,29,13,12,52,12,16,14,18,64,15,45,43,15,14,35,45,58,40,42,18,20,20,13,12,56,30,55,22,195.0,89.0,Left,3,1,,0,0,Denmark,Eliteserien,Vålerenga Fotball,oscar hedvall
878,878,276842,Paula Hoppe,F,20,GK,,0,66,70,62,63,67,48,64,49,47,15,11,47,15,12,10,13,21,13,21,28,17,12,50,27,62,13,16,12,10,16,12,12,44,15,30,11,170.0,56.0,Left,2,1,Cross Claimer,1,0,Germany,GPFBL,1. FC Köln,paula hoppe
878,878,238167,Pelle Boevink,M,28,GK,,0,66,64,60,66,71,31,64,33,29,10,10,50,10,10,15,10,26,14,31,28,11,10,25,25,66,12,33,14,11,9,14,12,58,22,67,20,190.0,79.0,Right,3,1,Long Ball Pass,1,0,Holland,Bundesliga 2,Fürth,pelle boevink
878,878,263272,Philipp Schulze,M,23,GK,,0,66,63,64,62,71,32,65,32,33,12,8,47,6,10,10,12,28,14,24,20,16,14,28,22,65,19,38,13,13,15,14,12,58,32,64,24,190.0,82.0,Right,2,1,,0,0,Germany,3. Liga,SC Verl,philipp schulze
878,878,233763,Pontus Dahlberg,M,27,GK,,0,66,67,62,61,68,39,66,39,39,7,5,46,19,9,12,11,44,11,28,40,10,10,24,21,57,28,53,6,11,22,13,13,58,35,61,30,194.0,86.0,Right,3,1,,0,0,Sweden,Allsvenskan,IFK Göteborg,pontus dahlberg
878,878,176094,Przemysław Tytoń,M,39,GK,,0,66,65,63,69,64,50,63,51,49,13,14,52,14,13,22,10,35,12,32,32,13,15,48,40,69,20,51,22,14,5,17,14,68,30,71,32,195.0,88.0,Right,2,1,Far Throw,1,0,Poland,Eredivisie,FC Twente,przemys aw tyton
878,878,209830,Quentin Beunardeau,M,32,GK,,0,66,65,63,63,68,51,64,53,48,7,19,47,14,19,31,15,27,18,36,38,15,16,50,60,62,26,30,15,10,10,15,14,60,27,55,29,184.0,79.0,Right,2,1,,0,0,France,Ligue 2 BKT,Red Star FC,quentin beunardeau
878,878,194333,Rafał Gikiewicz,M,38,GK,,0,66,66,64,59,65,28,64,27,29,12,13,44,13,15,19,18,48,12,24,20,19,18,38,40,70,19,31,12,32,13,14,13,63,20,68,30,190.0,82.0,Right,3,1,Footwork|Long Ball Pass,2,0,Poland,PKO BP Ekstraklasa,Widzew Łódź,rafa gikiewicz
878,878,242159,Ricardo Friedrich,M,33,GK,,0,66,67,64,74,68,31,63,38,20,10,12,56,15,13,20,13,45,13,20,20,15,15,43,35,61,17,48,12,11,21,20,15,56,32,59,28,188.0,83.0,Right,2,1,,0,0,Brazil,Finnliiga,HJK Helsinki,ricardo friedrich
878,878,208679,Robin Himmelmann,M,37,GK,,0,66,66,63,59,70,33,65,33,34,13,9,44,7,10,20,11,39,16,32,21,18,18,42,44,62,26,48,22,13,21,17,12,57,25,61,21,187.0,80.0,Right,2,1,Footwork,1,0,Germany,Bundesliga 2,Karlsruher SC,robin himmelmann
878,878,247882,Rubén Cordano,M,27,GK,,0,66,66,63,62,70,28,64,24,33,9,15,47,25,7,21,23,55,22,28,17,11,14,38,47,58,11,40,18,20,19,12,12,47,32,45,35,185.0,74.0,Right,3,1,Footwork,1,0,Bolivia,Libertadores,Bolívar,ruben cordano
878,878,76437,Ryan Campbell,F,24,GK,,0,66,67,63,61,66,22,63,19,26,5,6,46,7,5,12,14,48,14,27,19,13,11,25,41,66,16,27,7,14,5,12,10,37,20,32,22,180.0,70.0,Right,3,1,,0,0,United States,NWSL,Gotham FC,ryan campbell
878,878,248860,Saidt Mustafá,M,36,GK,,0,66,65,67,62,63,26,66,28,23,7,8,47,5,9,11,14,46,10,18,16,11,10,32,37,62,25,31,12,10,5,12,11,49,16,52,22,187.0,75.0,Right,3,1,,0,0,Bolivia,Sudamericana,Nacional Potosí,saidt mustafa
878,878,265172,Sarah-Lisa Dübel,F,28,GK,,0,66,63,64,68,66,42,67,44,39,6,12,51,14,5,55,12,66,22,40,34,14,13,44,33,63,15,26,11,11,7,16,17,61,15,64,27,185.0,72.0,Right,2,1,,0,0,Germany,GPFBL,SC Freiburg,sarah lisa dubel
878,878,198625,Scott Bain,M,34,GK,,0,66,65,66,67,70,53,61,50,57,14,12,50,14,15,19,16,62,21,52,45,16,13,65,53,64,40,59,24,16,17,11,10,65,30,66,32,183.0,84.0,Right,3,1,,0,0,Scotland,Scottish Prem,Falkirk,scott bain
878,878,202810,Sean McDermott,M,32,GK,,0,66,66,64,61,66,40,64,39,42,12,11,46,10,12,21,17,43,19,28,38,16,13,48,43,63,19,43,15,15,14,14,13,57,30,58,36,185.0,83.0,Right,2,1,,0,0,Republic of Ireland,Eliteserien,Molde FK,sean mcdermott
878,878,194150,Simon Moore,M,35,GK,,0,66,67,65,68,67,47,64,48,45,13,13,51,19,14,11,14,52,12,45,52,14,14,54,39,61,34,49,23,20,15,13,18,61,36,57,34,191.0,83.0,Right,3,1,Far Throw,1,0,England,Premier League,Sunderland,simon moore
878,878,255151,Simon Ngapandouetnbu,M,22,GK,,0,66,70,65,63,71,23,65,28,15,5,7,47,15,17,11,21,43,10,20,26,11,13,36,43,47,19,28,6,25,6,20,25,56,26,55,18,186.0,74.0,Right,3,1,,0,0,Cameroon,Ligue 2 BKT,Montpellier,simon ngapandouetnbu
878,878,242853,Sol Brynn,M,25,GK,,0,66,65,65,62,66,33,65,34,32,8,9,47,9,6,15,14,43,14,24,25,11,8,32,44,60,14,43,10,14,12,14,12,44,27,40,25,184.0,80.0,Right,2,1,Cross Claimer|Far Throw|Footwork,3,0,England,EFL Championship,Middlesbrough,sol brynn
878,878,258864,Stefan Drljača,M,26,GK,,0,66,68,62,55,71,31,64,24,42,5,7,41,8,6,15,8,46,10,22,23,12,8,38,30,64,14,44,15,11,15,9,12,62,30,78,29,193.0,89.0,Right,3,1,Far Throw|Rush Out,2,0,Germany,Bundesliga,VfB Stuttgart,stefan drljaca
878,878,271333,Thimothée Lo-Tutala,M,23,GK,,0,66,66,64,63,68,35,63,37,32,5,6,47,9,6,15,13,28,10,25,28,10,11,31,33,62,17,23,7,13,9,12,14,55,20,55,38,188.0,93.0,Right,2,1,Footwork,1,0,France,EFL League One,Doncaster,thimothee lo tutala
878,878,263402,Théo De Percin,M,25,GK,,0,66,69,64,65,68,22,64,25,18,4,9,49,6,6,17,11,30,14,29,22,10,11,39,44,52,16,40,11,13,5,11,14,55,27,64,16,185.0,81.0,Right,3,1,,0,0,France,Ligue 1 McDonald's,AJ Auxerre,theo de percin
878,878,229168,Théo Guivarch,M,30,GK,,0,66,66,64,68,67,38,67,35,42,15,12,51,16,18,19,14,24,7,26,39,19,14,38,37,55,15,30,15,10,9,10,11,65,36,78,34,195.0,87.0,Right,2,1,,0,0,France,Ligue 2 BKT,Clermont Foot 63,theo guivarch
878,878,241976,Tiago Sá,M,31,GK,,0,66,65,65,63,64,44,65,45,43,8,9,47,6,9,13,13,59,12,16,29,14,18,55,59,71,25,57,14,10,12,14,14,62,26,67,26,185.0,78.0,Right,2,1,,0,0,Portugal,Liga Portugal,SC Braga,tiago sa
878,878,177475,Tobias Sippel,M,38,GK,,0,66,64,62,74,64,47,66,50,42,16,12,56,11,12,18,14,31,14,33,26,15,13,48,41,65,19,41,15,13,12,15,12,64,41,65,36,183.0,80.0,Right,2,1,,0,0,Germany,Bundesliga,M'gladbach,tobias sippel
878,878,240955,Tomás Durso,M,27,GK,,0,66,65,65,60,66,26,69,33,15,8,5,45,5,9,10,12,25,14,25,39,10,14,52,48,56,11,37,8,13,15,13,10,51,23,52,21,185.0,80.0,Right,2,1,,0,0,Argentina,LPF,Unión,tomas durso
878,878,186998,William Yarbrough,M,37,GK,,0,66,65,64,66,66,58,66,59,56,16,17,50,16,15,22,12,52,12,32,35,14,18,40,46,65,21,48,12,14,25,15,14,72,34,75,29,188.0,75.0,Right,3,1,Far Throw|Footwork,2,0,United States,MLS,Inter Miami CF,william yarbrough
878,878,258288,Williams Barlasina,M,27,GK,,0,66,66,68,65,64,19,67,19,18,5,7,49,8,9,22,14,26,12,18,23,13,11,24,37,58,13,24,11,12,7,12,8,57,26,71,25,196.0,87.0,Right,2,1,,0,0,Argentina,LPF,Newell's,williams barlasina
878,878,221964,Wu Yake,M,35,GK,,0,66,67,62,60,65,44,69,45,42,17,17,45,13,14,19,14,42,12,25,17,14,13,44,53,59,24,57,21,18,17,18,13,64,20,65,19,187.0,85.0,Right,3,1,,0,0,China PR,CSL,Changchun Yatai,wu yake
878,878,79276,Yevgeniy Kucherenko,M,26,GK,,0,66,69,62,61,67,21,65,21,20,7,6,46,7,9,13,13,37,12,25,22,10,13,37,26,57,11,33,8,14,7,10,14,51,19,58,21,192.0,83.0,Left,1,1,,0,0,Ukraine,Scottish Prem,Dundee United,yevgeniy kucherenko
878,878,243201,Álex Domínguez,M,27,GK,,0,66,67,65,65,67,42,63,39,47,7,7,49,18,8,13,24,38,22,39,31,14,15,56,45,60,31,43,15,10,11,17,10,44,36,41,20,186.0,82.0,Right,2,1,,0,0,Spain,Ligue 1 McDonald's,Toulouse FC,alex dominguez
977,977,237553,Abdullah Yiğiter,M,26,GK,,0,65,66,64,61,67,20,63,17,24,4,7,46,6,7,18,11,42,11,24,28,14,5,32,38,55,10,43,6,12,22,13,14,39,16,44,24,189.0,79.0,Right,2,1,Cross Claimer,1,0,Turkey,Trendyol Süper Lig,Antalyaspor,abdullah yigiter
977,977,242352,Abdulquddus Attiah,M,29,GK,,0,65,68,60,58,70,47,63,47,48,4,6,44,6,9,15,12,32,11,25,22,13,10,47,47,61,11,53,7,11,8,9,12,61,18,61,13,186.0,75.0,Right,3,1,Footwork,1,0,Saudi Arabia,ROSHN Saudi League,Al Taawoun,abdulquddus attiah
977,977,270996,Adam Stejskal,M,24,GK,,0,65,68,62,56,67,21,64,15,29,7,7,42,6,6,13,13,36,12,18,23,10,14,26,39,61,10,22,12,10,7,11,12,42,17,48,26,189.0,81.0,Right,3,1,Footwork,1,0,Czech Republic,Ö. Bundesliga,WSG Tirol,adam stejskal
977,977,272427,Alberto Flores,M,22,GK,,0,65,65,66,63,64,30,63,33,25,6,5,47,8,6,11,12,35,12,28,21,10,10,27,35,58,13,30,10,13,7,11,12,57,26,61,28,186.0,80.0,Left,3,1,,0,0,Spain,LALIGA EA SPORTS,Sevilla FC,alberto flores
977,977,248284,Albino Giovanni Gomes,M,32,GK,,0,65,67,60,60,64,33,66,31,35,6,6,45,9,9,12,12,32,13,16,28,13,5,28,46,67,11,38,12,14,5,13,13,50,19,51,16,189.0,87.0,Right,3,1,,0,0,India,ISL,Jamshedpur FC,albino giovanni gomes
977,977,236378,Alessandro Plizzari,M,26,GK,,0,65,66,66,59,69,42,62,45,37,6,8,44,11,17,15,13,35,19,26,15,15,15,57,33,51,17,53,13,15,16,17,13,56,25,54,16,191.0,73.0,Right,3,1,,0,0,Italy,Serie BKT,Venezia,alessandro plizzari
977,977,72950,Alessia Capelletti,F,27,GK,,0,65,63,66,65,66,27,68,29,24,5,5,49,7,6,11,9,24,11,22,23,10,5,24,50,49,15,26,9,12,6,12,10,38,20,30,24,168.0,56.0,Right,2,1,,0,0,Italy,Calcio A Femminile,Juventus,alessia capelletti
977,977,226786,Alex Bono,M,31,GK,,0,65,64,63,62,69,34,61,33,35,13,12,47,15,19,23,18,49,16,15,25,12,18,29,30,63,20,49,13,12,12,14,19,63,39,75,44,191.0,95.0,Right,2,1,Cross Claimer|Far Throw,2,0,United States,MLS,New England,alex bono
977,977,204922,Andreas Leitner,M,32,GK,,0,65,65,64,61,66,24,64,22,26,5,20,46,17,15,28,16,39,13,31,23,21,16,30,31,64,30,32,10,12,15,14,17,38,17,37,23,184.0,72.0,Right,4,1,,0,0,Austria,Ö. Bundesliga,SV Oberbank Ried,andreas leitner
977,977,276591,Antonis Tsiftsis,M,26,GK,,0,65,68,61,64,68,38,63,40,35,8,8,48,8,7,14,10,33,10,25,17,10,11,28,24,53,13,21,12,12,5,12,11,60,25,66,18,191.0,80.0,Right,3,1,,0,0,Greece,Hellas Liga,PAOK FC,antonis tsiftsis
977,977,228912,Bobby Allain,M,34,GK,,0,65,63,65,67,64,38,66,36,40,6,15,50,17,19,26,16,31,21,24,24,12,21,30,29,61,23,45,10,18,10,15,12,56,25,55,20,185.0,77.0,Right,2,1,,0,0,France,Ligue 2 BKT,Grenoble Foot 38,bobby allain
977,977,244720,Brent Gabriël,M,27,GK,,0,65,67,62,57,69,30,64,28,33,4,7,43,6,8,17,11,36,11,23,15,12,7,34,26,60,10,21,6,11,6,11,10,55,25,64,19,190.0,75.0,Right,3,1,,0,0,Belgium,1A Pro League,Zulte Waregem,brent gabriel
977,977,269137,Bruno Poveda,M,22,GK,,0,65,63,66,60,64,49,69,58,35,4,8,45,9,5,11,13,37,11,28,16,11,14,49,50,51,13,33,11,11,7,14,10,67,45,68,20,181.0,73.0,Left,2,1,,0,0,Bolivia,Sudamericana,GV San José,bruno poveda
977,977,254513,Carljohan Eriksson,M,30,GK,,0,65,63,65,64,64,54,63,58,48,10,12,48,10,9,18,14,41,11,24,19,13,10,35,29,63,14,32,13,10,11,13,11,62,38,57,24,191.0,81.0,Right,1,1,,0,0,Finland,Eliteserien,Sandefjord,carljohan eriksson
977,977,233215,Corey Addai,M,28,GK,,0,65,65,63,65,65,22,64,22,22,8,6,49,8,5,12,12,53,12,42,50,12,14,23,22,61,24,61,9,12,18,13,13,56,19,70,19,203.0,77.0,Right,2,1,Rush Out,1,0,Jamaica,EFL League One,Stockport,corey addai
977,977,257374,Cosmin Dur-Bozoancă,M,28,GK,,0,65,64,63,63,64,40,66,40,41,5,5,47,9,5,18,12,37,12,33,29,10,9,41,50,58,19,48,13,11,11,11,11,52,33,52,34,182.0,84.0,Left,1,1,,0,0,Romania,SUPERLIGA,SC Oțelul Galați,cosmin dur bozoanca
977,977,241179,Cristian Rivero,M,28,GK,,0,65,65,62,63,66,27,62,25,29,6,7,47,18,9,18,14,34,14,28,30,11,8,38,40,63,17,47,15,10,14,10,11,50,23,55,24,188.0,75.0,Right,3,1,Far Throw,1,0,Spain,LALIGA EA SPORTS,Valencia CF,cristian rivero
977,977,219705,Damian Węglarz,M,30,GK,,0,65,64,64,61,66,32,62,30,35,17,17,46,19,19,21,14,42,13,19,20,13,17,32,32,62,20,22,13,17,13,19,18,47,22,45,22,189.0,81.0,Right,2,1,,0,0,Poland,PKO BP Ekstraklasa,Arka Gdynia,damian weglarz
977,977,162297,Daniele Padelli,M,40,GK,,0,65,62,65,56,62,45,70,49,39,10,10,42,11,10,22,11,40,10,26,29,13,10,38,27,62,21,69,13,10,8,12,12,51,30,45,12,191.0,82.0,Right,2,1,,0,0,Italy,Serie A Enilive,Udinese,daniele padelli
977,977,202469,David Bingham,M,36,GK,,0,65,68,63,66,67,34,64,34,34,12,9,50,13,10,20,13,52,19,36,34,12,13,30,44,54,17,47,15,14,19,16,12,59,24,65,34,188.0,86.0,Right,2,1,Cross Claimer,1,0,United States,MLS,Charlotte FC,david bingham
977,977,248091,David Lazar,M,34,GK,,0,65,65,64,61,65,52,65,53,51,18,13,46,12,17,16,12,64,12,24,23,14,15,58,59,58,14,60,19,12,27,21,15,63,35,61,34,184.0,82.0,Right,3,1,,0,0,Romania,SUPERLIGA,FC Argeș,david lazar
977,977,202910,David Mitov Nilsson,M,35,GK,,0,65,66,62,65,66,26,64,26,25,11,11,49,11,18,15,12,55,12,33,36,12,14,25,28,58,18,45,15,15,20,11,9,63,30,77,30,190.0,87.0,Right,2,1,,0,0,North Macedonia,Allsvenskan,IFK Norrköping,david mitov nilsson
977,977,248071,Denis Rusu,M,35,GK,,0,65,64,64,62,64,22,65,22,22,10,12,47,20,17,14,22,49,13,16,18,21,10,38,48,66,16,33,13,20,16,15,12,53,25,56,32,180.0,76.0,Right,2,1,,0,0,Moldova,SUPERLIGA,Unirea Slobozia,denis rusu
977,977,220906,Devis Epassy,M,33,GK,,0,65,66,62,59,68,42,62,41,43,8,17,44,12,16,29,12,36,17,29,22,13,18,35,52,64,23,31,18,19,11,21,18,62,33,65,23,189.0,77.0,Right,3,1,,0,0,Cameroon,SUPERLIGA,FC Dinamo 1948,devis epassy
977,977,258085,Dudu,M,27,GK,,0,65,69,63,65,66,28,61,27,29,7,9,49,9,5,19,12,49,14,37,34,14,6,27,29,60,18,33,9,11,7,10,11,60,16,74,26,196.0,89.0,Right,2,1,,0,0,Germany,3. Liga,Viktoria Köln,dudu
977,977,271385,Edoardo Corvi,M,25,GK,,0,65,66,63,65,68,25,58,25,26,9,8,49,9,9,12,13,39,18,35,41,13,7,38,49,66,16,25,6,11,7,17,13,49,24,54,28,187.0,70.0,Right,1,1,,0,0,Italy,Serie A Enilive,Parma,edoardo corvi
977,977,272400,Elena De Toro,F,29,GK,,0,65,64,60,60,66,37,65,35,40,6,7,45,8,7,18,14,27,13,25,19,12,9,23,44,65,14,31,9,13,6,12,12,40,19,31,23,169.0,71.0,Right,2,1,,0,0,Spain,Liga F Moeve,Alhama CF,elena de toro
977,977,275079,Elis Bishesari,M,20,GK,,0,65,64,63,66,65,27,64,26,28,6,7,50,6,9,11,15,31,12,23,16,12,9,32,45,59,17,28,9,9,10,12,12,44,23,45,21,185.0,77.0,Left,3,1,,0,0,Sweden,Allsvenskan,IFK Göteborg,elis bishesari
977,977,230741,Emil Ødegaard,M,26,GK,,0,65,64,63,65,65,45,63,42,49,17,15,49,17,20,24,13,52,16,29,22,14,12,31,62,62,18,30,23,12,23,17,17,59,26,61,17,186.0,80.0,Right,3,1,,0,0,Norway,Eliteserien,KFUM-Kameratene,emil degaard
977,977,222820,Esteban Salles,M,32,GK,,0,65,66,64,63,64,25,65,25,26,11,18,47,13,17,15,21,32,21,24,20,15,14,31,28,62,18,27,17,16,10,14,12,56,41,64,18,187.0,78.0,Right,2,1,,0,0,France,Ligue 2 BKT,Pau FC,esteban salles
977,977,221798,Fang Jingqi,M,33,GK,,0,65,65,65,60,63,38,64,39,36,15,12,45,16,18,18,22,58,19,22,24,14,12,33,54,68,23,27,23,16,30,13,15,42,43,30,21,188.0,84.0,Right,3,1,Rush Out,1,0,China PR,CSL,Tianjin JMT FC,fang jingqi
977,977,208894,Filip Bednarek,M,33,GK,,0,65,65,63,64,65,44,65,47,40,12,15,48,13,13,31,16,51,16,26,28,13,14,33,58,63,25,61,22,17,9,16,21,65,45,70,20,188.0,81.0,Right,2,1,,0,0,Poland,Eredivisie,Sparta Rotterdam,filip bednarek
977,977,244551,Filip Majchrowicz,M,26,GK,,0,65,69,58,63,63,33,65,35,31,9,7,47,5,9,21,18,47,12,14,17,14,14,41,29,62,21,52,11,12,15,23,21,65,26,77,32,194.0,99.0,Right,3,1,,0,0,Poland,PKO BP Ekstraklasa,Radomiak Radom,filip majchrowicz
977,977,258948,Fortuño,M,24,GK,,0,65,63,64,64,65,42,65,44,40,6,9,48,6,8,19,14,48,11,28,25,13,13,45,53,64,21,40,9,13,9,14,10,57,31,55,33,183.0,77.0,Right,3,1,,0,0,Spain,LALIGA EA SPORTS,RCD Espanyol,fortuno
977,977,216779,Francesco Ruberto,M,33,GK,,0,65,68,66,64,65,43,61,44,42,18,18,48,13,14,22,14,15,12,23,18,12,21,39,56,60,21,54,22,19,5,13,13,64,21,68,19,187.0,82.0,Right,3,1,,0,0,Switzerland,Brack Super League,FC Sion,francesco ruberto
977,977,76408,Gašper Tratnik,M,26,GK,,0,65,63,65,61,63,27,65,24,32,7,9,46,7,9,14,17,40,12,35,28,11,9,31,30,61,17,27,10,19,12,11,17,54,22,58,30,191.0,84.0,Right,3,1,,0,0,Slovenia,PKO BP Ekstraklasa,Motor Lublin,gasper tratnik
977,977,223571,Guille Vallejo,M,30,GK,,0,65,67,65,63,64,48,63,47,49,18,9,47,14,10,24,21,19,22,26,20,25,11,37,65,63,17,27,24,9,29,20,12,57,44,55,21,183.0,72.0,Right,3,1,,0,0,Spain,LALIGA HYPERMOTION,AD Ceuta FC,guille vallejo
977,977,260106,Gurmeet Singh,M,26,GK,,0,65,64,63,66,64,29,66,27,31,6,5,50,9,5,17,10,33,12,22,15,12,6,31,45,65,14,33,8,13,5,12,11,49,22,53,22,183.0,80.0,Right,3,1,,0,0,India,ISL,NorthEast United,gurmeet singh
977,977,246240,Hans Christian Bernat,M,25,GK,,0,65,65,62,66,66,34,63,34,34,12,6,50,8,7,18,13,56,12,39,35,14,18,36,46,61,25,48,13,11,14,13,10,58,27,67,20,192.0,88.0,Right,3,1,Far Throw|Long Ball Pass,2,0,Denmark,Bundesliga 2,Karlsruher SC,hans christian bernat
977,977,200696,Hobie Verhulst,M,33,GK,,0,65,64,63,70,65,43,65,43,44,13,11,53,17,15,36,14,17,15,29,40,9,17,42,61,63,28,38,17,15,14,18,14,62,41,66,22,193.0,92.0,Left,3,1,Far Throw,1,0,Holland,Eredivisie,AZ,hobie verhulst
977,977,259918,Ismael Diawara,M,31,GK,,0,65,67,62,62,67,18,64,19,16,5,7,47,8,5,14,20,38,11,29,28,15,11,37,28,59,12,28,12,13,9,13,12,53,33,64,30,194.0,93.0,Right,3,1,,0,0,Mali,Allsvenskan,IK Sirius,ismael diawara
977,977,264424,Ivan Filipović,M,31,GK,,0,65,66,61,60,68,25,64,21,32,7,7,45,9,6,11,14,38,14,27,26,13,10,36,20,59,13,29,9,12,9,12,10,58,24,71,25,197.0,92.0,Right,2,1,,0,0,Croatia,Liga Hrvatska,Dinamo Zagreb,ivan filipovic
977,977,242703,JT Marcinkowski,M,28,GK,,0,65,66,63,68,66,22,65,21,24,6,7,51,7,8,18,11,36,13,46,36,12,15,23,45,59,25,52,11,15,12,13,14,56,40,68,43,188.0,82.0,Right,2,1,Cross Claimer,1,0,United States,MLS,LA Galaxy,jt marcinkowski
977,977,202125,Jack Bonham,M,32,GK,,0,65,66,62,65,65,43,64,43,44,13,19,49,12,20,16,12,46,17,38,40,13,19,32,43,58,22,60,22,17,25,11,11,62,41,66,22,192.0,95.0,Right,3,1,Far Throw,1,0,Republic of Ireland,EFL Championship,Stoke City,jack bonham
977,977,256474,Jacob Chapman,M,25,GK,,0,65,64,61,69,66,32,64,39,22,5,6,52,9,8,18,12,56,10,42,41,10,12,25,48,60,28,27,7,12,6,10,10,49,23,46,26,185.0,75.0,Right,3,1,,0,0,Australia,EFL League One,Huddersfield,jacob chapman
977,977,222431,Jacob Storevik,M,29,GK,,0,65,64,62,61,64,39,65,40,38,11,15,46,15,14,30,16,57,15,34,29,15,21,35,42,63,28,18,20,14,12,19,20,53,30,50,35,188.0,83.0,Right,2,1,Footwork,1,0,Norway,Eliteserien,Vålerenga Fotball,jacob storevik
977,977,276347,Jakub Surovčík,M,23,GK,,0,65,68,65,69,66,29,61,26,34,12,11,52,12,7,17,13,53,15,38,47,14,16,23,21,56,27,47,9,23,8,12,14,58,35,64,22,197.0,92.0,Left,2,1,,0,0,Slovakia,Česká Liga,Sparta Praha,jakub surovcik
977,977,238919,James Pantemis,M,29,GK,,0,65,66,63,54,67,36,66,38,32,4,6,41,9,5,10,14,40,10,29,28,13,11,27,33,60,17,39,12,13,8,12,14,58,30,60,23,188.0,77.0,Left,1,1,Rush Out,1,0,Canada,MLS,Portland Timbers,james pantemis
977,977,242073,Joaquín Blázquez,M,25,GK,,0,65,63,59,64,68,23,68,22,25,7,6,48,7,7,14,10,33,10,26,33,11,9,33,45,59,16,33,12,11,10,12,13,53,26,63,21,193.0,87.0,Right,3,1,,0,0,Argentina,LPF,Independiente,joaquin blazquez
977,977,240784,Josef Bursik,M,25,GK,,0,65,64,63,64,66,40,63,40,40,4,20,48,20,20,54,33,43,36,38,42,35,21,40,63,60,31,41,19,11,20,12,14,56,23,59,30,190.0,75.0,Left,2,1,Cross Claimer,1,0,England,EFL Championship,Portsmouth,josef bursik
977,977,252773,Josh Griffiths,M,24,GK,,0,65,65,63,62,66,30,63,26,35,10,10,47,10,10,10,13,48,14,40,41,14,13,37,49,61,20,44,12,12,10,10,14,55,21,63,20,198.0,87.0,Right,3,1,Footwork,1,0,England,EFL Championship,West Brom,josh griffiths
977,977,259596,Josh Keeley,M,22,GK,,0,65,68,63,61,68,45,64,47,41,10,9,46,9,11,14,13,55,11,29,27,13,10,51,47,53,19,37,15,25,9,12,14,52,41,42,22,191.0,65.0,Right,3,1,Footwork,1,0,Republic of Ireland,EFL League One,Luton Town,josh keeley
977,977,236237,Juan Cruz Bolado,M,28,GK,,0,65,69,61,58,67,30,63,34,25,12,7,44,5,6,16,13,37,12,32,30,16,18,40,48,57,24,38,13,16,16,10,14,44,29,39,20,182.0,81.0,Right,2,1,,0,0,Argentina,Sudamericana,Cienciano,juan cruz bolado
977,977,199259,Kim Da Sol,M,37,GK,,0,65,62,63,61,68,39,64,44,31,13,14,46,15,14,17,10,60,13,22,33,11,11,32,54,59,18,64,22,9,16,15,9,61,32,67,43,188.0,80.0,Right,3,1,,0,0,Korea Republic,K League 1,FC Anyang,kim da sol
977,977,276501,Kristin Krammer,F,23,GK,,0,65,65,63,67,66,41,63,43,38,16,14,50,16,13,11,20,21,16,21,16,18,11,45,20,65,12,17,13,13,15,11,14,43,15,30,15,182.0,63.0,Right,3,1,,0,0,Austria,GPFBL,1. FC Nürnberg,kristin krammer
977,977,274075,Laura Coronado,F,22,GK,,0,65,66,69,57,63,35,62,31,40,6,9,43,6,6,12,9,34,11,16,11,11,12,22,31,63,18,15,10,8,7,14,11,38,21,32,17,170.0,60.0,Right,2,1,,0,0,Spain,Liga F Moeve,Levante UD,laura coronado
977,977,278841,Lautaro Garzón,M,22,GK,,0,65,68,64,67,67,54,61,56,50,4,9,50,5,6,25,14,46,11,41,40,21,28,62,57,59,41,44,20,20,9,22,24,68,35,64,39,180.0,76.0,Right,3,1,,0,0,Argentina,LPF,Vélez Sarsfield,lautaro garzon
977,977,243158,Leopold Wahlstedt,M,26,GK,,0,65,66,63,63,65,32,63,32,32,10,10,47,9,10,15,12,42,10,26,29,12,10,28,30,58,12,30,12,14,16,12,12,58,28,65,22,190.0,84.0,Right,2,1,Footwork,1,0,Sweden,3F Superliga,AGF,leopold wahlstedt
977,977,229114,Liam Bossin,M,29,GK,,0,65,66,63,61,65,46,62,45,48,14,22,46,22,18,22,14,49,21,30,22,24,27,37,55,64,33,49,20,18,20,20,14,65,26,69,34,186.0,81.0,Right,3,1,,0,0,Republic of Ireland,Eredivisie,Feyenoord,liam bossin
977,977,235027,Luke Southwood,M,28,GK,,0,65,65,64,68,64,54,64,54,55,4,9,51,7,7,12,11,59,10,48,51,11,21,68,58,63,32,52,15,16,18,11,16,51,32,40,45,185.0,72.0,Right,3,1,Far Reach|Rush Out,2,0,Northern Ireland,EFL League Two,Bristol Rovers,luke southwood
977,977,202457,Luuk Koopmans,M,32,GK,,0,65,65,64,63,65,34,64,35,32,10,12,47,16,12,13,12,39,11,22,28,29,16,38,43,62,26,29,15,18,10,10,10,56,20,57,32,190.0,84.0,Right,3,1,Cross Claimer,1,0,Holland,Eredivisie,Fortuna Sittard,luuk koopmans
977,977,224543,Maksymilian Stryjek,M,29,GK,,0,65,66,65,62,66,42,64,41,44,14,10,47,16,15,25,17,36,12,27,25,12,13,31,50,58,20,38,26,13,15,14,17,62,42,69,20,188.0,82.0,Right,3,1,Deflector,1,0,Poland,Scottish Prem,Kilmarnock,maksymilian stryjek
977,977,72672,Mamour Ndiaye,M,20,GK,,0,65,65,62,68,66,41,63,42,40,8,8,51,9,5,16,12,58,11,29,19,13,10,38,23,58,17,50,9,13,6,10,13,57,22,57,24,190.0,82.0,Right,3,1,Far Throw,1,0,Senegal,Eliteserien,Sarpsborg 08,mamour ndiaye
977,977,248696,Marcus Bundgaard,M,24,GK,,0,65,65,63,63,64,31,66,31,31,5,9,47,9,7,13,10,54,12,18,21,13,14,27,27,58,16,34,14,10,7,11,11,55,44,61,16,197.0,84.0,Right,2,1,,0,0,Denmark,3F Superliga,Sønderjyske,marcus bundgaard
977,977,221531,Marko Maroši,M,32,GK,,0,65,64,63,61,65,41,65,40,42,17,16,46,15,16,28,16,58,14,33,51,21,13,39,48,61,25,64,21,14,16,16,12,61,27,67,17,193.0,80.0,Right,3,1,Long Ball Pass,1,0,Slovakia,EFL League One,Port Vale,marko marosi
977,977,234383,Markus Schubert,M,27,GK,,0,65,67,63,62,67,39,60,45,30,4,8,47,9,8,12,12,52,13,45,30,14,23,44,45,66,30,35,16,10,13,11,10,65,27,56,23,187.0,84.0,Right,3,1,,0,0,Germany,Bundesliga 2,SC Paderborn 07,markus schubert
977,977,256220,Martín Parra,M,25,GK,,0,65,64,63,57,67,31,65,29,33,5,5,43,6,7,12,12,28,12,22,23,10,12,29,43,60,14,22,7,11,5,13,11,49,27,52,19,186.0,83.0,Right,3,1,,0,0,Chile,Sudamericana,Unión Española,martin parra
977,977,262286,Martín Rodríguez,M,36,GK,,0,65,69,60,70,65,21,69,18,26,5,5,53,6,9,19,14,36,12,24,21,12,7,29,25,51,18,24,7,14,7,12,12,50,18,56,19,191.0,85.0,Right,2,1,,0,0,Uruguay,Sudamericana,Guaraní,martin rodriguez
977,977,263920,Massamba Ndiaye,M,24,GK,,0,65,66,60,61,71,25,63,19,33,6,7,46,6,8,19,11,33,11,17,16,12,7,23,23,54,19,26,12,11,6,11,12,57,23,73,25,202.0,80.0,Left,2,1,Cross Claimer|Footwork,2,0,Senegal,Ligue 2 BKT,Clermont Foot 63,massamba ndiaye
977,977,256488,Matthew Cox,M,22,GK,,0,65,67,63,65,66,30,65,33,26,9,7,49,6,6,10,8,42,10,35,36,13,8,36,43,51,21,40,9,9,7,10,11,41,23,38,20,182.0,74.0,Right,3,1,,0,0,England,Premier League,Brentford,matthew cox
977,977,243476,Matías Borgogno,M,27,GK,,0,65,62,65,60,64,42,66,40,44,12,10,45,9,11,13,11,41,24,32,30,25,22,42,47,60,24,45,20,11,20,20,22,56,35,57,33,187.0,74.0,Right,3,1,,0,0,Argentina,LPF,San Martín,matias borgogno
977,977,206566,Max Crocombe,M,32,GK,,0,65,64,65,62,65,47,64,46,49,12,14,47,19,20,21,24,40,21,34,35,19,16,54,42,61,21,45,25,23,10,21,21,62,38,58,41,194.0,88.0,Right,2,1,Cross Claimer|Footwork|Long Ball Pass,3,0,New Zealand,EFL Championship,Millwall,max crocombe
977,977,258763,Maxime Delanghe,M,24,GK,,0,65,64,63,64,68,21,66,25,15,6,8,48,5,7,19,14,55,13,24,15,13,11,34,37,54,15,38,6,14,7,11,10,55,17,61,18,190.0,80.0,Right,3,1,Footwork,1,0,Belgium,1A Pro League,Cercle Brugge,maxime delanghe
977,977,257395,Melvin Zinga,M,24,GK,,0,65,65,67,69,69,24,64,24,24,7,7,52,5,6,19,14,44,11,26,34,14,13,33,33,46,18,23,13,12,7,14,12,40,28,42,37,187.0,76.0,Left,2,1,,0,0,France,Ligue 1 McDonald's,Angers SCO,melvin zinga
977,977,239410,Mirko Kos,M,28,GK,,0,65,65,63,58,67,41,63,41,40,8,9,44,11,12,14,12,26,11,22,20,10,13,45,48,62,14,25,13,14,15,11,12,61,25,67,19,183.0,80.0,Right,3,1,,0,0,Austria,Ö. Bundesliga,FK Austria Wien,mirko kos
977,977,243925,Morten Behrens,M,29,GK,,0,65,66,68,64,66,26,65,26,27,7,7,48,8,6,11,11,54,11,33,26,11,8,23,20,50,20,35,13,13,14,13,11,52,23,56,25,193.0,89.0,Right,3,1,,0,0,Germany,Bundesliga 2,Preußen Münster,morten behrens
977,977,227966,Mouhamadou Sarr,M,29,GK,,0,65,69,62,60,72,43,58,43,44,19,13,45,15,19,21,13,35,20,26,22,16,18,34,48,52,24,25,25,17,17,18,13,63,38,67,18,187.0,78.0,Right,2,1,Cross Claimer|Far Throw,2,0,Senegal,Serie BKT,Spezia,mouhamadou sarr
977,977,232417,Nicolas Kocik,M,27,GK,,0,65,62,64,63,67,38,66,38,39,8,5,47,9,5,14,13,44,13,21,17,10,8,42,48,59,14,29,7,11,15,10,14,63,35,73,18,193.0,80.0,Right,3,1,,0,0,France,Ligue 2 BKT,Le Mans FC,nicolas kocik
977,977,275733,Niklas Steffen,M,25,GK,,0,65,69,62,64,68,30,60,29,32,8,8,48,5,8,14,11,26,11,29,21,14,9,31,44,56,15,32,10,11,13,12,10,46,19,49,18,187.0,80.0,Right,2,1,,0,0,Switzerland,Brack Super League,FC Thun,niklas steffen
977,977,276774,Océane Toussaint,F,22,GK,,0,65,66,63,68,68,43,61,41,45,9,9,51,9,8,17,16,34,12,30,24,16,13,42,48,55,15,36,15,15,12,14,11,57,32,57,22,172.0,63.0,Right,2,1,,0,0,France,Arkema PL,Paris SG,oceane toussaint
977,977,228130,Oh Seung Hoon,M,37,GK,,0,65,66,65,61,66,45,64,43,48,11,17,46,11,11,21,13,46,16,29,19,11,15,31,46,59,17,58,20,11,16,20,13,61,16,66,18,192.0,79.0,Right,3,1,Cross Claimer|Footwork,2,0,Korea Republic,K League 1,Daegu FC,oh seung hoon
977,977,276806,Owen Goodman,M,22,GK,,0,65,64,63,64,66,38,64,37,40,8,5,48,5,7,12,13,46,10,44,44,12,30,55,45,58,35,48,9,14,5,13,14,64,35,73,17,193.0,84.0,Left,3,1,,0,0,England,EFL League One,Huddersfield,owen goodman
977,977,267599,Patrick Beach,M,22,GK,,0,65,68,62,64,71,31,62,29,33,4,5,48,7,8,11,11,22,14,16,28,14,12,34,45,48,19,39,7,14,7,10,13,42,23,41,22,183.0,75.0,Left,2,1,,0,0,Australia,A-League,Melbourne City,patrick beach
977,977,235820,Paul Gartler,M,29,GK,,0,65,66,65,64,65,32,65,38,23,6,9,48,9,6,11,14,38,12,15,29,14,7,36,45,58,18,24,7,13,13,11,13,43,18,37,28,187.0,75.0,Right,2,1,,0,0,Austria,Ö. Bundesliga,SK Rapid,paul gartler
977,977,193870,Pedro Trigueira,M,38,GK,,0,65,63,62,64,62,45,65,45,45,14,15,48,20,14,14,15,29,13,20,23,16,22,50,51,73,10,37,18,17,10,13,14,64,36,67,37,192.0,84.0,Right,3,1,,0,0,Portugal,Liga Portugal,AVS Futebol SAD,pedro trigueira
977,977,273839,Pierce Charles,M,20,GK,,0,65,65,65,65,64,31,64,35,25,5,9,49,8,8,11,13,54,10,50,48,14,16,36,42,60,33,48,14,13,5,10,14,51,35,50,24,185.0,72.0,Right,4,1,,0,0,Northern Ireland,EFL Championship,Sheffield Wed,pierce charles
977,977,229227,Rafał Leszczyński,M,33,GK,,0,65,64,63,66,66,38,64,40,35,19,12,50,14,15,16,18,44,15,34,23,15,15,32,50,58,16,28,16,19,15,19,18,61,30,61,25,187.0,82.0,Right,4,1,Far Throw,1,0,Poland,PKO BP Ekstraklasa,Wisła Płock,rafa leszczynski
977,977,277330,Rafał Mamla,M,22,GK,,0,65,65,66,67,66,25,61,25,25,5,5,50,8,7,12,11,32,8,22,25,14,8,22,25,56,15,38,10,19,5,14,8,56,22,62,32,195.0,93.0,Right,1,1,,0,0,Poland,PKO BP Ekstraklasa,Korona Kielce,rafa mamla
977,977,70959,Raul Balbarau,M,24,GK,,0,65,64,62,63,66,31,62,30,32,8,7,47,6,9,16,13,22,10,26,23,10,11,26,37,66,16,32,14,13,5,14,12,56,21,63,21,189.0,79.0,Right,2,1,,0,0,Romania,SUPERLIGA,FC Petrolul,raul balbarau
977,977,233101,Roy Kortsmit,M,33,GK,,0,65,66,61,60,65,27,64,23,33,8,7,45,8,8,19,14,31,14,28,20,12,10,37,35,65,10,30,11,10,12,10,13,54,18,64,33,190.0,75.0,Right,1,1,,0,0,Holland,Eredivisie,NAC Breda,roy kortsmit
977,977,245865,Stefan Bajic,M,24,GK,,0,65,66,65,65,65,25,64,28,20,5,5,49,9,8,11,9,43,11,24,24,12,7,35,42,60,18,25,10,12,5,12,9,41,29,41,21,191.0,84.0,Right,3,1,,0,0,France,Ligue 1 McDonald's,Strasbourg,stefan bajic
977,977,226182,Sui Weijie,M,42,GK,,0,65,63,67,60,64,44,66,35,58,17,14,45,14,15,12,14,57,13,40,38,12,15,62,57,60,17,62,19,17,23,13,17,60,31,65,35,188.0,88.0,Right,3,1,,0,0,China PR,CSL,Dalian Yingbo,sui weijie
977,977,241525,Taye Ashby-Hammond,M,27,GK,,0,65,64,64,62,65,23,64,25,20,4,11,47,5,9,17,12,38,13,24,35,13,14,33,33,61,17,31,12,13,6,14,14,37,29,31,16,190.0,87.0,Right,2,1,,0,0,England,EFL League One,Stevenage,taye ashby hammond
977,977,268394,Thomas Gillier,M,21,GK,,0,65,66,61,60,68,21,65,16,28,7,6,45,5,9,12,12,27,10,20,22,11,7,33,32,58,12,28,9,12,7,11,12,38,22,41,18,186.0,73.0,Right,2,1,,0,0,Chile,MLS,CF Montréal,thomas gillier
977,977,208214,Théo Defourny,M,33,GK,,0,65,65,62,62,64,35,64,33,38,16,14,47,14,19,26,20,36,12,27,24,14,16,32,40,65,18,34,10,18,18,15,18,66,18,78,36,194.0,85.0,Right,2,1,Far Throw|Footwork,2,0,Belgium,1A Pro League,Sp. Charleroi,theo defourny
977,977,227050,Tim Erlandsson,M,29,GK,,0,65,65,64,72,62,29,63,28,31,14,12,54,14,18,20,19,28,19,33,25,18,16,29,22,62,16,26,19,12,14,17,17,63,25,78,25,194.0,91.0,Right,2,1,,0,0,Sweden,Allsvenskan,Halmstads BK,tim erlandsson
977,977,231681,Will Mannion,M,27,GK,,0,65,63,67,64,64,37,65,36,39,9,13,48,11,13,22,13,24,11,34,28,13,14,32,54,55,20,33,16,12,10,16,11,49,30,49,18,186.0,74.0,Right,2,1,,0,0,England,EFL Championship,Charlton Ath,will mannion
977,977,256953,Xavier Dziekoński,M,22,GK,,0,65,65,65,63,68,32,63,32,33,5,7,47,6,6,14,13,41,14,48,50,14,8,25,39,52,11,36,11,11,9,10,12,56,28,63,28,188.0,80.0,Right,2,1,Cross Claimer|Footwork,2,0,Poland,PKO BP Ekstraklasa,Korona Kielce,xavier dziekonski
977,977,271661,Yann Lienard,M,23,GK,,0,65,65,61,60,66,23,63,23,22,3,7,45,8,5,11,9,31,18,30,21,34,6,33,26,64,13,36,7,12,5,13,11,55,27,66,21,194.0,80.0,Right,3,1,,0,0,France,Ligue 1 McDonald's,AS Monaco,yann lienard
977,977,201940,Zac MacMath,M,34,GK,,0,65,63,63,64,65,37,65,39,34,13,18,48,15,10,17,19,41,14,29,38,16,13,36,44,62,16,44,14,14,18,9,8,56,31,56,38,188.0,88.0,Right,2,1,Cross Claimer|Far Throw,2,0,United States,MLS,Real Salt Lake,zac macmath
977,977,201138,Zacharie Boucher,M,34,GK,,0,65,67,61,65,68,56,63,54,58,13,12,49,8,10,22,9,33,9,20,22,12,15,57,64,62,22,61,22,21,10,11,12,72,42,75,40,181.0,78.0,Right,3,1,,0,0,France,Ligue 2 BKT,ESTAC Troyes,zacharie boucher
977,977,254297,Zafer Görgen,M,25,GK,,0,65,66,63,60,69,24,64,22,28,8,9,45,9,6,11,14,39,11,16,27,12,14,34,33,58,16,37,7,14,8,13,12,54,28,63,24,189.0,79.0,Right,3,1,Cross Claimer,1,0,Turkey,Trendyol Süper Lig,Gaziantep,zafer gorgen
1079,1079,253338,Adonnis Pabón,M,30,GK,,0,64,63,63,63,63,52,62,52,51,16,17,47,13,18,22,11,26,19,49,65,14,15,44,44,64,15,45,25,14,29,18,18,63,45,61,16,185.0,80.0,Right,2,1,Far Throw,1,0,Ecuador,Sudamericana,Mushuc Runa,adonnis pabon
1079,1079,253216,Adrián,M,25,GK,,0,64,61,62,65,64,30,66,28,32,5,8,49,8,7,12,13,38,11,21,20,11,14,31,30,58,12,36,14,11,10,13,13,56,19,66,28,195.0,83.0,Right,3,1,,0,0,Argentina,LALIGA HYPERMOTION,Real Zaragoza,adrian
1079,1079,240642,Alan Sosa,M,29,GK,,0,64,63,64,64,65,45,63,45,44,11,13,48,17,12,17,11,35,18,27,22,14,20,51,41,60,23,38,15,21,9,13,14,65,25,68,22,183.0,75.0,Right,4,1,,0,0,Argentina,LPF,Tigre,alan sosa
1079,1079,235835,Alessandro Confente,M,27,GK,,0,64,61,62,59,65,32,65,33,30,7,5,44,20,15,17,12,34,14,26,25,16,15,22,27,61,20,43,11,13,12,13,12,54,23,58,19,194.0,74.0,Right,1,1,,0,0,Italy,Serie BKT,SS Juve Stabia,alessandro confente
1079,1079,271146,Alessandro Sorrentino,M,23,GK,,0,64,64,64,60,67,40,66,39,41,5,5,45,6,9,14,13,33,12,21,18,11,12,23,26,51,13,34,10,10,6,12,10,58,20,64,26,190.0,80.0,Right,3,1,,0,0,Italy,Serie BKT,Padova,alessandro sorrentino
1079,1079,225134,Alex Bass,M,28,GK,,0,64,64,62,63,65,58,62,61,54,13,16,47,20,14,20,14,45,16,33,40,19,15,60,62,61,20,42,27,14,10,21,25,64,30,56,32,191.0,81.0,Right,3,1,Cross Claimer|Footwork|Long Ball Pass,3,0,England,EFL League One,Peterborough,alex bass
1079,1079,259530,Alfonso Pastor,M,25,GK,,0,64,69,63,63,66,23,59,27,17,6,9,47,8,9,13,11,27,14,17,23,13,8,22,25,57,18,25,8,13,7,12,11,53,24,59,24,190.0,80.0,Right,2,1,,0,0,Spain,Liga Portugal,Rio Ave FC,alfonso pastor
1079,1079,257304,Ammar Helac,M,27,GK,,0,64,65,64,58,67,32,63,26,40,7,5,44,7,6,10,10,41,13,18,26,10,6,25,28,52,10,33,6,12,6,11,14,54,22,62,20,190.0,87.0,Right,2,1,,0,0,Austria,Ö. Bundesliga,TSV Hartberg,ammar helac
1079,1079,273047,Andreas Jungdal,M,24,GK,,0,64,67,61,57,67,23,63,21,25,6,7,43,5,8,19,13,32,12,32,28,12,7,31,21,53,17,27,11,13,5,12,14,59,18,75,28,195.0,82.0,Right,2,1,Cross Claimer,1,0,Denmark,1A Pro League,KVC Westerlo,andreas jungdal
1079,1079,231509,Anton Cajtoft,M,32,GK,,0,64,63,62,65,63,29,64,27,31,9,9,49,10,11,12,14,30,14,21,20,12,13,28,25,59,18,42,13,14,20,13,10,57,27,67,26,191.0,86.0,Right,3,1,,0,0,Sweden,Eliteserien,Bryne FK,anton cajtoft
1079,1079,186508,Arild Østbø,M,34,GK,,0,64,61,62,63,65,31,62,30,32,16,8,47,9,7,23,15,53,8,22,12,13,7,57,56,64,13,46,25,8,23,14,10,56,29,68,27,183.0,75.0,Right,2,1,Far Throw,1,0,Norway,Eliteserien,Viking FK,arild stb
1079,1079,237205,Ashley Maynard-Brewer,M,26,GK,,0,64,66,61,63,66,39,60,35,45,7,4,47,6,7,10,12,62,13,35,39,19,11,41,51,58,19,35,8,12,25,14,21,54,36,55,45,188.0,76.0,Right,3,1,,0,0,Australia,EFL Championship,Charlton Ath,ashley maynard brewer
1079,1079,225751,Aston Oxborough,M,27,GK,,0,64,65,62,62,64,44,62,44,43,15,10,47,17,20,21,18,48,14,29,30,16,14,41,50,61,24,26,28,12,12,20,13,59,33,60,25,196.0,98.0,Right,3,1,Cross Claimer,1,0,England,Scottish Prem,Motherwell,aston oxborough
1079,1079,243735,Avdo Spahić,M,29,GK,,0,64,61,61,61,65,31,66,30,33,8,7,46,6,6,18,11,40,12,35,32,16,15,25,28,59,22,25,10,12,11,10,13,52,25,55,34,190.0,77.0,Right,3,1,Cross Claimer,1,0,Bosnia and Herzegovina,Bundesliga 2,Kaiserslautern,avdo spahic
1079,1079,237232,Batuhan Şen,M,27,GK,,0,64,64,63,62,66,24,63,20,31,6,7,47,6,8,18,11,30,11,34,15,13,8,37,21,56,15,47,8,12,10,13,14,52,24,60,17,192.0,81.0,Right,2,1,Cross Claimer,1,0,Turkey,Trendyol Süper Lig,Galatasaray,batuhan sen
1079,1079,169798,Ben Hinchliffe,M,38,GK,,0,64,65,60,62,66,40,65,37,44,17,10,47,17,12,21,24,56,28,43,51,30,15,54,41,58,26,55,22,25,22,18,12,62,37,63,29,185.0,73.0,Right,3,1,Cross Claimer|Far Reach,2,0,England,EFL League One,Stockport,ben hinchliffe
1079,1079,273882,Bernt Klaverboer,M,20,GK,,0,64,66,62,64,64,26,62,24,30,6,8,48,10,6,20,13,28,12,30,28,15,20,24,23,62,23,28,10,12,10,16,18,46,25,65,15,191.0,78.0,Right,2,1,,0,0,Holland,Eredivisie,sc Heerenveen,bernt klaverboer
1079,1079,220482,Bogdan Sarnavskyi,M,31,GK,,0,64,61,60,56,66,53,63,54,52,12,18,42,13,13,22,16,38,12,21,22,14,13,60,55,67,15,41,18,14,30,12,17,64,21,61,30,189.0,75.0,Right,3,1,,0,0,Ukraine,PKO BP Ekstraklasa,Lechia Gdańsk,bogdan sarnavskyi
1079,1079,75825,Christian Zawieschitzky,M,18,GK,,0,64,63,59,61,69,34,63,34,33,9,11,46,12,10,20,18,33,14,24,22,15,9,31,47,63,16,40,15,15,11,14,12,51,29,50,21,184.0,73.0,Right,2,1,,0,0,Austria,Ö. Bundesliga,RB Salzburg,christian zawieschitzky
1079,1079,190179,David Cornell,M,35,GK,,0,64,65,62,60,66,32,60,34,30,12,13,45,12,14,21,16,30,11,29,30,16,11,34,50,58,22,49,17,11,9,12,17,57,18,64,32,180.0,79.0,Right,3,1,,0,0,Wales,EFL Championship,Preston,david cornell
1079,1079,77300,DeAira Jackson,F,24,GK,,0,64,61,65,61,65,25,60,26,23,7,7,46,7,7,16,11,46,11,28,26,12,11,30,49,66,11,30,7,14,9,14,10,41,18,40,22,185.0,73.0,Right,3,1,,0,0,United States,NWSL,Utah Royals FC,deaira jackson
1079,1079,275624,Deniz Dilmen,M,20,GK,,0,64,65,64,57,67,22,59,22,23,5,8,43,5,6,12,13,40,13,28,25,12,13,21,24,59,16,45,10,10,8,12,14,53,25,64,16,198.0,76.0,Left,2,1,,0,0,Turkey,Trendyol Süper Lig,Başakşehir,deniz dilmen
1079,1079,259930,Diego Méndez,M,35,GK,,0,64,63,63,64,64,30,65,33,25,8,10,48,11,7,50,23,27,25,16,33,13,9,23,46,60,20,35,12,33,6,16,15,54,23,49,20,174.0,76.0,Right,3,1,Far Throw|Footwork,2,0,Bolivia,Libertadores,Bolívar,diego mendez
1079,1079,79686,Diogo Ferreira,M,19,GK,,0,64,64,60,51,65,42,63,41,44,4,7,38,6,5,17,11,37,10,23,22,10,11,52,29,64,13,23,6,11,5,11,14,60,33,68,24,191.0,84.0,Left,1,1,,0,0,Portugal,Liga Portugal,SL Benfica,diogo ferreira
1079,1079,237927,Ed McGinty,M,26,GK,,0,64,66,63,59,65,55,62,55,55,9,10,44,9,8,21,15,60,9,30,25,13,19,44,52,60,29,44,14,9,13,15,14,61,39,58,24,194.0,83.0,Left,2,1,Rush Out,1,0,Republic of Ireland,SSE Airtricity PD,Shamrock Rovers,ed mcginty
1079,1079,258511,Emre Bilgin,M,22,GK,,0,64,68,63,58,67,33,65,34,32,6,8,44,9,6,14,12,38,13,22,21,10,9,31,38,44,17,28,8,10,6,10,12,53,24,56,27,188.0,85.0,Left,2,1,,0,0,Turkey,Trendyol Süper Lig,Beşiktaş,emre bilgin
1079,1079,221463,Ernesto Hernández,M,40,GK,,0,64,57,65,73,62,37,70,38,36,10,18,55,11,19,35,19,44,15,24,23,16,15,42,45,58,22,53,13,18,17,12,18,54,24,53,21,184.0,86.0,Right,2,1,Cross Claimer|Far Throw|Footwork,3,0,Uruguay,Sudamericana,Boston River,ernesto hernandez
1079,1079,227148,Federico Bonansea,M,28,GK,,0,64,69,57,57,68,41,63,40,42,17,14,43,13,15,24,12,33,23,31,30,27,26,39,45,58,27,36,22,21,11,16,20,61,43,62,35,183.0,78.0,Right,2,1,,0,0,Argentina,LPF,San Martín,federico bonansea
1079,1079,278045,Fraga,M,23,GK,,0,64,63,63,62,64,30,64,31,29,4,9,47,8,6,18,14,30,11,20,22,13,11,24,28,63,14,25,11,12,7,11,12,56,22,63,25,194.0,83.0,Right,2,1,,0,0,Spain,LALIGA HYPERMOTION,Real Sociedad B,fraga
1079,1079,279703,Francisco Silva,M,20,GK,,0,64,64,59,64,65,42,65,46,37,6,9,48,6,8,15,14,56,15,46,43,14,17,34,30,60,14,56,27,12,8,12,14,60,20,60,20,193.0,86.0,Right,3,1,,0,0,Portugal,Liga Portugal,Sporting CP,francisco silva
1079,1079,262718,Franco Ravizzoli,M,28,GK,,0,64,64,64,66,65,27,65,31,22,4,7,50,5,6,11,11,50,10,27,29,16,12,39,34,54,16,40,12,14,11,12,13,56,30,60,37,190.0,85.0,Right,2,1,,0,0,Argentina,EFL League One,Blackpool,franco ravizzoli
1079,1079,269251,Frankarlos Benítez,M,21,GK,,0,64,65,66,62,63,32,63,34,29,5,12,47,13,11,16,14,29,11,17,16,12,9,32,53,52,15,30,10,10,9,14,14,51,30,54,28,188.0,79.0,Right,2,1,,0,0,Venezuela,Sudamericana,Caracas FC,frankarlos benitez
1079,1079,269707,Gabriel Kobylak,M,24,GK,,0,64,63,62,62,66,32,67,32,33,9,9,47,10,10,18,13,44,13,29,32,12,11,25,25,48,19,38,14,23,11,12,12,61,33,67,44,190.0,84.0,Right,2,1,,0,0,Poland,PKO BP Ekstraklasa,Legia Warszawa,gabriel kobylak
1079,1079,258480,Gabriel Pereira,M,23,GK,,0,64,63,65,64,65,27,63,31,22,3,8,48,12,10,18,15,39,9,28,27,13,10,23,23,55,11,24,9,10,8,12,11,56,26,65,28,195.0,80.0,Right,3,1,,0,0,Brazil,Liga Cyprus,APOEL FC,gabriel pereira
1079,1079,212453,Germán Parreño,M,33,GK,,0,64,62,65,66,62,36,64,37,35,13,11,50,12,15,24,30,46,14,41,40,28,13,41,40,60,20,49,21,19,17,13,15,61,33,65,38,191.0,78.0,Right,3,1,,0,0,Spain,LALIGA HYPERMOTION,RC Deportivo,german parreno
1079,1079,240704,Guo Quanbo,M,28,GK,,0,64,64,60,58,64,51,63,45,59,18,16,44,18,13,25,32,66,26,44,52,39,22,56,60,63,37,62,21,28,16,17,15,65,31,62,40,185.0,76.0,Right,2,1,Cross Claimer,1,0,China PR,CSL,Meizhou Hakka FC,guo quanbo
1079,1079,268631,Harry Tyrer,M,24,GK,,0,64,65,61,62,65,16,62,15,17,8,9,47,9,6,12,11,28,11,29,21,12,7,33,28,60,17,22,11,14,6,11,11,57,28,73,19,194.0,88.0,Right,2,1,,0,0,England,Premier League,Everton,harry tyrer
1079,1079,225766,Hugo Keto,M,28,GK,,0,64,65,62,60,64,46,63,49,41,8,16,45,18,19,25,13,48,19,26,24,18,20,46,50,59,24,38,18,19,9,17,14,64,25,62,25,192.0,79.0,Right,2,1,Cross Claimer|Footwork,2,0,Finland,Allsvenskan,IFK Värnamo,hugo keto
1079,1079,72534,Jakob Meierhofer,M,28,GK,,0,64,64,61,64,64,27,64,31,20,6,6,48,7,7,11,12,32,9,21,30,12,9,33,33,65,11,31,6,9,7,11,9,45,22,46,19,187.0,77.0,Right,3,1,,0,0,Austria,Ö. Bundesliga,Grazer AK,jakob meierhofer
1079,1079,253110,Jan de Boer,M,25,GK,,0,64,63,62,63,62,18,64,18,19,5,7,47,9,9,13,14,26,10,29,28,12,9,22,27,62,18,30,13,13,8,10,10,58,21,75,27,199.0,95.0,Right,2,1,,0,0,Holland,Eliteserien,Bryne FK,jan de boer
1079,1079,271211,Jankat Yılmaz,M,21,GK,,0,64,66,63,58,68,26,65,27,24,6,6,44,6,5,17,10,25,13,22,21,12,10,24,24,50,13,22,13,12,7,10,11,55,21,64,20,193.0,75.0,Left,3,1,,0,0,Turkey,Trendyol Süper Lig,Galatasaray,jankat y lmaz
1079,1079,183513,Jens Grahl,M,37,GK,,0,64,68,60,58,66,44,62,41,48,13,12,44,13,11,21,19,32,10,22,20,11,12,44,43,62,23,55,23,13,20,13,12,67,39,78,33,192.0,88.0,Right,2,1,,0,0,Germany,Bundesliga,Frankfurt,jens grahl
1079,1079,80146,Joeri Heerkens,M,19,GK,,0,64,65,60,66,68,22,66,24,20,7,9,50,7,8,13,16,36,13,39,32,14,15,32,28,51,24,33,12,10,9,12,13,51,29,59,20,193.0,79.0,Right,3,1,,0,0,Holland,Eredivisie,Ajax,joeri heerkens
1079,1079,256053,John Pulskamp,M,24,GK,,0,64,67,60,59,67,25,62,27,21,6,9,44,8,9,19,13,31,14,27,22,14,8,30,41,60,15,34,11,10,12,13,12,54,20,62,20,188.0,86.0,Right,1,1,,0,0,United States,MLS,Sporting KC,john pulskamp
1079,1079,242983,Jon McCracken,M,25,GK,,0,64,65,62,60,67,35,63,39,30,6,7,45,5,9,19,11,44,14,22,25,10,7,44,49,57,11,45,10,13,9,12,14,60,23,68,40,190.0,77.0,Right,2,1,Footwork,1,0,Scotland,Scottish Prem,Dundee FC,jon mccracken
1079,1079,205352,Jordan Archer,M,32,GK,,0,64,64,63,64,64,43,65,43,42,11,16,48,13,11,28,15,31,13,30,26,20,20,50,40,54,24,38,16,16,15,18,14,58,27,57,25,191.0,80.0,Right,2,1,,0,0,Scotland,EFL Championship,Portsmouth,jordan archer
1079,1079,222876,Jordan Smith,M,31,GK,,0,64,65,65,61,63,35,61,36,33,12,15,46,20,12,23,14,46,13,28,22,16,16,48,44,61,24,51,14,14,21,16,15,54,29,55,27,183.0,75.0,Left,4,1,,0,0,England,Scottish Prem,Hibernian,jordan smith
1079,1079,239499,Kai Eisele,M,30,GK,,0,64,67,63,62,65,19,62,20,18,3,7,47,7,5,12,8,38,13,16,19,13,5,39,21,52,11,31,13,9,10,12,9,54,27,68,31,190.0,80.0,Right,4,1,,0,0,Germany,3. Liga,FC Ingolstadt 04,kai eisele
1079,1079,266526,Katie Startup,F,27,GK,,0,64,60,63,67,69,33,65,33,32,7,8,50,13,9,21,18,58,15,32,30,24,21,31,52,55,17,56,8,8,9,14,17,56,23,63,20,170.0,64.0,Right,2,1,,0,0,England,Barclays WSL,Manchester City,katie startup
1079,1079,211299,Kelle Roos,M,33,GK,,0,64,65,61,62,64,42,64,45,38,14,15,47,18,19,23,14,42,15,28,20,17,16,34,38,61,20,44,19,13,9,18,21,63,43,68,20,196.0,90.0,Right,4,1,,0,0,Holland,EFL League Two,Notts County,kelle roos
1079,1079,79627,Larissa Rusek,F,21,GK,,0,64,61,62,66,67,28,64,24,33,8,10,50,8,7,19,12,51,15,21,25,12,12,34,46,62,19,25,15,18,9,17,14,40,23,37,28,173.0,67.0,Right,1,1,,0,0,Austria,GPFBL,1. FC Nürnberg,larissa rusek
1079,1079,77093,Lassine Diarra,M,23,GK,,0,64,65,60,58,66,34,63,33,36,6,9,44,6,8,15,14,25,14,19,23,10,8,25,27,61,17,28,7,11,8,11,14,56,25,62,23,190.0,80.0,Right,3,1,,0,0,Mali,Ligue 1 McDonald's,OL,lassine diarra
1079,1079,251818,Leandro Requena,M,38,GK,,0,64,64,62,70,63,53,63,51,56,5,6,53,25,9,14,11,69,10,29,44,14,14,53,60,62,19,58,10,13,7,12,10,61,43,59,28,186.0,80.0,Left,3,1,Footwork|Rush Out,2,0,Argentina,Sudamericana,Deportes Iquique,leandro requena
1079,1079,76854,Liliana Merolla,F,20,GK,,0,64,59,60,56,66,25,68,20,32,5,5,42,6,7,13,12,23,12,19,28,10,10,26,43,67,18,37,7,14,9,10,12,36,28,30,26,165.0,59.0,Right,2,1,,0,0,Italy,Calcio A Femminile,Roma,liliana merolla
1079,1079,201847,Louis Bostyn,M,32,GK,,0,64,66,63,59,62,36,66,34,38,13,4,44,10,8,24,19,32,21,20,19,20,5,37,32,59,13,35,13,6,13,8,7,56,24,65,36,196.0,86.0,Right,3,1,,0,0,Belgium,1A Pro League,Zulte Waregem,louis bostyn
1079,1079,278474,Lucas Lavagnino,M,21,GK,,0,64,63,61,60,67,48,61,47,50,15,22,45,18,19,21,19,34,17,33,23,18,24,42,40,63,27,33,10,27,9,10,16,71,28,74,32,189.0,79.0,Right,3,1,,0,0,Argentina,LPF,Independiente,lucas lavagnino
1079,1079,247121,Luis Barraza,M,29,GK,,0,64,64,63,71,61,22,66,27,15,5,8,53,5,5,17,13,35,13,24,19,14,7,23,34,58,19,37,8,14,5,13,13,57,26,69,26,187.0,88.0,Right,3,1,,0,0,United States,MLS,D.C. United,luis barraza
1079,1079,277916,Luka Gavran,M,25,GK,,0,64,64,66,66,63,28,62,25,32,7,8,50,6,8,11,10,27,10,21,17,10,11,35,21,55,18,31,8,11,6,14,10,61,18,77,18,198.0,91.0,Right,1,1,,0,0,Canada,MLS,Toronto FC,luka gavran
1079,1079,262944,Lukas Jungwirth,M,21,GK,,0,64,66,62,61,66,46,59,44,50,8,8,46,7,7,11,10,36,14,16,29,12,12,43,57,63,18,34,14,10,9,13,14,58,29,60,27,193.0,78.0,Right,2,1,,0,0,Austria,Ö. Bundesliga,LASK,lukas jungwirth
1079,1079,207589,Malkolm Nilsson Säfqvist,M,32,GK,,0,64,65,63,64,66,33,67,32,34,15,15,48,17,15,20,16,43,15,38,35,22,15,35,37,42,23,38,18,20,20,18,18,60,30,67,24,193.0,89.0,Right,2,1,Cross Claimer,1,0,Sweden,Allsvenskan,Djurgårdens IF,malkolm nilsson safqvist
1079,1079,211262,Manuel Vicentini,M,35,GK,,0,64,65,63,65,64,44,63,42,47,14,13,49,16,20,25,12,25,16,24,22,20,13,37,42,60,23,66,22,17,20,14,13,62,37,66,25,187.0,86.0,Right,3,1,,0,0,Argentina,LPF,Belgrano,manuel vicentini
1079,1079,228935,Marcel Engelhardt,M,32,GK,,0,64,69,58,61,67,46,64,48,43,18,13,46,15,13,19,18,30,16,23,23,13,18,39,43,54,19,30,24,18,26,20,19,71,38,79,17,191.0,89.0,Right,2,1,,0,0,Germany,Bundesliga 2,Holstein Kiel,marcel engelhardt
1079,1079,276518,Marcel Łubik,M,21,GK,,0,64,64,62,60,64,62,63,61,64,7,6,45,9,14,21,9,42,21,39,29,13,11,33,39,58,31,31,18,14,13,23,21,64,39,56,31,190.0,85.0,Left,3,1,,0,0,Poland,PKO BP Ekstraklasa,Górnik Zabrze,marcel ubik
1079,1079,184040,Martin Hansen,M,35,GK,,0,64,62,63,61,64,50,63,51,48,15,20,46,16,13,14,8,48,13,13,11,14,13,48,51,66,23,56,24,12,23,14,14,64,33,67,24,188.0,85.0,Right,3,1,Cross Claimer,1,0,Denmark,3F Superliga,Odense BK,martin hansen
1079,1079,205747,Martin Sourzac,M,34,GK,,0,64,63,64,62,66,53,63,51,55,16,12,47,14,14,24,18,28,12,33,23,15,26,54,57,58,29,56,18,16,12,11,16,65,31,65,17,186.0,81.0,Right,2,1,,0,0,France,Ligue 2 BKT,AS Nancy Lorraine,martin sourzac
1079,1079,268912,Martin Turk,M,22,GK,,0,64,66,56,57,71,38,63,40,34,7,7,43,9,7,21,12,38,18,17,30,15,13,28,32,54,14,33,7,8,7,14,12,54,30,55,26,190.0,82.0,Left,2,1,,0,0,Slovenia,Liga Portugal,Estoril Praia,martin turk
1079,1079,275317,Mathieu Patouillet,M,22,GK,,0,64,65,61,57,67,19,62,23,14,4,6,43,7,8,15,12,28,8,22,21,11,8,28,31,63,13,35,6,9,6,11,10,39,19,44,26,188.0,75.0,Right,3,1,,0,0,France,ROSHN Saudi League,Al Hilal,mathieu patouillet
1079,1079,213407,Matt Macey,M,31,GK,,0,64,65,64,64,64,39,63,38,40,12,16,48,16,16,22,18,48,17,27,24,16,16,37,33,59,22,44,15,16,11,11,14,56,33,57,25,201.0,81.0,Right,2,1,,0,0,England,EFL League Two,Colchester,matt macey
1079,1079,186611,Mauro Vigorito,M,35,GK,,0,64,63,63,60,65,39,65,38,40,13,18,45,13,16,13,13,35,12,34,26,13,13,52,30,61,29,51,26,9,21,13,12,54,32,55,32,187.0,79.0,Right,2,1,,0,0,Italy,Serie A Enilive,Como,mauro vigorito
1079,1079,265763,Maximilian Braune,M,22,GK,,0,64,67,62,64,69,34,60,34,34,5,8,48,8,5,18,14,39,10,34,26,11,8,39,39,50,22,22,9,12,10,13,11,54,18,57,25,187.0,76.0,Right,3,1,,0,0,Germany,3. Liga,MSV Duisburg,maximilian braune
1079,1079,78591,Melanie Wagner,F,24,GK,,0,64,61,60,66,66,29,64,28,31,9,9,50,11,8,20,18,43,15,29,27,16,14,24,48,62,15,31,17,18,11,19,17,42,30,39,21,178.0,65.0,Right,1,1,,0,0,Germany,GPFBL,Union Berlin,melanie wagner
1079,1079,268544,Murphy Cooper,M,24,GK,,0,64,65,65,60,64,41,61,44,36,8,7,45,7,8,12,13,38,13,17,26,12,7,32,39,59,19,23,8,12,8,10,14,60,20,64,20,185.0,75.0,Right,2,1,Deflector|Far Reach,2,0,England,EFL League One,Barnsley,murphy cooper
1079,1079,250897,Mustafa Burak Bozan,M,25,GK,,0,64,65,63,64,66,19,65,18,21,7,8,48,6,5,13,13,38,13,21,20,14,6,23,27,53,18,33,10,11,5,10,13,49,28,57,27,190.0,80.0,Right,3,1,,0,0,Turkey,Trendyol Süper Lig,Gaziantep,mustafa burak bozan
1079,1079,209166,Mustafa Malaeka,M,39,GK,,0,64,61,62,62,63,47,66,46,48,14,17,47,20,20,24,13,45,20,29,17,14,12,30,53,59,15,55,16,29,15,18,12,66,30,62,18,186.0,82.0,Right,4,1,Far Throw,1,0,Saudi Arabia,ROSHN Saudi League,Neom,mustafa malaeka
1079,1079,237188,Nathan Bishop,M,26,GK,,0,64,65,62,60,65,39,63,38,40,10,10,45,11,13,21,18,51,17,44,49,14,20,59,55,62,30,60,22,19,21,17,16,59,36,60,31,185.0,72.0,Right,3,1,,0,0,England,EFL League One,AFC Wimbledon,nathan bishop
1079,1079,267684,Nicholas Hagen,M,29,GK,,0,64,64,62,61,64,33,64,39,25,6,5,46,5,9,15,14,40,10,23,24,12,10,40,21,60,20,39,6,13,5,11,12,56,25,59,22,193.0,85.0,Right,3,1,,0,0,Guatemala,MLS,Columbus Crew,nicholas hagen
1079,1079,211105,Nicolai Flø,M,30,GK,,0,64,64,65,55,65,39,63,38,41,13,12,41,12,9,26,14,51,13,29,19,14,14,38,36,60,17,50,10,10,24,13,15,54,19,57,25,190.0,87.0,Left,2,1,Deflector,1,0,Denmark,3F Superliga,Sønderjyske,nicolai fl
1079,1079,223174,Onurcan Piri,M,31,GK,,0,64,65,64,57,65,19,64,18,20,8,7,43,7,8,28,9,15,9,33,18,10,8,23,22,58,10,34,9,13,6,11,9,46,26,53,18,190.0,82.0,Right,2,1,,0,0,Turkey,Trendyol Süper Lig,Kayserispor,onurcan piri
1079,1079,190669,Oscar Jansson,M,35,GK,,0,64,62,63,65,62,33,64,33,34,8,15,49,12,14,23,15,47,13,30,39,13,16,28,42,67,20,56,15,16,22,13,18,57,35,60,23,187.0,82.0,Right,2,1,,0,0,Sweden,Allsvenskan,BK Häcken,oscar jansson
1079,1079,235590,Pablo Sisniega,M,30,GK,,0,64,63,65,64,64,44,65,41,48,7,11,48,18,14,23,20,31,21,33,46,27,24,45,32,55,35,46,18,21,10,23,22,61,39,61,24,192.0,79.0,Right,2,1,,0,0,Mexico,MLS,San Diego FC,pablo sisniega
1079,1079,253636,Pedro Galindo,M,30,GK,,0,64,65,62,62,64,46,61,48,44,16,17,47,17,13,22,19,40,14,34,39,14,21,33,56,60,15,31,19,15,21,12,16,68,27,74,22,180.0,75.0,Right,2,1,,0,0,Bolivia,Sudamericana,Nacional Potosí,pedro galindo
1079,1079,80045,Radoslaw Zelezny,M,19,GK,,0,64,63,68,60,64,28,64,25,32,6,5,45,8,8,5,13,35,14,26,18,13,14,38,21,51,18,27,7,14,7,13,13,55,19,64,26,193.0,85.0,Left,2,1,,0,0,Poland,Serie A Enilive,AS Roma,radoslaw zelezny
1079,1079,211953,René Vollath,M,36,GK,,0,64,63,62,59,66,39,63,37,41,8,9,44,12,11,19,10,31,12,23,21,12,17,38,43,64,16,43,14,14,10,9,15,52,36,53,30,185.0,75.0,Right,3,1,Far Throw|Long Ball Pass,2,0,Germany,3. Liga,1860 München,rene vollath
1079,1079,278734,Roberto León,M,24,GK,,0,64,65,63,56,64,27,63,26,29,5,8,42,8,9,11,14,38,14,29,26,14,11,28,46,62,19,39,14,14,8,12,14,55,23,63,26,187.0,78.0,Right,4,1,,0,0,Argentina,LPF,Defensa,roberto leon
1079,1079,70698,Rodrigo Borzone,M,21,GK,,0,64,64,61,60,63,23,64,20,28,5,5,45,5,7,16,12,48,12,21,21,12,6,48,33,63,16,22,14,12,7,11,13,60,25,76,16,191.0,82.0,Right,2,1,,0,0,Argentina,LPF,Estudiantes,rodrigo borzone
1079,1079,261687,Sebastian Breza,M,28,GK,,0,64,63,64,50,68,33,62,33,34,8,10,38,7,7,21,11,32,12,27,25,14,12,24,23,55,18,23,12,22,14,11,13,65,34,73,37,193.0,87.0,Right,1,1,Cross Claimer,1,0,Canada,MLS,CF Montréal,sebastian breza
1079,1079,237250,Stefan Cleveland,M,31,GK,,0,64,64,63,62,66,55,64,55,54,13,9,47,20,16,23,22,51,15,44,42,19,12,33,27,58,27,40,11,15,12,12,25,65,40,62,27,188.0,84.0,Left,2,1,,0,0,United States,MLS,Austin FC,stefan cleveland
1079,1079,263763,Szymon Weirauch,M,22,GK,,0,64,64,60,61,67,32,63,31,33,7,11,46,8,8,16,11,37,11,23,28,12,6,31,25,59,15,22,14,14,6,11,12,56,26,60,18,193.0,76.0,Right,2,1,Footwork,1,0,Poland,PKO BP Ekstraklasa,Lechia Gdańsk,szymon weirauch
1079,1079,262056,Theo Sander,M,21,GK,,0,64,66,62,67,66,37,63,36,39,14,12,50,12,12,20,16,54,14,36,38,28,22,42,40,49,36,46,16,13,13,14,14,58,25,62,22,192.0,84.0,Right,3,1,Cross Claimer,1,0,Denmark,3F Superliga,Odense BK,theo sander
1079,1079,233725,Thijmen Nijhuis,M,27,GK,,0,64,65,59,60,64,17,63,17,18,7,6,45,8,9,18,12,36,12,26,24,14,12,33,29,65,18,25,12,12,10,14,14,49,20,57,20,197.0,83.0,Right,3,1,Rush Out,1,0,Holland,3. Liga,SV Waldhof,thijmen nijhuis
1079,1079,238489,Tim Boss,M,32,GK,,0,64,67,62,60,64,48,62,47,49,11,9,45,11,10,33,9,52,18,29,28,13,16,48,48,63,21,37,19,8,15,9,9,61,29,67,31,186.0,79.0,Right,3,1,,0,0,Germany,Bundesliga 2,SV Elversberg,tim boss
1079,1079,242200,Tim Rönning,M,27,GK,,0,64,63,64,64,65,17,63,15,21,9,10,48,18,20,12,15,45,11,45,47,32,12,29,44,58,16,36,10,10,16,10,11,48,45,59,27,201.0,88.0,Right,3,1,Cross Claimer,1,0,Sweden,Allsvenskan,Halmstads BK,tim ronning
1079,1079,225650,Tom King,M,31,GK,,0,64,64,63,61,64,42,63,40,44,12,6,46,17,18,26,9,45,7,35,43,9,8,39,57,56,28,42,13,18,15,17,20,66,32,73,23,194.0,80.0,Right,3,1,,0,0,Wales,Premier League,Everton,tom king
1079,1079,79024,Tom Opitz,M,22,GK,,0,64,63,65,61,63,25,62,24,27,4,7,46,9,9,16,11,26,12,16,18,10,8,32,21,63,15,30,7,13,7,11,10,53,23,60,25,192.0,85.0,Right,2,1,,0,0,Germany,3. Liga,TSV Havelse,tom opitz
1079,1079,166764,Trevor Carson,M,38,GK,,0,64,64,63,64,63,49,64,50,48,18,17,48,14,15,23,18,43,19,29,32,12,16,56,67,61,24,50,17,12,15,11,12,64,43,68,37,185.0,80.0,Right,3,1,Cross Claimer|Far Throw|Footwork,3,0,Northern Ireland,Scottish Prem,Dundee FC,trevor carson
1079,1079,279605,Tristán,M,24,GK,,0,64,61,64,62,65,28,61,26,31,7,7,47,5,7,14,15,49,11,33,31,10,10,27,36,61,14,26,12,13,6,13,12,48,35,50,18,188.0,73.0,Right,4,1,,0,0,Spain,LALIGA EA SPORTS,RCD Espanyol,tristan
1079,1079,276117,Vicente Reyes,M,22,GK,,0,64,64,62,63,64,38,63,42,32,8,10,47,6,8,12,13,52,13,41,46,23,12,44,36,58,30,56,8,13,10,12,13,61,24,68,23,194.0,80.0,Right,3,1,Cross Claimer,1,0,Chile,EFL League One,Peterborough,vicente reyes
1079,1079,76012,Vladyslav Krapyvtsov,M,20,GK,,0,64,64,64,62,64,33,64,35,31,5,6,47,7,5,10,14,35,12,25,29,14,14,32,41,58,20,33,12,11,7,10,12,42,25,40,22,188.0,75.0,Right,3,1,,0,0,Ukraine,LALIGA EA SPORTS,Girona FC,vladyslav krapyvtsov
1079,1079,73986,William Lykke,M,21,GK,,0,64,62,65,63,63,22,62,24,20,7,7,47,8,9,14,10,48,13,21,27,11,13,26,36,60,13,34,8,10,6,13,11,51,16,59,28,188.0,82.0,Left,3,1,,0,0,Denmark,3F Superliga,FC Nordsjælland,william lykke
1079,1079,188202,Yannick Thoelen,M,35,GK,,0,64,64,64,62,61,38,64,36,42,5,11,47,12,13,20,14,40,17,26,33,16,12,43,33,59,19,36,13,13,10,20,19,57,27,61,27,188.0,81.0,Right,2,1,,0,0,Belgium,1A Pro League,Royal Antwerp FC,yannick thoelen
1079,1079,240597,Zach Hemming,M,26,GK,,0,64,65,62,61,63,28,64,31,24,4,9,46,5,10,19,14,56,13,30,40,12,12,63,32,60,26,57,6,11,10,13,12,49,25,50,34,188.0,70.0,Right,2,1,Cross Claimer|Footwork,2,0,England,EFL League Two,Chesterfield,zach hemming
1079,1079,269536,Zhao Bo,M,32,GK,,0,64,64,63,58,68,19,63,21,16,12,9,44,7,9,15,13,38,13,16,22,12,8,32,33,50,13,31,13,13,12,13,15,47,26,53,18,188.0,71.0,Right,2,1,,0,0,China PR,CSL,Zhejiang Pro,zhao bo
1079,1079,79922,Ármin Pécsi,M,21,GK,,0,64,64,62,63,67,51,63,49,54,6,5,47,6,9,10,11,29,12,18,21,12,8,39,37,59,16,32,11,11,7,10,14,61,21,62,17,190.0,85.0,Right,2,1,,0,0,Hungary,Premier League,Liverpool,armin pecsi
1079,1079,76202,Ștefan Lefter,M,21,GK,,0,64,67,62,57,64,32,62,30,35,6,10,43,6,6,12,12,40,13,36,30,11,11,35,35,60,16,30,13,18,14,14,15,54,21,55,33,187.0,80.0,Right,3,1,,0,0,Romania,SUPERLIGA,FC Univ. Cluj,stefan lefter
1183,1183,277239,Adri Suárez,M,21,GK,,0,63,63,63,61,63,30,59,30,29,9,6,46,10,10,16,14,46,7,43,36,11,8,38,46,62,15,41,8,11,9,13,13,48,29,50,29,195.0,74.0,Right,4,1,,0,0,Spain,LALIGA HYPERMOTION,UD Las Palmas,adri suarez
1183,1183,263689,Agustín Lastra,M,25,GK,,0,63,70,64,67,63,27,55,25,29,7,5,50,9,9,12,11,32,11,23,18,13,15,33,28,53,21,38,12,13,9,12,14,54,23,63,28,194.0,83.0,Right,2,1,,0,0,Argentina,LPF,Ind. Rivadavia,agustin lastra
1183,1183,209027,Ahmed Al Kassar,M,34,GK,,0,63,62,63,55,65,40,62,40,41,18,15,41,20,11,19,15,46,15,23,16,17,19,36,62,59,17,48,20,18,12,14,17,57,35,56,16,177.0,72.0,Right,3,1,,0,0,Saudi Arabia,ROSHN Saudi League,Al Qadsiah,ahmed al kassar
1183,1183,255952,Aldo Pérez,M,25,GK,,0,63,59,64,58,64,26,62,26,27,6,8,44,10,8,15,15,40,12,16,21,11,9,23,22,62,13,33,12,15,8,15,15,53,26,59,29,191.0,85.0,Right,2,1,,0,0,Paraguay,Sudamericana,Guaraní,aldo perez
1183,1183,203215,Alex Cairns,M,33,GK,,0,63,63,61,62,63,49,62,49,48,11,11,47,13,13,22,12,46,12,36,47,14,12,43,60,57,17,45,15,11,21,11,11,46,23,39,39,183.0,72.0,Left,3,1,Footwork|Long Ball Pass,2,0,England,Premier League,Leeds United,alex cairns
1183,1183,240218,Alexander Weidinger,M,28,GK,,0,63,64,61,63,62,22,64,22,23,6,7,47,6,8,10,13,24,12,23,23,13,11,29,38,54,18,25,12,10,14,13,11,54,21,68,22,197.0,91.0,Right,3,1,,0,0,Germany,3. Liga,Jahn Regensburg,alexander weidinger
1183,1183,275761,Andrea Romero,F,31,GK,,0,63,62,62,51,66,33,60,30,38,10,9,38,9,10,18,9,37,14,16,11,12,12,22,31,59,18,20,11,11,10,15,12,37,21,30,19,163.0,60.0,Right,2,1,,0,0,Spain,Liga F Moeve,Granada CF,andrea romero
1183,1183,232082,Andrew Tarbell,M,32,GK,,0,63,63,62,67,68,29,62,27,31,17,15,50,15,17,19,14,29,13,22,25,14,15,25,29,45,18,36,12,12,17,12,13,56,26,67,22,190.0,88.0,Right,3,1,,0,0,United States,MLS,Houston Dynamo,andrew tarbell
1183,1183,259067,André Paulo,M,29,GK,,0,63,63,61,62,64,30,63,30,29,6,7,47,8,9,14,11,57,12,37,33,10,13,31,33,59,19,45,13,14,7,13,13,53,21,57,21,188.0,76.0,Right,2,1,,0,0,Portugal,Liga Portugal,FC Alverca,andre paulo
1183,1183,271920,Arana,M,24,GK,,0,63,62,64,59,63,20,63,22,18,6,9,44,7,5,13,11,39,14,24,17,10,7,38,22,57,18,53,12,13,11,13,10,54,17,64,28,197.0,80.0,Right,3,1,,0,0,Spain,LALIGA HYPERMOTION,Real Sociedad B,arana
1183,1183,278071,Arnau Rafús,M,22,GK,,0,63,65,63,70,64,25,63,30,18,6,5,53,8,9,13,10,54,10,36,37,12,12,29,23,48,25,35,6,10,5,11,11,48,21,50,20,190.0,75.0,Right,3,1,,0,0,Spain,LALIGA HYPERMOTION,Cultural Leonesa,arnau rafus
1183,1183,252658,Baek Jong Beom,M,25,GK,,0,63,64,62,57,69,27,63,29,23,9,10,43,12,13,13,12,38,12,23,25,14,14,35,29,48,12,35,12,15,10,12,13,52,18,55,23,190.0,85.0,Right,2,1,,0,0,Korea Republic,K League 1,Gimcheon Sangmu,baek jong beom
1183,1183,248735,Bao Yaxiong,M,28,GK,,0,63,62,63,60,62,22,62,20,25,7,7,45,11,9,15,11,43,8,22,23,8,9,51,29,62,11,38,10,8,18,11,14,48,25,57,21,192.0,81.0,Right,3,1,,0,0,China PR,CSL,Shanghai Shenhua,bao yaxiong
1183,1183,213677,Ben Killip,M,30,GK,,0,63,63,62,60,64,43,63,42,44,19,11,45,15,13,20,14,35,15,36,39,24,14,40,36,58,20,27,23,19,20,17,19,55,27,53,22,188.0,74.0,Right,3,1,,0,0,England,EFL Championship,Portsmouth,ben killip
1183,1183,261305,Brian Schwake,M,24,GK,,0,63,66,60,58,63,20,60,15,28,8,9,44,7,6,18,12,35,14,21,15,11,5,32,49,63,13,38,13,10,6,10,12,55,25,71,24,188.0,79.0,Right,2,1,,0,0,United States,MLS,Nashville SC,brian schwake
1183,1183,206555,Christy Pym,M,30,GK,,0,63,57,63,64,65,43,62,45,40,16,13,48,16,17,23,11,61,20,46,53,15,29,58,59,59,34,57,28,15,24,18,17,62,42,66,30,183.0,81.0,Right,4,1,Far Throw|Footwork|Long Ball Pass,3,0,Northern Ireland,EFL League Two,Grimsby Town,christy pym
1183,1183,261755,Daan Reiziger,M,24,GK,,0,63,59,63,62,64,33,61,33,32,7,9,47,9,7,31,11,32,11,36,35,12,10,31,43,64,21,36,10,13,8,11,11,54,28,59,23,184.0,68.0,Right,3,1,,0,0,Holland,Eredivisie,SC Telstar,daan reiziger
1183,1183,79933,Daniel Antosch,M,26,GK,,0,63,62,63,65,64,21,62,19,24,8,8,49,7,6,17,12,52,16,23,24,11,9,37,26,58,16,36,11,16,14,16,14,54,29,65,29,193.0,83.0,Right,1,1,,0,0,Austria,Ö. Bundesliga,SCR Altach,daniel antosch
1183,1183,263961,Daniil Khudyakov,M,22,GK,,0,63,62,59,65,66,40,63,38,43,4,9,49,8,5,14,12,38,12,28,25,11,11,36,21,58,14,23,13,10,15,14,13,60,20,70,23,194.0,85.0,Right,3,1,,0,0,Russia,Ö. Bundesliga,SK Sturm Graz,daniil khudyakov
1183,1183,202079,Davor Blažević,M,33,GK,,0,63,64,58,56,66,26,61,24,29,13,14,42,13,19,16,13,15,20,16,20,13,12,51,59,60,30,41,12,13,10,11,11,55,42,67,20,190.0,88.0,Right,2,1,,0,0,Sweden,Allsvenskan,Brommapojkarna,davor blazevic
1183,1183,77692,Diogo Fernandes,M,21,GK,,0,63,65,62,55,64,20,58,19,21,4,6,41,7,6,18,12,21,14,27,28,12,11,22,49,62,13,33,8,12,9,14,13,46,16,54,17,185.0,78.0,Right,2,1,,0,0,Portugal,Liga Portugal,FC Porto,diogo fernandes
1183,1183,273089,Edilson Salinas,M,23,GK,,0,63,63,62,65,63,35,66,38,30,7,6,49,5,7,20,10,43,10,30,32,31,23,45,30,45,26,34,23,22,10,21,20,62,30,65,34,191.0,78.0,Right,2,1,,0,0,Argentina,LPF,Godoy Cruz,edilson salinas
1183,1183,264817,Elias Hadaya,M,27,GK,,0,63,61,62,60,62,30,62,30,31,5,6,45,9,8,15,12,30,13,22,16,11,12,35,31,61,18,35,12,14,12,12,11,55,21,60,27,196.0,92.0,Right,2,1,,0,0,Sweden,Eliteserien,Sandefjord,elias hadaya
1183,1183,236663,Ellery Balcombe,M,26,GK,,0,63,64,62,61,64,39,60,39,39,10,10,46,13,17,16,10,50,13,19,29,12,10,45,61,57,15,24,18,12,25,10,13,59,28,64,28,190.0,92.0,Right,3,1,,0,0,England,Premier League,Brentford,ellery balcombe
1183,1183,279897,Eric Puerto,M,23,GK,,0,63,65,62,60,65,16,58,15,18,6,5,45,9,5,15,12,28,10,22,18,13,13,22,43,60,17,32,14,13,6,11,14,42,19,48,20,185.0,80.0,Right,3,1,,0,0,Spain,LALIGA HYPERMOTION,RC Deportivo,eric puerto
1183,1183,76457,Federico Pintado,M,24,GK,,0,63,67,66,64,64,34,63,33,36,7,8,48,10,9,19,19,43,19,33,34,20,5,31,51,42,17,25,16,18,9,16,14,49,21,48,23,182.0,74.0,Right,2,1,,0,0,Uruguay,Sudamericana,Cerro Largo,federico pintado
1183,1183,268583,Filip Marschall,M,22,GK,,0,63,63,62,63,62,20,61,17,24,4,6,47,9,9,18,10,42,11,26,29,12,8,25,21,60,18,38,12,14,10,11,13,50,17,59,22,195.0,87.0,Right,2,1,Footwork,1,0,England,EFL League One,Stevenage,filip marschall
1183,1183,278394,Fran González,M,20,GK,,0,63,62,61,60,64,17,63,16,19,8,9,45,8,8,14,11,33,12,19,19,12,6,33,56,60,15,36,11,13,8,14,10,53,25,66,20,199.0,72.0,Right,3,1,,0,0,Spain,LALIGA EA SPORTS,Real Madrid,fran gonzalez
1183,1183,169493,Frank Fielding,M,37,GK,,0,63,61,62,59,65,34,63,35,32,11,11,44,13,13,22,18,36,15,33,29,12,12,44,45,62,23,41,21,22,12,12,14,60,31,64,38,180.0,76.0,Right,3,1,,0,0,England,EFL Championship,Stoke City,frank fielding
1183,1183,258792,George Wickens,M,24,GK,,0,63,63,63,64,64,30,61,35,22,9,8,48,6,5,15,20,55,10,58,59,12,11,29,25,59,20,31,26,23,20,17,20,53,24,50,31,194.0,81.0,Right,2,1,,0,0,England,EFL League One,Lincoln City,george wickens
1183,1183,271583,Giovanni Garofani,M,23,GK,,0,63,66,65,58,65,34,58,35,32,6,6,44,6,6,15,12,30,11,25,22,14,14,33,36,48,19,31,7,12,6,13,10,57,28,63,16,188.0,82.0,Left,3,1,,0,0,Italy,Serie BKT,Carrarese Calcio,giovanni garofani
1183,1183,253955,Han Jiaqi,M,26,GK,,0,63,63,63,60,63,34,63,35,33,8,7,45,5,15,11,10,57,10,33,27,30,22,33,55,58,25,37,22,17,20,20,21,60,31,67,34,185.0,75.0,Right,3,1,,0,0,China PR,CSL,Beijing FC,han jiaqi
1183,1183,266590,Hannah Poulter,F,20,GK,,0,63,59,63,59,60,36,62,36,36,15,10,44,13,12,16,13,42,13,24,23,11,17,49,34,68,39,41,15,12,15,11,11,59,25,67,31,174.0,67.0,Right,3,1,,0,0,England,Barclays WSL,Brighton,hannah poulter
1183,1183,222503,Harry Isted,M,29,GK,,0,63,63,62,63,63,35,61,35,36,9,14,47,19,17,31,16,24,14,24,22,13,16,34,41,58,19,38,11,18,12,14,18,43,25,37,18,186.0,74.0,Right,3,1,,0,0,England,EFL League One,Burton Albion,harry isted
1183,1183,276900,Hugo Cunha,M,24,GK,,0,63,68,60,65,68,19,61,18,20,4,8,49,8,5,18,14,39,11,28,20,12,12,21,22,45,17,29,14,13,7,10,13,58,23,74,19,198.0,91.0,Right,3,1,,0,0,Portugal,Liga Portugal,FC Famalicão,hugo cunha
1183,1183,190700,Ibrahim Koné,M,36,GK,,0,63,62,61,61,62,37,67,35,41,12,12,46,9,10,12,10,38,8,23,18,18,11,36,42,59,14,41,20,12,18,14,10,66,31,80,31,190.0,89.0,Right,2,1,,0,0,Guinea,Ligue 2 BKT,US Boulogne,ibrahim kone
1183,1183,239371,Issam El Maach,M,26,GK,,0,63,64,60,64,65,41,62,42,39,8,8,48,10,7,22,13,35,11,28,22,10,17,35,40,58,30,28,9,10,8,13,13,61,27,70,23,188.0,96.0,Right,3,1,,0,0,Morocco,Eredivisie,FC Twente,issam el maach
1183,1183,225342,Jack Stevens,M,28,GK,,0,63,63,62,63,63,41,62,39,44,16,18,47,14,13,24,15,41,10,35,36,19,13,37,55,58,25,33,20,16,17,13,19,59,32,62,24,188.0,77.0,Right,3,1,Cross Claimer|Footwork,2,0,England,EFL League One,Reading,jack stevens
1183,1183,277967,Jakub Mądrzyk,M,22,GK,,0,63,66,61,58,62,33,61,33,33,9,6,44,9,9,14,16,25,12,30,24,11,11,37,40,57,20,31,14,15,13,14,13,54,23,56,29,191.0,80.0,Right,3,1,,0,0,Poland,PKO BP Ekstraklasa,Raków,jakub madrzyk
1183,1183,190698,Jasmin Burić,M,39,GK,,0,63,63,63,60,63,24,63,22,27,15,13,45,13,15,15,11,43,18,30,35,13,11,41,38,59,22,57,21,14,19,12,13,48,22,54,26,195.0,88.0,Right,2,1,,0,0,Bosnia and Herzegovina,PKO BP Ekstraklasa,Zagłębie Lubin,jasmin buric
1183,1183,259915,Jeff Gal,M,32,GK,,0,63,63,59,65,64,18,65,16,20,8,5,49,8,7,15,12,26,14,24,26,14,12,37,36,52,18,28,11,10,6,14,14,52,26,67,25,187.0,80.0,Right,3,1,,0,0,United States,MLS,Chicago Fire FC,jeff gal
1183,1183,272646,Jesse Öst,M,35,GK,,0,63,62,63,65,63,29,61,27,31,8,7,49,9,20,31,10,62,27,43,45,35,15,32,28,63,25,42,23,25,12,18,24,64,30,75,36,194.0,86.0,Right,4,1,Cross Claimer,1,0,Finland,Finnliiga,HJK Helsinki,jesse ost
1183,1183,202570,Jimmy Maurer,M,37,GK,,0,63,63,62,63,63,26,66,26,25,12,11,47,17,11,14,15,56,12,25,31,15,14,29,39,50,25,46,16,28,14,13,16,60,25,67,36,188.0,87.0,Left,2,1,,0,0,United States,MLS,Houston Dynamo,jimmy maurer
1183,1183,255812,Johan Lara,M,27,GK,,0,63,63,62,62,63,34,63,34,34,6,8,47,10,8,13,13,35,13,30,21,15,6,32,48,53,18,35,10,12,9,13,14,42,31,40,24,187.0,82.0,Right,2,1,,0,0,Ecuador,Sudamericana,U. Católica,johan lara
1183,1183,230653,Jojo Wollacott,M,29,GK,,0,63,63,62,61,63,41,63,40,42,15,19,46,11,18,25,13,50,11,46,48,10,12,30,55,60,26,33,23,11,9,16,12,58,39,63,24,190.0,80.0,Right,2,1,,0,0,Ghana,EFL League Two,Crawley Town,jojo wollacott
1183,1183,255989,Jorge Cabezudo,M,24,GK,,0,63,63,61,60,64,35,61,32,40,8,10,45,8,7,12,11,40,13,15,14,12,8,38,47,64,15,36,19,11,18,12,9,52,30,55,21,180.0,80.0,Right,2,1,,0,0,Peru,Sudamericana,FBC Melgar,jorge cabezudo
1183,1183,228739,José Peñarrieta,M,37,GK,,0,63,62,60,62,64,48,62,50,46,12,19,47,12,14,29,20,33,18,25,35,29,17,34,56,60,23,29,20,22,14,17,15,65,40,61,22,185.0,80.0,Right,2,1,,0,0,Bolivia,Libertadores,San Antonio,jose penarrieta
1183,1183,69969,Juan Pablo Zozaya,M,24,GK,,0,63,61,59,58,68,26,64,25,28,4,5,44,8,8,18,10,57,10,18,21,11,14,36,35,60,14,41,13,13,7,13,11,62,30,77,23,187.0,82.0,Right,2,1,,0,0,Argentina,LPF,Central Córdoba,juan pablo zozaya
1183,1183,70137,Julián Kadijevic,M,22,GK,,0,63,62,59,60,64,25,64,20,32,7,9,45,6,7,11,12,28,12,17,28,10,12,24,34,58,20,35,9,11,9,10,14,53,25,65,29,186.0,78.0,Right,2,1,,0,0,Argentina,LPF,Gimnasia,julian kadijevic
1183,1183,228355,Kalle Joelsson,M,28,GK,,0,63,64,62,65,66,39,63,40,37,10,16,49,20,18,29,22,42,18,40,37,21,24,44,48,51,26,36,18,18,18,20,21,50,28,47,34,183.0,74.0,Right,3,1,,0,0,Sweden,Allsvenskan,AIK,kalle joelsson
1183,1183,210422,Krzysztof Kamiński,M,35,GK,,0,63,63,60,64,64,36,65,30,44,15,15,48,14,15,23,13,41,17,26,24,16,14,38,58,56,26,27,18,12,18,12,13,50,34,54,21,191.0,81.0,Right,3,1,Cross Claimer,1,0,Poland,PKO BP Ekstraklasa,Pogoń Szczecin,krzysztof kaminski
1183,1183,203175,Lee Burge,M,33,GK,,0,63,62,61,61,64,42,63,42,41,5,14,46,14,11,31,12,60,14,33,21,19,18,47,69,60,32,40,11,19,18,16,19,55,35,53,25,185.0,76.0,Left,2,1,,0,0,England,EFL League One,Northampton,lee burge
1183,1183,259057,Leonardo Loria,M,27,GK,,0,63,65,63,60,65,25,63,23,29,11,11,45,11,9,11,14,40,13,26,25,12,12,38,30,51,21,31,15,17,10,22,19,57,15,68,21,195.0,89.0,Right,3,1,,0,0,Italy,Serie BKT,Spezia,leonardo loria
1183,1183,235880,Leonardo Marson,M,28,GK,,0,63,66,62,62,64,20,62,21,18,7,8,47,6,8,16,15,46,11,31,27,12,12,30,30,48,21,48,7,11,15,15,15,54,27,67,29,194.0,92.0,Left,3,1,,0,0,Italy,Serie BKT,Avellino,leonardo marson
1183,1183,254328,Louie Moulden,M,24,GK,,0,63,61,60,70,65,60,63,60,60,7,23,53,10,11,30,25,68,31,56,59,36,30,65,56,60,40,60,11,20,10,14,15,70,40,68,30,191.0,79.0,Right,4,1,,0,0,England,EFL Championship,Norwich,louie moulden
1183,1183,261375,Lucas Bergström,M,23,GK,,0,63,65,60,60,65,29,62,26,34,10,10,45,10,10,13,10,30,12,30,32,12,15,35,30,54,20,35,12,13,13,12,12,55,25,65,25,205.0,82.0,Right,2,1,,0,0,Finland,LALIGA EA SPORTS,RCD Mallorca,lucas bergstrom
1183,1183,277836,Lucas Meuli,M,24,GK,,0,63,68,59,63,63,35,58,37,33,7,9,47,8,9,22,20,32,10,26,23,31,27,45,48,58,31,35,10,20,9,21,23,54,31,53,30,185.0,71.0,Left,3,1,,0,0,Argentina,LPF,Unión,lucas meuli
1183,1183,250950,Luka Kukić,M,29,GK,,0,63,64,62,58,62,24,64,26,20,6,9,44,8,8,14,10,46,12,27,22,10,13,31,33,60,14,34,13,10,14,13,13,53,23,60,17,190.0,88.0,Right,2,1,,0,0,Bosnia and Herzegovina,SUPERLIGA,FC Botoșani,luka kukic
1183,1183,240791,Marcos Lavín,M,29,GK,,0,63,60,64,56,65,31,63,31,31,8,8,42,9,8,11,13,40,14,24,23,12,7,26,38,57,19,38,12,14,21,13,14,53,18,57,25,190.0,79.0,Right,3,1,,0,0,Spain,Ligue 2 BKT,USL Dunkerque,marcos lavin
1183,1183,188278,Mark Birighitti,M,34,GK,,0,63,66,59,63,65,48,61,46,50,9,9,47,12,15,14,12,33,11,29,17,12,13,66,41,57,16,59,23,11,12,14,14,60,32,62,40,189.0,84.0,Right,4,1,,0,0,Australia,A-League,Perth Glory,mark birighitti
1183,1183,73487,Mathys Niflore,M,19,GK,,0,63,64,63,62,67,39,62,37,42,6,9,47,9,8,14,13,56,10,23,26,14,18,38,33,45,19,47,8,13,7,13,14,52,32,54,26,188.0,74.0,Right,3,1,,0,0,France,Ligue 2 BKT,USL Dunkerque,mathys niflore
1183,1183,199705,Maxime Hautbois,M,35,GK,,0,63,61,65,62,64,43,62,39,49,11,9,47,11,15,14,11,15,12,33,35,12,15,35,42,56,24,16,13,13,12,13,12,55,29,55,24,181.0,75.0,Right,2,1,,0,0,France,Ligue 2 BKT,Laval MFC,maxime hautbois
1183,1183,73213,Miguel Narváez,M,23,GK,,0,63,64,65,56,62,25,59,22,30,7,8,42,8,7,11,14,36,12,26,25,11,8,55,45,60,18,37,11,11,8,11,13,55,31,69,22,188.0,79.0,Right,3,1,,0,0,Spain,LALIGA EA SPORTS,R. Oviedo,miguel narvaez
1183,1183,253688,Mihai Popa,M,25,GK,,0,63,63,62,60,65,41,59,38,45,14,12,45,19,15,17,16,49,15,30,33,13,14,47,43,65,18,50,15,14,16,18,15,45,32,44,29,190.0,82.0,Right,2,1,,0,0,Romania,Serie A Enilive,Torino,mihai popa
1183,1183,235274,Miłosz Mleczko,M,27,GK,,0,63,63,63,59,62,26,62,34,15,8,7,44,11,12,21,13,46,15,35,28,21,12,31,29,57,16,33,12,12,15,12,10,56,31,61,31,191.0,84.0,Right,3,1,,0,0,Poland,PKO BP Ekstraklasa,Bruk-Bet,mi osz mleczko
1183,1183,237097,Moon Jung In,M,28,GK,,0,63,60,62,61,67,24,63,22,28,5,5,46,6,5,16,12,41,11,17,26,13,13,35,23,59,14,57,7,12,16,10,10,53,17,62,25,193.0,83.0,Right,2,1,,0,0,Korea Republic,K League 1,Ulsan HD FC,moon jung in
1183,1183,76567,Nacho Miras,M,28,GK,,0,63,60,62,65,65,28,63,26,32,5,10,49,10,8,30,15,40,15,30,19,15,11,41,41,54,20,25,9,15,9,15,15,56,24,66,35,187.0,80.0,Right,3,1,,0,0,Spain,1A Pro League,KV Mechelen,nacho miras
1183,1183,260156,Nicholas Bilokapić,M,23,GK,,0,63,66,60,57,62,23,65,25,21,5,9,43,7,7,16,10,44,14,23,29,12,8,26,25,59,12,41,14,13,9,14,13,52,25,59,16,196.0,80.0,Right,3,1,Footwork,1,0,Australia,EFL League One,Peterborough,nicholas bilokapic
1183,1183,272769,Niek Schiks,M,22,GK,,0,63,63,62,63,60,18,64,16,22,6,8,47,6,8,12,14,24,12,29,24,13,14,29,39,58,10,37,11,13,8,10,10,45,25,51,18,188.0,73.0,Left,2,1,,0,0,Holland,Eredivisie,PSV,niek schiks
1183,1183,263023,Niklas Sauter,M,22,GK,,0,63,66,62,57,65,27,59,28,26,9,8,43,8,7,14,13,32,11,23,20,12,9,32,29,60,13,30,10,11,9,13,12,52,27,59,22,187.0,79.0,Right,2,1,,0,0,Germany,3. Liga,VfL Osnabrück,niklas sauter
1183,1183,275032,Novak Mićović,M,24,GK,,0,63,63,63,61,62,25,60,28,20,4,7,46,7,6,13,12,34,12,28,27,13,11,27,24,59,17,31,6,13,8,11,14,52,20,57,18,190.0,77.0,Right,2,1,,0,0,Serbia,MLS,LA Galaxy,novak micovic
1183,1183,225993,Oliver Sail,M,30,GK,,0,63,64,62,50,63,49,61,49,49,11,18,38,11,16,21,16,35,12,27,31,18,20,49,49,63,27,32,19,11,12,13,13,62,45,66,30,197.0,80.0,Right,1,1,Cross Claimer|Far Throw|Footwork,3,0,New Zealand,A-League,Auckland FC,oliver sail
1183,1183,271411,Oliwier Zych,M,21,GK,,0,63,62,64,69,61,23,64,17,31,8,9,52,8,7,15,14,29,11,27,46,13,13,29,24,52,15,43,8,13,5,11,11,52,25,62,20,193.0,86.0,Right,3,1,,0,0,Poland,PKO BP Ekstraklasa,Raków,oliwier zych
1183,1183,73929,Pape Sy,M,28,GK,,0,63,64,59,63,63,28,60,24,33,7,6,47,8,7,13,13,46,15,31,27,10,10,20,25,61,14,40,11,12,12,14,16,62,27,78,31,206.0,91.0,Right,2,1,,0,0,Senegal,Ligue 1 McDonald's,FC Metz,pape sy
1183,1183,259973,Pietro Boer,M,23,GK,,0,63,64,64,61,68,29,60,33,24,4,6,46,7,5,12,12,30,12,19,24,10,5,22,27,51,17,28,14,13,7,11,11,57,24,63,19,193.0,80.0,Right,2,1,,0,0,Italy,Serie BKT,SS Juve Stabia,pietro boer
1183,1183,203824,Remi Matthews,M,32,GK,,0,63,64,63,62,63,45,62,44,47,7,15,47,20,16,22,11,39,19,35,39,14,22,49,39,55,27,34,15,15,12,15,17,62,29,66,24,192.0,78.0,Right,3,1,,0,0,England,Premier League,Crystal Palace,remi matthews
1183,1183,254401,Ricardo Farro,M,41,GK,,0,63,60,63,60,65,45,62,45,46,17,12,45,19,18,24,19,20,13,24,24,19,17,40,39,60,16,23,25,11,23,16,13,67,38,76,20,179.0,80.0,Right,2,1,,0,0,Peru,Sudamericana,FBC Melgar,ricardo farro
1183,1183,76663,Robin Wallinder,M,26,GK,,0,63,62,60,61,63,27,62,33,19,8,5,46,7,8,19,11,32,13,20,25,12,11,25,38,61,12,27,15,12,9,11,14,57,22,65,22,189.0,82.0,Right,3,1,,0,0,Sweden,Allsvenskan,Östers IF,robin wallinder
1183,1183,251910,Romain Matthys,M,27,GK,,0,63,65,59,54,65,22,66,18,27,4,6,41,7,5,15,10,53,14,19,21,13,6,34,43,56,14,33,14,10,7,13,11,41,16,47,27,183.0,80.0,Right,3,1,,0,0,Belgium,LALIGA HYPERMOTION,CD Castellón,romain matthys
1183,1183,271757,Rubén Gómez,M,24,GK,,0,63,63,62,61,61,29,63,29,29,6,6,46,6,7,12,23,41,12,26,25,11,8,60,42,60,10,23,20,10,10,11,14,44,28,46,21,182.0,75.0,Right,3,1,,0,0,Spain,LALIGA EA SPORTS,Villarreal CF,ruben gomez
1183,1183,219482,Ryan Fulton,M,29,GK,,0,63,63,62,63,65,32,62,32,31,5,18,47,13,10,23,14,40,11,25,30,15,16,40,40,58,22,41,12,14,19,15,14,50,24,52,39,191.0,70.0,Left,3,1,,0,0,Scotland,Scottish Prem,Hearts,ryan fulton
1183,1183,200525,Sam Walker,M,34,GK,,0,63,63,61,59,63,42,61,40,45,11,11,44,11,15,12,17,29,20,25,26,16,19,32,38,60,25,46,16,15,20,14,14,59,37,63,27,198.0,85.0,Right,2,1,Cross Claimer|Rush Out,2,0,England,EFL League One,Bradford City,sam walker
1183,1183,279168,Santiago Beltrán,M,21,GK,,0,63,64,59,60,65,44,62,44,45,7,8,45,9,11,18,11,32,10,27,26,12,11,41,35,62,19,37,18,16,11,9,11,66,32,74,28,190.0,85.0,Left,3,1,,0,0,Argentina,LPF,River Plate,santiago beltran
1183,1183,240346,Shamal George,M,28,GK,,0,63,64,60,60,65,39,62,38,40,18,20,45,20,20,22,17,45,13,39,42,17,14,48,35,60,30,50,21,18,15,13,14,60,34,65,42,191.0,79.0,Right,3,1,,0,0,England,Scottish Prem,St. Mirren,shamal george
1183,1183,266906,Silas Ostrzinski,M,22,GK,,0,63,65,60,59,65,29,62,26,34,7,6,44,6,8,15,9,31,10,26,25,12,10,24,25,54,11,34,11,11,9,9,13,56,29,68,22,198.0,93.0,Right,2,1,Cross Claimer,1,0,Germany,Bundesliga,Borussia Dortmund,silas ostrzinski
1183,1183,173895,Simon Eastwood,M,36,GK,,0,63,63,63,63,63,32,63,32,33,16,13,47,13,15,23,15,44,19,35,38,18,14,44,44,58,20,43,27,15,24,16,13,54,33,58,35,188.0,90.0,Right,3,1,Footwork,1,0,England,EFL Championship,Oxford United,simon eastwood
1183,1183,270665,Sophie Hillyerd,F,23,GK,,0,63,62,63,61,63,35,59,37,32,9,7,46,8,7,12,10,49,13,14,16,10,8,39,47,60,11,57,9,9,10,11,11,61,21,72,20,178.0,72.0,Right,3,1,,0,0,England,Barclays WSL,London City,sophie hillyerd
1183,1183,243711,Thomas Callens,M,27,GK,,0,63,67,64,58,63,17,61,15,19,8,9,44,11,8,16,10,36,13,15,28,12,8,35,49,51,18,39,13,11,16,11,10,51,18,65,26,182.0,81.0,Left,3,1,,0,0,France,Ligue 2 BKT,FC Annecy,thomas callens
1183,1183,248216,Thomas Hasal,M,26,GK,,0,63,63,60,58,66,27,61,27,26,6,7,44,7,6,13,14,30,11,21,17,11,8,23,35,63,12,23,13,14,8,11,13,55,23,63,18,191.0,77.0,Right,1,1,,0,0,Canada,MLS,LAFC,thomas hasal
1183,1183,215693,Thomas Mikkelsen,M,42,GK,,0,63,62,64,63,63,32,65,30,35,15,16,47,16,18,30,16,59,18,48,48,18,22,32,39,53,40,45,22,14,24,17,12,61,30,72,27,190.0,85.0,Right,2,1,,0,0,Denmark,3F Superliga,Brøndby IF,thomas mikkelsen
1183,1183,278469,Thyago Ayala,M,24,GK,,0,63,60,65,60,63,50,59,46,55,7,8,45,6,6,12,15,35,12,32,29,15,17,42,56,61,21,27,13,11,10,15,12,63,19,70,15,188.0,80.0,Right,2,1,,0,0,Argentina,LPF,Sarmiento,thyago ayala
1183,1183,218873,Tim Paterok,M,33,GK,,0,63,66,62,62,66,33,63,33,34,15,13,47,16,16,21,15,31,14,29,28,18,19,39,38,47,20,35,15,12,6,16,14,53,34,55,20,192.0,79.0,Right,2,1,,0,0,Germany,3. Liga,Saarbrücken,tim paterok
1183,1183,224761,Tomasz Loska,M,30,GK,,0,63,65,60,59,67,37,61,36,38,11,16,44,17,20,27,19,38,21,28,28,11,17,35,48,57,24,52,22,16,21,16,13,58,23,62,17,190.0,79.0,Right,2,1,,0,0,Poland,PKO BP Ekstraklasa,Górnik Zabrze,tomasz loska
1183,1183,276944,Tommy Simkin,M,21,GK,,0,63,63,61,60,63,43,61,44,42,8,7,45,8,8,17,9,42,10,20,27,15,12,50,28,60,23,40,8,12,9,12,12,59,37,60,25,190.0,82.0,Right,2,1,,0,0,England,EFL League One,Leyton Orient,tommy simkin
1183,1183,269560,Toni Stahl,M,26,GK,,0,63,64,62,62,65,25,61,22,29,6,8,47,9,9,10,11,40,14,24,25,13,10,23,24,55,16,33,8,12,6,14,12,37,23,35,19,194.0,80.0,Right,3,1,,0,0,Germany,3. Liga,FC Schweinfurt 05,toni stahl
1183,1183,223968,Vaso Vasić,M,35,GK,,0,63,63,63,64,63,46,64,45,48,18,10,48,13,12,24,17,48,14,22,20,13,12,35,54,50,17,26,23,18,21,19,21,63,24,66,18,187.0,87.0,Right,3,1,,0,0,Serbia,Brack Super League,FC Luzern,vaso vasic
1183,1183,263619,Vic Chambaere,M,23,GK,,0,63,68,62,62,65,42,62,42,42,6,5,47,8,6,15,11,30,11,16,27,10,9,48,50,46,11,39,11,10,5,14,14,56,26,58,28,191.0,77.0,Right,3,1,,0,0,Belgium,1A Pro League,R. Union St.-G.,vic chambaere
1183,1183,256529,Vicente Bernedo,M,25,GK,,0,63,62,61,60,65,27,59,31,22,5,7,45,5,5,10,11,38,13,22,29,13,6,24,58,63,15,22,10,13,8,11,13,50,17,52,17,187.0,80.0,Right,1,1,,0,0,Chile,Liga Chile,Uni. Católica,vicente bernedo
1183,1183,271459,Víctor Aznar,M,23,GK,,0,63,63,61,63,66,29,64,30,28,6,7,47,5,11,20,13,39,13,35,28,14,14,35,45,49,18,31,15,19,7,18,22,60,27,70,26,189.0,82.0,Right,2,1,,0,0,Brazil,LALIGA HYPERMOTION,Cádiz CF,victor aznar
1183,1183,226838,Wang Guoming,M,36,GK,,0,63,63,62,61,67,53,64,53,52,19,12,46,15,18,20,20,37,17,31,21,20,15,35,62,50,21,35,18,19,16,14,20,70,37,72,34,187.0,81.0,Right,1,1,Cross Claimer,1,0,China PR,CSL,Henan FC,wang guoming
1183,1183,212915,Yoon Pyung Gook,M,34,GK,,0,63,64,63,62,64,47,60,45,49,18,16,47,11,16,25,20,54,17,26,25,16,12,32,46,59,24,31,24,16,12,11,12,67,25,75,19,189.0,85.0,Left,3,1,,0,0,Korea Republic,K League 1,Pohang Steelers,yoon pyung gook
1183,1183,276198,Áron Yaakobishvili,M,20,GK,,0,63,66,63,62,62,25,61,28,21,6,9,47,9,9,12,11,21,13,27,17,10,8,47,49,54,26,30,8,10,9,11,12,47,24,50,24,185.0,70.0,Right,3,1,,0,0,Hungary,LALIGA HYPERMOTION,FC Andorra,aron yaakobishvili
1183,1183,201903,Øystein Øvretveit,M,31,GK,,0,63,63,61,60,62,24,63,24,23,15,13,45,15,8,23,12,46,10,17,39,12,12,21,49,59,23,48,25,13,6,15,11,54,26,62,40,193.0,85.0,Right,2,1,,0,0,Norway,Eliteserien,Fredrikstad FK,ystein vretveit
1286,1286,229433,Adrián Zendejas,M,30,GK,,0,62,66,61,59,64,37,60,35,39,15,17,44,13,12,24,11,56,16,29,22,13,14,37,37,52,22,41,15,17,13,16,19,55,24,57,18,196.0,84.0,Right,3,1,,0,0,United States,MLS,Whitecaps FC,adrian zendejas
1286,1286,227616,Amund Wichne,M,28,GK,,0,62,61,59,62,63,45,62,46,44,10,14,47,15,15,20,22,42,15,35,34,17,15,42,50,55,19,38,17,14,17,18,18,58,28,56,24,182.0,79.0,Right,3,1,,0,0,Norway,Eliteserien,FK Haugesund,amund wichne
1286,1286,269406,Andrei Gorcea,M,24,GK,,0,62,62,62,63,66,28,60,27,30,5,6,47,7,7,13,11,38,10,18,28,10,10,33,49,53,12,33,13,12,9,13,11,48,17,54,20,185.0,75.0,Right,1,1,,0,0,Romania,SUPERLIGA,UTA Arad,andrei gorcea
1286,1286,79262,Angelos Angelopoulos,M,23,GK,,0,62,60,60,64,65,39,63,38,40,7,7,48,6,8,15,10,35,10,25,30,12,7,35,40,50,17,22,10,11,7,13,13,42,25,40,27,188.0,75.0,Right,2,1,,0,0,Greece,Hellas Liga,AEK Athens,angelos angelopoulos
1286,1286,277642,Astralaga,M,22,GK,,0,62,58,61,63,61,24,64,22,27,6,6,47,6,6,15,12,42,12,26,23,11,14,37,29,58,15,41,14,10,5,12,10,53,17,64,20,190.0,77.0,Right,3,1,,0,0,Spain,LALIGA HYPERMOTION,Granada CF,astralaga
1286,1286,76901,Bartosz Żelazowski,M,20,GK,,0,62,63,60,62,60,47,61,48,46,6,6,47,6,9,12,12,38,13,21,20,16,12,50,59,57,16,30,8,12,9,11,14,62,33,66,28,193.0,73.0,Right,2,1,,0,0,Poland,Ligue 1 McDonald's,OGC Nice,bartosz zelazowski
1286,1286,173531,Ben Amos,M,35,GK,,0,62,60,65,67,60,46,61,47,45,14,13,50,15,13,11,14,58,11,40,45,13,14,49,50,54,23,55,23,15,17,11,12,61,28,62,28,193.0,70.0,Right,3,1,,0,0,England,EFL League One,Port Vale,ben amos
1286,1286,242229,Brian Maher,M,25,GK,,0,62,62,59,60,63,49,64,50,47,10,10,45,12,12,16,13,62,11,40,36,14,24,51,52,58,26,36,15,7,20,17,15,45,37,40,31,185.0,78.0,Right,3,1,Footwork|Long Ball Pass,2,0,Republic of Ireland,SSE Airtricity PD,Derry City,brian maher
1286,1286,222095,Callum Burton,M,29,GK,,0,62,63,61,60,63,43,59,36,53,14,19,45,13,16,22,12,37,16,21,25,11,13,40,65,58,25,27,24,17,13,12,13,49,36,49,19,188.0,80.0,Right,3,1,Cross Claimer,1,0,England,EFL Championship,Wrexham,callum burton
1286,1286,260538,Cameron Cook,M,24,GK,,0,62,62,61,64,64,30,63,28,34,7,9,48,7,9,16,12,25,10,27,16,12,10,37,50,52,16,22,11,10,9,10,13,48,29,54,30,188.0,79.0,Right,3,1,,0,0,Australia,A-League,Perth Glory,cameron cook
1286,1286,225511,Connal Trueman,M,30,GK,,0,62,62,62,60,63,46,61,47,44,12,15,45,17,12,26,18,37,20,41,46,16,21,39,65,56,29,33,23,23,29,22,24,49,35,40,29,186.0,74.0,Right,3,1,,0,0,England,EFL League Two,MK Dons,connal trueman
1286,1286,202770,Connor Ripley,M,33,GK,,0,62,62,61,62,64,27,62,26,28,12,11,47,20,14,14,11,45,11,33,28,13,11,24,38,54,23,33,19,14,14,12,15,63,21,80,16,191.0,96.0,Right,3,1,Far Throw|Long Ball Pass,2,0,England,EFL League Two,Swindon Town,connor ripley
1286,1286,223727,Craig MacGillivray,M,33,GK,,0,62,62,61,62,63,51,61,51,50,15,13,47,16,17,30,14,51,12,41,50,15,19,47,42,56,38,44,23,20,15,12,20,70,29,75,19,188.0,78.0,Right,3,1,Footwork,1,0,Scotland,EFL League Two,MK Dons,craig macgillivray
1286,1286,247944,Cătălin Straton,M,36,GK,,0,62,58,62,61,62,30,63,31,29,11,18,46,15,16,14,12,55,13,22,27,18,17,26,33,60,19,37,16,13,15,10,14,46,38,48,31,191.0,87.0,Right,2,1,,0,0,Romania,SUPERLIGA,FC Argeș,catalin straton
1286,1286,229402,Daniel Castillo,M,35,GK,,0,62,62,59,58,65,47,62,45,51,15,20,44,20,17,21,25,38,18,45,38,16,22,38,66,52,15,41,29,17,14,18,17,62,44,63,34,184.0,91.0,Right,2,1,,0,0,Chile,Sudamericana,Deportes Iquique,daniel castillo
1286,1286,222484,Daniel Mesenhöler,M,30,GK,,0,62,62,64,56,61,49,59,50,48,17,15,42,18,17,23,18,15,15,32,25,18,12,34,51,63,21,28,21,14,12,20,12,63,33,63,21,188.0,83.0,Right,3,1,,0,0,Germany,Bundesliga 2,Dynamo Dresden,daniel mesenholer
1286,1286,225432,Daniele Sommariva,M,28,GK,,0,62,64,56,62,68,42,59,40,44,15,18,47,17,18,21,15,30,20,31,23,20,13,37,58,58,18,28,19,19,20,17,19,57,31,57,27,185.0,76.0,Right,2,1,,0,0,Italy,Serie A Enilive,Genoa,daniele sommariva
1286,1286,214440,Darío Melo,M,32,GK,,0,62,62,63,58,62,49,60,49,48,7,12,44,19,20,19,21,56,17,46,34,16,20,40,32,59,25,58,24,7,16,24,7,50,27,49,36,179.0,76.0,Right,1,1,,0,0,Chile,Liga Chile,Uni. Católica,dario melo
1286,1286,275161,David Andersson,M,22,GK,,0,62,61,59,59,63,30,61,30,31,8,8,44,8,7,18,11,30,11,22,21,11,11,35,58,60,12,25,7,10,9,14,12,49,24,54,24,187.0,72.0,Right,2,1,,0,0,Sweden,Allsvenskan,IFK Norrköping,david andersson
1286,1286,173533,David Button,M,37,GK,,0,62,62,60,59,61,39,61,38,40,12,12,44,13,11,11,13,35,15,35,26,12,23,39,45,60,25,47,24,19,7,17,11,60,35,65,12,191.0,87.0,Right,3,1,,0,0,England,EFL Championship,Ipswich,david button
1286,1286,247428,David Ochoa,M,25,GK,,0,62,60,62,60,62,27,60,28,25,7,5,45,6,4,14,8,38,8,21,20,8,6,33,38,60,10,31,9,11,8,9,10,56,38,68,20,188.0,80.0,Right,2,1,,0,0,Mexico,MLS,LAFC,david ochoa
1286,1286,278024,Deniz Ertaş,M,21,GK,,0,62,63,60,58,66,23,59,23,24,11,11,44,8,7,17,14,31,14,30,34,14,12,29,39,56,13,33,14,10,14,14,16,36,26,35,16,193.0,77.0,Right,2,1,,0,0,Turkey,Trendyol Süper Lig,Konyaspor,deniz ertas
1286,1286,260299,Diego Gil,M,24,GK,,0,62,62,60,58,62,33,60,32,35,8,8,44,7,10,14,12,35,11,24,22,12,9,33,45,63,11,15,10,15,8,12,11,42,29,40,20,179.0,71.0,Right,2,1,,0,0,Venezuela,Libertadores,Carabobo FC,diego gil
1286,1286,259153,Doğukan Özkan,M,26,GK,,0,62,62,64,62,60,55,62,56,54,7,9,47,5,5,11,12,22,12,16,17,12,12,45,45,54,11,27,9,11,9,14,11,58,19,53,23,185.0,75.0,Right,3,1,,0,0,Turkey,Trendyol Süper Lig,Antalyaspor,dogukan ozkan
1286,1286,227653,Earl Edwards Jr.,M,34,GK,,0,62,63,62,63,61,42,63,40,44,13,15,47,18,19,25,16,18,14,30,23,19,16,35,39,51,18,30,19,19,6,12,13,71,45,83,18,191.0,93.0,Right,2,1,,0,0,United States,MLS,SJ Earthquakes,earl edwards jr
1286,1286,190822,Eirik Holmen Johansen,M,33,GK,,0,62,62,59,63,62,31,59,29,34,14,13,47,14,14,21,14,39,20,27,26,19,24,36,38,61,19,48,15,24,11,16,14,60,30,67,35,201.0,102.0,Right,3,1,,0,0,Norway,Eliteserien,Strømsgodset IF,eirik holmen johansen
1286,1286,71967,Emmie Allen,F,23,GK,,0,62,63,60,56,63,26,57,30,20,6,9,42,8,5,11,12,35,12,15,20,10,9,35,42,62,17,33,6,11,8,10,10,38,20,34,25,178.0,68.0,Right,2,1,,0,0,United States,NWSL,Bay FC,emmie allen
1286,1286,269827,Erhan Erentürk,M,30,GK,,0,62,65,61,61,65,25,60,29,20,4,6,46,8,9,18,12,33,10,20,24,14,6,39,28,45,14,31,11,11,6,13,13,51,24,56,26,190.0,78.0,Right,2,1,,0,0,Turkey,Trendyol Süper Lig,Gençlerbirliği,erhan erenturk
1286,1286,206549,Evan Bush,M,40,GK,,0,62,64,61,62,60,17,63,17,17,18,19,47,15,11,22,16,50,18,34,36,13,19,20,34,50,23,49,20,20,18,11,15,54,15,65,45,186.0,85.0,Right,2,1,,0,0,United States,MLS,Columbus Crew,evan bush
1286,1286,70435,Facundo Masuero,M,25,GK,,0,62,64,66,62,60,26,63,22,33,5,8,47,8,7,17,13,32,12,16,25,12,6,28,25,45,13,38,13,13,7,13,13,52,26,60,17,190.0,81.0,Right,2,1,,0,0,Argentina,LPF,Defensa,facundo masuero
1286,1286,265750,Felix Wienand,M,23,GK,,0,62,61,58,54,66,32,60,31,34,8,5,41,7,8,12,12,22,10,19,22,13,14,36,34,60,14,30,9,10,8,10,12,55,22,63,27,190.0,80.0,Right,3,1,,0,0,Germany,3. Liga,Rot-Weiss Essen,felix wienand
1286,1286,278280,Filippo Rinaldi,M,23,GK,,0,62,61,62,62,65,22,56,23,20,8,6,47,7,9,15,10,39,12,21,29,10,10,22,39,56,15,33,7,12,7,15,12,47,29,53,25,188.0,75.0,Right,3,1,,0,0,Italy,Serie A Enilive,Parma,filippo rinaldi
1286,1286,194894,Francesco Rossi,M,34,GK,,0,62,63,62,63,62,22,60,22,21,11,11,47,12,16,14,19,30,22,17,12,22,21,55,40,51,19,42,27,14,20,17,16,35,22,30,14,193.0,83.0,Right,2,1,,0,0,Italy,Serie A Enilive,Bergamo Calcio,francesco rossi
1286,1286,233868,George Gavrilaș,M,35,GK,,0,62,63,60,62,62,32,60,30,34,16,18,47,16,18,11,12,61,13,33,31,15,15,29,48,59,19,30,18,14,18,13,12,49,33,51,26,185.0,80.0,Right,3,1,,0,0,Romania,SUPERLIGA,FC Metaloglobus,george gavrilas
1286,1286,80811,Gioele Zacchi,M,22,GK,,0,62,61,62,59,62,24,61,24,25,5,9,44,8,9,15,12,33,15,21,20,15,6,30,51,56,17,35,9,13,7,13,11,51,26,59,19,185.0,85.0,Right,3,1,,0,0,Italy,Serie A Enilive,Sassuolo,gioele zacchi
1286,1286,70681,Gonzalo Siri,M,23,GK,,0,62,63,59,62,62,44,60,44,43,11,14,47,18,13,38,15,44,18,36,33,22,20,47,49,60,25,44,18,14,16,16,13,61,30,67,28,183.0,70.0,Right,3,1,,0,0,Argentina,LPF,Argentinos Jrs.,gonzalo siri
1286,1286,219854,Grant Smith,M,32,GK,,0,62,62,59,62,62,34,60,35,33,10,18,47,16,16,32,17,40,20,31,36,19,13,34,50,59,26,39,11,14,22,14,13,62,20,71,26,185.0,86.0,Left,3,1,,0,0,England,EFL League Two,Bromley FC,grant smith
1286,1286,254194,Gustavo Salvatierra,M,33,GK,,0,62,59,63,59,61,40,62,43,36,11,13,44,17,18,11,13,52,18,23,23,16,18,38,57,61,22,51,17,17,16,21,19,57,31,56,27,188.0,85.0,Left,2,1,,0,0,Bolivia,Libertadores,San Antonio,gustavo salvatierra
1286,1286,224068,Hillel Konaté,M,31,GK,,0,62,63,60,62,66,53,58,54,52,10,15,47,18,13,26,16,38,18,33,18,16,13,55,61,59,29,49,11,16,11,18,15,61,22,57,20,182.0,77.0,Right,2,1,,0,0,Burkina Faso,Ligue 2 BKT,ESTAC Troyes,hillel konate
1286,1286,70117,Håvar Grøntvedt Jenssen,M,29,GK,,0,62,62,61,59,61,23,60,17,33,7,9,44,7,9,12,11,50,12,22,25,12,7,32,25,59,19,27,11,12,5,13,10,53,23,69,27,193.0,93.0,Right,3,1,,0,0,Norway,Eliteserien,Sarpsborg 08,havar gr ntvedt jenssen
1286,1286,208987,Ibrahim Zaid,M,36,GK,,0,62,63,57,62,64,44,61,42,48,17,16,47,17,18,20,14,52,18,23,28,19,12,35,33,63,19,52,19,19,12,19,12,69,35,79,23,190.0,87.0,Right,3,1,,0,0,Saudi Arabia,ROSHN Saudi League,Al Hazem,ibrahim zaid
1286,1286,76635,Igor Spiridonov,M,37,GK,,0,62,59,62,60,60,26,62,29,22,8,6,45,6,6,13,10,31,11,26,26,11,8,21,23,60,16,33,7,12,9,10,11,54,18,61,23,190.0,81.0,Right,3,1,,0,0,Lithuania,Eliteserien,Bryne FK,igor spiridonov
1286,1286,210368,Jack Duncan,M,32,GK,,0,62,64,63,59,61,51,59,52,49,15,12,44,15,20,15,13,39,10,36,32,13,16,44,39,57,14,56,16,13,12,19,16,68,37,72,33,189.0,85.0,Right,3,1,Cross Claimer,1,0,Australia,A-League,Melb. Victory,jack duncan
1286,1286,248121,Jackson Smith,M,24,GK,,0,62,61,59,59,63,37,61,37,36,5,9,44,8,9,17,13,33,14,15,21,14,8,38,46,58,16,37,13,10,9,12,12,47,20,48,26,187.0,76.0,Right,2,1,Cross Claimer,1,0,England,EFL League One,Barnsley,jackson smith
1286,1286,184148,Jo Coppens,M,35,GK,,0,62,63,60,60,61,30,64,29,31,9,11,45,17,20,36,10,34,11,26,22,16,17,35,47,57,25,37,15,11,12,13,12,54,27,62,24,190.0,72.0,Left,2,1,,0,0,Belgium,1A Pro League,STVV,jo coppens
1286,1286,262516,Jonas Krumrey,M,22,GK,,0,62,65,61,58,60,52,59,53,51,5,6,44,8,9,15,10,35,13,29,23,11,7,37,57,58,10,29,9,13,8,11,12,68,33,73,17,193.0,85.0,Right,2,1,,0,0,Germany,Bundesliga 2,Holstein Kiel,jonas krumrey
1286,1286,267480,Juan Ignacio González,M,32,GK,,0,62,61,57,61,62,27,65,22,35,6,8,46,7,8,15,13,28,13,29,18,15,15,23,46,56,12,29,13,15,7,15,12,56,22,70,29,184.0,84.0,Right,3,1,,0,0,Uruguay,LPF,Atlético Tucumán,juan ignacio gonzalez
1286,1286,211358,Julien Fabri,M,32,GK,,0,62,60,61,58,60,51,61,49,54,17,17,44,14,13,20,14,20,17,26,27,17,18,34,60,63,22,58,23,18,11,14,20,62,20,60,26,183.0,72.0,Right,3,1,,0,0,France,Ligue 2 BKT,SC Bastia,julien fabri
1286,1286,241052,Kacper Chorążka,M,27,GK,,0,62,64,61,57,62,26,60,33,15,4,9,43,6,5,15,11,53,11,29,24,14,5,33,33,53,18,47,7,13,8,12,13,49,16,50,26,189.0,76.0,Right,2,1,Cross Claimer,1,0,Poland,SSE Airtricity PD,Bohemians,kacper chorazka
1286,1286,244498,Karol Szymański,M,32,GK,,0,62,65,63,52,61,24,61,20,30,10,11,39,8,7,17,18,41,12,25,14,14,9,31,25,53,23,47,18,16,21,15,14,55,23,68,26,192.0,91.0,Right,2,1,,0,0,Poland,PKO BP Ekstraklasa,Piast Gliwice,karol szymanski
1286,1286,264088,Knut-André Skjærstein,M,30,GK,,0,62,62,61,59,62,30,61,29,32,10,12,44,12,12,18,18,42,15,32,32,16,10,32,33,59,20,35,14,15,12,12,12,57,30,65,22,190.0,87.0,Left,2,1,,0,0,Norway,Eliteserien,Kristiansund BK,knut andre skj rstein
1286,1286,252783,Krzysztof Bąkowski,M,23,GK,,0,62,65,59,60,65,38,63,38,38,11,7,45,6,6,18,8,45,11,31,32,12,15,36,31,45,14,21,12,12,5,10,13,44,29,44,24,190.0,75.0,Right,2,1,,0,0,Poland,PKO BP Ekstraklasa,Lech Poznań,krzysztof bakowski
1286,1286,275327,Lovro Štubljar,M,21,GK,,0,62,63,61,62,64,21,61,21,22,8,7,47,8,9,14,13,38,10,19,29,11,14,24,30,52,17,36,7,12,8,14,15,49,29,55,26,186.0,76.0,Left,1,1,,0,0,Slovenia,Eredivisie,FC Groningen,lovro stubljar
1286,1286,264170,Luis López,M,24,GK,,0,62,64,62,58,64,30,60,31,29,4,7,44,8,7,13,11,35,12,15,15,13,10,33,21,50,15,30,12,11,7,13,10,46,18,49,23,197.0,76.0,Right,3,1,,0,0,Spain,LALIGA HYPERMOTION,SD Eibar,luis lopez
1286,1286,252699,Macklin Freke,M,27,GK,,0,62,62,61,60,62,40,60,39,42,5,5,45,8,9,13,10,36,10,22,20,11,11,27,25,61,19,32,14,13,5,10,12,58,19,63,27,193.0,76.0,Right,2,1,Footwork,1,0,Australia,A-League,Brisbane Roar,macklin freke
1286,1286,238298,Marcelo Miño,M,28,GK,,0,62,64,57,52,65,18,65,18,17,4,8,39,7,7,14,10,48,14,25,24,13,5,38,48,56,14,43,9,12,10,12,13,54,25,70,16,184.0,80.0,Right,2,1,,0,0,Argentina,LPF,Barracas Central,marcelo mino
1286,1286,198039,Mark Gillespie,M,34,GK,,0,62,63,61,60,64,32,61,32,33,11,16,45,12,12,19,13,42,15,34,35,12,17,30,38,54,28,48,20,11,12,11,19,55,20,61,26,192.0,83.0,Right,3,1,,0,0,England,Premier League,Newcastle Utd,mark gillespie
1286,1286,242105,Matvei Igonen,M,29,GK,,0,62,62,59,58,62,29,60,27,31,7,10,44,10,7,13,15,48,12,28,21,15,14,30,40,60,12,41,8,15,12,16,15,54,24,60,30,188.0,78.0,Right,2,1,,0,0,Estonia,Allsvenskan,Degerfors IF,matvei igonen
1286,1286,242391,Maxime Pattier,M,30,GK,,0,62,63,61,63,64,32,62,34,28,9,9,47,6,8,11,14,47,11,33,28,13,11,36,54,49,23,46,14,11,7,11,10,46,24,48,23,184.0,77.0,Right,2,1,,0,0,France,Ligue 2 BKT,Grenoble Foot 38,maxime pattier
1286,1286,270080,Melissa Lowder,F,29,GK,,0,62,64,58,59,68,47,58,45,51,9,9,44,8,7,21,9,45,14,28,22,12,13,58,68,52,18,15,6,12,8,13,8,60,38,62,25,172.0,66.0,Right,2,1,,0,0,United States,NWSL,Bay FC,melissa lowder
1286,1286,259987,Melker Ellborg,M,22,GK,,0,62,61,62,58,62,41,63,39,44,6,5,44,6,5,18,12,33,11,22,19,11,14,43,32,58,15,39,8,10,9,12,11,44,25,44,27,191.0,84.0,Right,1,1,,0,0,Sweden,Allsvenskan,Malmö FF,melker ellborg
1286,1286,278112,Milosz Piekutowski,M,19,GK,,0,62,65,64,60,63,33,60,31,37,5,6,45,9,5,12,12,21,12,22,21,10,9,32,36,50,12,22,13,12,9,11,8,55,27,60,25,189.0,81.0,Right,4,1,,0,0,Poland,PKO BP Ekstraklasa,Jagiellonia,milosz piekutowski
1286,1286,245276,Mohammed Al Rubaie,M,28,GK,,0,62,67,55,60,64,37,59,35,40,18,15,45,18,19,22,21,54,22,37,39,21,17,38,53,56,27,46,24,23,30,22,22,60,34,63,31,190.0,77.0,Right,2,1,Cross Claimer,1,0,Saudi Arabia,ROSHN Saudi League,Al Hilal,mohammed al rubaie
1286,1286,248221,Mu Pengfei,M,37,GK,,0,62,62,59,57,63,30,60,30,30,7,6,43,8,5,13,14,56,11,21,19,10,13,28,49,62,12,28,7,12,26,11,14,60,40,71,27,192.0,89.0,Right,3,1,Cross Claimer,1,0,China PR,CSL,Qingdao Hainiu,mu pengfei
1286,1286,74039,Neneca,M,22,GK,,0,62,62,64,60,66,31,60,25,41,4,8,45,9,6,18,12,37,12,29,27,14,8,35,27,45,18,21,13,14,7,11,13,54,28,63,16,192.0,80.0,Right,2,1,,0,0,Brazil,Liga Portugal,Santa Clara,neneca
1286,1286,264208,Noah Kruth,M,22,GK,,0,62,65,64,64,63,27,63,25,30,4,8,48,8,5,12,13,35,12,25,29,12,8,21,32,40,10,36,13,13,6,13,11,40,26,43,21,186.0,78.0,Right,2,1,,0,0,Germany,Bundesliga 2,1. FC Magdeburg,noah kruth
1286,1286,75260,Orlando Gill,M,25,GK,,0,62,63,62,60,62,24,63,22,26,6,9,45,5,6,11,10,36,12,20,26,10,7,35,27,47,18,38,13,12,7,13,10,35,22,32,20,198.0,82.0,Left,3,1,,0,0,Paraguay,LPF,San Lorenzo,orlando gill
1286,1286,74006,Ovie Ejeheri,M,22,GK,,0,62,61,60,59,61,21,62,17,27,4,8,44,8,7,11,12,29,10,15,16,12,8,33,29,59,15,31,14,10,6,12,14,53,22,70,27,195.0,89.0,Right,3,1,,0,0,England,3F Superliga,FC Midtjylland,ovie ejeheri
1286,1286,211827,Philipp Klewin,M,32,GK,,0,62,61,60,60,62,41,63,42,40,15,17,45,17,13,22,16,18,17,23,19,20,17,35,55,62,19,29,17,15,21,19,17,61,30,68,24,192.0,86.0,Right,2,1,,0,0,Germany,3. Liga,FC Hansa Rostock,philipp klewin
1286,1286,248283,Rasmus Sandberg,M,24,GK,,0,62,61,60,59,63,30,60,32,28,7,6,44,8,5,11,11,48,12,28,26,14,14,30,45,58,19,64,10,11,9,13,10,55,25,60,21,185.0,70.0,Right,2,1,,0,0,Norway,Eliteserien,Rosenborg BK,rasmus sandberg
1286,1286,279880,Renato Marin,M,19,GK,,0,62,63,61,65,61,24,60,26,20,4,5,49,5,9,10,13,35,12,19,18,11,14,39,24,53,11,37,6,10,8,14,10,39,30,41,18,193.0,80.0,Left,3,1,,0,0,Italy,Ligue 1 McDonald's,Paris SG,renato marin
1286,1286,182206,Richard O'Donnell,M,37,GK,,0,62,62,62,60,62,52,62,54,50,12,19,45,11,12,14,23,45,11,34,40,11,14,56,51,55,33,47,16,11,10,19,19,68,32,73,29,188.0,85.0,Left,3,1,Far Throw,1,0,England,EFL Championship,Derby County,richard o donnell
1286,1286,254191,Roberto Rivas,M,40,GK,,0,62,60,63,61,60,37,61,37,38,6,14,46,14,16,13,12,21,20,14,12,19,18,28,31,61,12,39,18,15,15,16,14,54,30,55,20,186.0,80.0,Right,2,1,,0,0,Bolivia,Sudamericana,GV San José,roberto rivas
1286,1286,269732,Rocco Ríos Novo,M,23,GK,,0,62,61,57,60,66,24,60,18,32,7,7,45,6,6,11,10,22,14,21,17,10,10,25,49,65,11,36,9,10,9,11,11,33,25,31,19,178.0,70.0,Right,2,1,,0,0,Argentina,MLS,Inter Miami CF,rocco rios novo
1286,1286,273838,Safia Middleton-Patel,F,21,GK,,0,62,62,60,59,61,49,60,50,48,13,10,44,11,12,20,14,49,21,35,28,14,10,43,50,60,19,45,12,12,17,17,15,66,27,71,25,170.0,63.0,Right,2,1,,0,0,Wales,Barclays WSL,Manchester Utd,safia middleton patel
1286,1286,221844,Shao Puliang,M,36,GK,,0,62,58,62,63,59,33,63,31,35,18,16,47,18,11,14,20,46,14,42,48,15,14,37,62,65,22,58,18,12,29,23,18,39,21,36,14,187.0,83.0,Right,3,1,Cross Claimer,1,0,China PR,CSL,Wuhan Three Towns,shao puliang
1286,1286,205942,Silviu Lung,M,36,GK,,0,62,60,62,61,61,31,63,31,30,10,14,46,17,13,17,19,59,18,30,21,15,17,55,45,61,23,65,14,16,11,19,13,54,27,57,39,189.0,80.0,Right,3,1,,0,0,Romania,SUPERLIGA,Univ. Craiova,silviu lung
1286,1286,74624,Simon Eriksson,M,19,GK,,0,62,60,62,61,62,29,61,29,30,8,9,46,9,5,17,13,34,11,22,20,14,12,39,29,59,14,22,7,14,9,11,13,53,26,58,25,194.0,76.0,Right,3,1,,0,0,Sweden,Allsvenskan,IF Elfsborg,simon eriksson
1286,1286,272787,Simon Simoni,M,21,GK,,0,62,66,57,57,63,29,61,27,31,6,8,43,6,8,11,18,40,9,22,23,13,12,29,24,53,22,26,8,12,7,12,9,54,18,63,21,192.0,81.0,Right,3,1,,0,0,Albania,Bundesliga 2,Kaiserslautern,simon simoni
1286,1286,73297,Stefan Krell,M,33,GK,,0,62,62,60,61,63,31,62,31,30,9,6,46,10,10,16,14,39,14,30,21,14,10,33,30,54,16,40,12,12,7,15,15,46,15,48,29,189.0,82.0,Right,2,1,,0,0,Austria,SUPERLIGA,FC Petrolul,stefan krell
1286,1286,257126,Teddy Sharman-Lowe,M,23,GK,,0,62,62,60,63,63,40,60,40,40,10,10,47,10,10,13,11,32,13,27,35,13,15,53,35,58,28,40,13,12,15,13,13,58,25,62,25,193.0,87.0,Right,3,1,,0,0,England,EFL League One,Bolton,teddy sharman lowe
1286,1286,223868,Tobias Schützenauer,M,28,GK,,0,62,63,60,63,62,36,64,33,41,11,20,47,17,11,23,21,33,10,25,24,20,11,32,41,55,23,34,16,22,14,22,18,45,24,44,19,182.0,79.0,Right,4,1,,0,0,Austria,Ö. Bundesliga,LASK,tobias schutzenauer
1286,1286,243588,Tom McGill,M,26,GK,,0,62,62,60,63,63,31,61,32,29,7,5,47,9,8,13,14,37,10,34,30,14,15,37,49,55,28,43,14,10,13,12,12,48,31,50,27,185.0,80.0,Right,2,1,,0,0,Canada,Premier League,Brighton,tom mcgill
1286,1286,263057,Toni Silić,M,21,GK,,0,62,66,58,60,62,22,61,22,22,16,16,45,17,15,16,12,49,12,25,26,14,13,25,37,58,13,28,17,13,16,12,14,39,21,42,21,196.0,81.0,Right,2,1,,0,0,Croatia,Liga Hrvatska,Hajduk Split,toni silic
1286,1286,231878,Tyler Miller,M,33,GK,,0,62,61,61,60,62,35,62,35,35,6,15,45,18,16,15,11,42,13,21,28,10,20,33,40,57,22,52,14,12,24,14,13,53,30,55,26,193.0,88.0,Right,2,1,,0,0,United States,EFL League One,Bolton,tyler miller
1286,1286,72390,Wyll Stanway,M,24,GK,,0,62,63,58,61,63,48,62,48,47,7,8,46,7,6,15,12,52,13,35,40,14,12,34,22,57,25,27,14,10,7,14,14,60,19,63,28,193.0,82.0,Right,2,1,,0,0,England,EFL League Two,Barrow,wyll stanway
1372,1372,239993,Abraham Romero,M,28,GK,,0,61,64,61,60,62,51,63,51,52,15,17,45,20,20,15,13,25,11,19,19,10,12,55,39,44,21,35,20,13,12,10,12,64,45,69,20,189.0,84.0,Right,3,1,,0,0,Mexico,MLS,Columbus Crew,abraham romero
1372,1372,269754,Adrian Sæther,M,24,GK,,0,61,62,57,59,59,23,60,24,22,10,12,44,11,10,17,13,40,14,26,28,12,11,36,30,60,15,35,12,15,12,13,12,51,18,58,22,197.0,91.0,Right,2,1,,0,0,Norway,Eliteserien,Kristiansund BK,adrian s ther
1372,1372,75072,Agustín Mangiaut,M,21,GK,,0,61,61,60,61,64,26,62,27,25,9,10,46,8,7,9,12,50,13,22,26,13,10,26,56,48,14,38,12,15,8,15,13,49,18,54,27,185.0,74.0,Right,3,1,,0,0,Argentina,LPF,Argentinos Jrs.,agustin mangiaut
1372,1372,225061,Ahmad Al Ruhaili,M,31,GK,,0,61,62,59,54,59,39,60,39,39,10,14,41,14,11,18,19,30,12,27,23,12,19,35,34,59,16,45,18,17,17,19,11,64,33,73,18,189.0,85.0,Right,3,1,,0,0,Saudi Arabia,ROSHN Saudi League,Al Ettifaq,ahmad al ruhaili
1372,1372,270217,Alessio Furlanetto,M,24,GK,,0,61,63,60,58,65,39,55,37,43,8,9,44,8,8,15,14,35,12,31,28,16,14,40,27,51,12,31,14,12,12,14,13,54,29,57,22,191.0,78.0,Right,2,1,,0,0,Italy,Serie A Enilive,Latium,alessio furlanetto
1372,1372,252280,Alexander Nilsson,M,28,GK,,0,61,62,60,59,62,26,60,26,25,5,9,44,8,6,15,11,40,11,18,25,11,10,37,36,55,14,39,14,12,8,13,11,53,20,61,22,190.0,90.0,Right,2,1,,0,0,Sweden,Eliteserien,HamKam Fotball,alexander nilsson
1372,1372,274717,Alexis Villa,M,24,GK,,0,61,61,60,62,60,40,61,40,39,16,19,47,18,17,27,21,33,20,36,26,23,15,33,39,58,19,45,22,24,18,21,20,67,27,73,37,196.0,77.0,Right,2,1,,0,0,Ecuador,Libertadores,LDU Quito,alexis villa
1372,1372,72878,Amin Ramazanov,M,23,GK,,0,61,63,59,62,64,29,60,30,27,9,9,47,8,9,12,13,34,11,23,27,13,10,30,24,49,14,36,12,11,11,12,11,55,19,63,20,192.0,84.0,Right,3,1,,0,0,Azerbaijan,Liga Azerbaijan,Qarabağ FK,amin ramazanov
1372,1372,255919,An Chan Gi,M,27,GK,,0,61,61,61,55,57,20,63,17,25,7,8,41,9,8,14,13,55,10,28,29,11,8,21,31,61,33,55,10,11,7,10,13,40,25,46,25,187.0,80.0,Right,3,1,Rush Out,1,0,Korea Republic,K League 1,Jeju United,an chan gi
1372,1372,183244,Andrew Redmayne,M,37,GK,,0,61,59,60,62,60,41,60,40,43,7,11,47,14,15,20,17,35,14,21,20,12,12,40,21,60,20,47,19,13,12,15,12,60,34,69,26,194.0,87.0,Right,2,1,Cross Claimer|Far Throw|Footwork,3,0,Australia,A-League,Central Coast,andrew redmayne
1372,1372,262530,Andrew Thomas,M,27,GK,,0,61,62,64,60,64,34,60,32,36,5,9,45,5,5,15,12,55,12,21,25,13,9,36,40,45,14,40,15,13,5,13,13,58,17,68,26,188.0,88.0,Right,2,1,,0,0,Russia,MLS,Sounders FC,andrew thomas
1372,1372,265179,Aske Andresen,M,20,GK,,0,61,61,60,58,62,30,60,30,31,6,5,44,6,9,18,12,47,12,41,40,10,10,40,34,56,40,32,10,28,9,11,13,57,22,57,24,199.0,80.0,Right,2,1,,0,0,Denmark,3F Superliga,Silkeborg IF,aske andresen
1372,1372,241091,Brady Scott,M,26,GK,,0,61,64,64,60,59,32,64,33,30,5,7,45,6,7,12,12,33,10,25,22,15,10,38,46,40,12,27,14,12,12,11,13,42,21,44,26,187.0,78.0,Right,2,1,,0,0,United States,MLS,LA Galaxy,brady scott
1372,1372,267636,CJ dos Santos,M,25,GK,,0,61,60,61,59,64,27,58,26,29,4,9,44,6,7,18,11,37,11,23,20,12,9,22,23,52,10,23,12,14,9,12,11,56,25,68,24,194.0,77.0,Right,2,1,,0,0,United States,MLS,San Diego FC,cj dos santos
1372,1372,271491,Carlos López,M,21,GK,,0,61,61,59,59,64,36,59,36,35,4,7,44,7,7,16,10,39,12,31,34,11,12,40,42,58,20,22,12,11,5,11,14,43,23,44,20,183.0,70.0,Right,3,1,Far Throw|Footwork,2,0,Spain,LALIGA HYPERMOTION,Málaga CF,carlos lopez
1372,1372,257789,Celestin De Schrevel,M,23,GK,,0,61,69,55,55,65,32,56,28,38,3,7,41,6,6,10,19,28,12,33,24,18,11,34,31,55,13,23,10,11,8,14,17,40,19,43,19,187.0,79.0,Right,3,1,,0,0,Belgium,1A Pro League,RAAL La Louvière,celestin de schrevel
1372,1372,72535,Christoph Nicht,M,32,GK,,0,61,60,62,57,61,23,61,22,24,7,7,43,8,5,13,10,33,11,19,20,11,5,24,47,58,17,25,9,13,7,14,10,54,25,67,19,184.0,78.0,Right,2,1,,0,0,Austria,Ö. Bundesliga,Grazer AK,christoph nicht
1372,1372,264645,Cieran Slicker,M,23,GK,,0,61,60,62,60,62,27,59,30,22,5,10,45,10,9,19,12,54,12,40,35,10,20,21,22,53,40,46,19,10,27,15,15,47,24,51,35,191.0,82.0,Right,2,1,,0,0,Scotland,EFL League Two,Barnet,cieran slicker
1372,1372,257637,Daniel Klein,M,25,GK,,0,61,61,59,56,63,23,59,20,27,8,8,42,6,6,14,10,35,9,26,24,8,9,28,31,59,14,29,7,12,6,15,12,49,23,57,17,191.0,84.0,Right,2,1,,0,0,Germany,Bundesliga,FC Augsburg,daniel klein
1372,1372,244258,Danijel Zagorac,M,39,GK,,0,61,61,61,59,63,43,60,46,39,17,10,44,8,9,17,11,54,15,19,29,10,18,47,32,54,16,24,16,11,14,13,12,56,21,56,21,186.0,80.0,Right,3,1,,0,0,Croatia,Liga Hrvatska,Dinamo Zagreb,danijel zagorac
1372,1372,181468,Dean Bouzanis,M,35,GK,,0,61,61,59,63,61,47,60,44,52,15,14,47,18,11,40,13,53,14,29,53,13,20,47,46,58,19,51,25,13,15,14,13,62,39,70,45,189.0,84.0,Right,3,1,Footwork,1,0,Australia,A-League,Brisbane Roar,dean bouzanis
1372,1372,71331,Denys Tvardovskyi,M,22,GK,,0,61,60,57,61,61,41,59,42,39,12,13,46,12,12,15,14,43,13,35,30,10,10,33,27,62,16,41,14,14,11,14,14,67,25,76,25,206.0,97.0,Right,3,1,,0,0,Ukraine,Ukrayina Liha,Shakhtar Donetsk,denys tvardovskyi
1372,1372,224475,Dong Chunyu,M,35,GK,,0,61,61,61,62,60,43,61,42,45,8,12,47,16,11,21,19,57,18,30,35,17,13,43,65,56,23,26,16,13,23,11,14,40,38,30,28,187.0,81.0,Left,1,1,Cross Claimer,1,0,China PR,CSL,Zhejiang Pro,dong chunyu
1372,1372,248000,Eduard Pap,M,31,GK,,0,61,64,61,57,63,35,58,39,28,7,12,43,13,11,17,14,43,14,25,22,12,11,31,36,50,13,30,6,10,5,11,11,47,26,46,40,182.0,82.0,Right,2,1,,0,0,Romania,SUPERLIGA,FK Csíkszereda,eduard pap
1372,1372,273984,Eduardo Bores,M,23,GK,,0,61,63,61,60,63,35,61,32,40,18,15,45,16,15,22,21,33,24,34,30,21,18,47,56,48,24,35,17,22,18,21,23,52,35,52,38,185.0,77.0,Right,2,1,,0,0,Venezuela,Libertadores,IDV,eduardo bores
1372,1372,276872,Enzo Crombez,M,23,GK,,0,61,62,63,59,63,16,62,16,16,7,7,44,7,6,12,13,25,11,29,21,10,7,33,48,40,12,21,8,13,6,14,14,45,24,53,16,188.0,78.0,Right,2,1,,0,0,France,Ligue 2 BKT,Rodez AF,enzo crombez
1372,1372,275897,Erin Clachers,F,26,GK,,0,61,61,57,55,62,18,61,18,17,9,9,41,10,11,14,15,35,13,25,16,12,12,22,31,59,18,16,12,8,9,15,11,32,21,32,17,170.0,60.0,Right,2,1,,0,0,Scotland,Scottish Women's League,Glasgow City FC,erin clachers
1372,1372,73417,Fabrizio Bagheria,M,24,GK,,0,61,66,60,59,61,40,60,40,39,7,9,44,9,8,12,15,35,11,33,31,13,18,40,35,48,18,29,9,11,8,14,10,57,20,60,23,189.0,78.0,Right,3,1,,0,0,Italy,Serie BKT,Modena,fabrizio bagheria
1372,1372,70565,Facundo Machado,M,22,GK,,0,61,62,60,61,62,26,62,27,25,9,7,46,7,9,14,14,50,13,22,26,15,7,26,56,49,14,38,11,15,7,15,13,51,18,55,27,187.0,78.0,Right,3,1,,0,0,Uruguay,Sudamericana,Racing Club,facundo machado
1372,1372,264529,Florian Schock,M,24,GK,,0,61,58,59,56,62,26,62,26,25,6,9,42,8,6,11,13,30,13,20,16,11,8,28,29,57,11,30,14,14,8,11,12,62,28,76,16,199.0,95.0,Right,2,1,,0,0,Germany,Bundesliga 2,Düsseldorf,florian schock
1372,1372,189917,Frank Lehmann,M,36,GK,,0,61,63,62,65,60,33,57,32,35,6,12,49,16,8,36,9,39,8,47,32,9,30,41,28,56,39,48,15,9,20,10,9,55,27,65,34,193.0,78.0,Right,3,1,,0,0,Germany,Bundesliga 2,SV Elversberg,frank lehmann
1372,1372,264893,Féerine Belhadj,F,21,GK,,0,61,60,54,61,67,41,58,39,44,8,11,46,8,8,16,12,38,13,26,22,14,12,41,58,57,15,22,14,9,11,14,11,58,30,68,25,165.0,65.0,Left,2,1,,0,0,France,Arkema PL,OL Lyonnes,feerine belhadj
1372,1372,267874,George Marks,M,26,GK,,0,61,62,64,64,61,27,63,27,28,8,5,48,9,7,16,14,30,14,15,28,14,14,36,43,40,19,21,13,13,8,14,12,52,34,59,25,185.0,80.0,Right,2,1,,0,0,United States,MLS,Philadelphia,george marks
1372,1372,278335,Giovanni Daffara,M,21,GK,,0,61,59,65,56,60,29,61,33,23,6,6,42,8,5,18,14,30,11,23,22,11,5,25,54,51,12,32,11,13,5,12,11,49,23,50,17,194.0,75.0,Right,3,1,,0,0,Italy,Serie BKT,Avellino,giovanni daffara
1372,1372,19541,Glenn Morris,M,42,GK,,0,61,60,59,57,62,31,63,31,32,14,15,43,17,12,29,20,53,15,31,50,13,14,52,55,57,30,56,17,14,13,22,24,56,30,63,30,183.0,70.0,Right,3,1,Cross Claimer|Footwork,2,0,England,EFL League Two,Gillingham,glenn morris
1372,1372,262989,Harry Stone,M,23,GK,,0,61,62,60,58,61,27,58,30,22,6,9,44,5,5,17,14,41,14,24,26,10,5,23,21,57,18,43,14,10,6,10,12,44,26,46,22,191.0,70.0,Right,3,1,Cross Claimer,1,0,Scotland,Scottish Prem,Hearts,harry stone
1372,1372,271977,Harvey Davies,M,22,GK,,0,61,60,63,57,60,29,59,30,28,4,5,43,7,7,13,14,24,13,16,28,13,13,33,26,54,14,23,12,12,5,13,10,55,20,63,26,190.0,80.0,Left,2,1,,0,0,England,EFL League Two,Crawley Town,harvey davies
1372,1372,75039,Jaime Barceló,M,26,GK,,0,61,63,56,62,68,28,57,29,26,9,7,47,11,8,20,14,50,11,28,31,14,8,56,40,52,16,45,21,15,9,11,12,56,28,64,21,188.0,78.0,Right,2,1,,0,0,Argentina,LPF,Dep. Riestra,jaime barcelo
1372,1372,257862,James Belshaw,M,35,GK,,0,61,61,59,60,63,50,61,53,46,8,9,45,5,7,14,12,58,11,41,45,12,9,39,26,56,11,33,7,10,8,11,11,63,20,67,31,191.0,86.0,Right,2,1,,0,0,England,EFL League Two,Harrogate Town,james belshaw
1372,1372,278623,Jasper Samooja,M,22,GK,,0,61,62,65,61,59,26,60,30,21,9,8,46,6,8,11,11,35,13,25,26,13,12,33,40,51,13,38,12,9,9,9,15,36,19,32,29,189.0,84.0,Right,2,1,,0,0,Finland,Serie A Enilive,Lecce,jasper samooja
1372,1372,207606,Jay Lynch,M,33,GK,,0,61,61,62,58,61,41,60,42,40,15,15,44,19,16,32,18,48,14,50,48,13,12,64,50,57,23,32,21,20,16,11,12,62,39,65,20,188.0,85.0,Right,3,1,Footwork,1,0,England,EFL League Two,Fleetwood Town,jay lynch
1372,1372,269127,Ji Jiabao,M,23,GK,,0,61,60,59,56,67,16,56,16,17,10,9,42,6,5,12,13,35,11,20,16,12,8,38,31,57,15,36,12,15,8,12,13,42,23,47,15,196.0,87.0,Right,3,1,Cross Claimer,1,0,China PR,CSL,SZ Peng City,ji jiabao
1372,1372,250804,Joe Walsh,M,24,GK,,0,61,63,65,60,62,58,56,53,65,9,9,45,8,11,10,15,38,14,36,32,12,17,64,49,51,30,50,14,12,15,15,12,56,40,53,21,185.0,78.0,Right,5,1,Cross Claimer,1,0,England,EFL Championship,QPR,joe walsh
1372,1372,271064,Jordan Amissah,M,24,GK,,0,61,62,57,60,64,23,58,21,27,5,9,45,6,5,14,13,40,14,16,24,14,14,37,32,62,13,35,14,13,9,10,14,54,28,66,37,198.0,97.0,Right,2,1,,0,0,Ghana,EFL League One,Burton Albion,jordan amissah
1372,1372,252477,Joshua Oluwayemi,M,25,GK,,0,61,59,57,59,64,36,58,36,35,5,5,44,9,6,12,14,42,11,35,31,10,18,42,59,60,28,34,9,11,5,12,10,50,21,52,23,185.0,82.0,Right,3,1,Footwork,1,0,Nigeria,A-League,Well. Phoenix,joshua oluwayemi
1372,1372,253837,José Aamet Calderón,M,27,GK,,0,61,60,61,62,61,43,60,45,40,12,18,47,16,17,23,14,30,20,41,45,13,16,62,49,58,22,37,16,16,19,15,15,63,44,69,19,185.0,88.0,Right,2,1,,0,0,Peru,Libertadores,Universitario,jose aamet calderon
1372,1372,77188,João Carvalho,M,21,GK,,0,61,64,61,59,63,20,62,16,25,5,5,44,5,5,14,14,38,13,28,28,13,10,31,23,40,11,25,13,10,8,14,10,48,22,59,23,192.0,78.0,Right,2,1,,0,0,Portugal,Liga Portugal,SC Braga,joao carvalho
1372,1372,76308,Kateryna Boklach,F,22,GK,,0,61,65,62,63,59,25,54,23,29,7,6,47,5,7,19,10,24,12,21,15,14,9,38,45,55,15,28,9,10,9,12,14,45,26,50,21,181.0,70.0,Right,2,1,,0,0,Ukraine,Arkema PL,FC Nantes,kateryna boklach
1372,1372,270351,Kjell Peersman,M,21,GK,,0,61,61,64,61,63,21,61,15,31,7,8,46,5,9,10,10,38,12,29,16,13,9,23,22,44,11,25,11,14,8,13,11,36,23,42,17,194.0,71.0,Right,3,1,,0,0,Belgium,1A Pro League,KAA Gent,kjell peersman
1372,1372,261407,Kleber Pinargote,M,22,GK,,0,61,65,59,59,60,27,59,32,20,5,5,44,6,5,11,11,27,9,20,13,11,5,29,42,56,19,23,13,11,9,14,11,39,27,38,20,188.0,77.0,Right,2,1,,0,0,Ecuador,Libertadores,Barcelona SC,kleber pinargote
1372,1372,266308,Lautaro Bursich,M,23,GK,,0,61,63,58,55,61,28,62,25,33,8,7,41,6,8,14,11,30,12,27,20,13,9,39,30,57,10,21,13,14,7,13,13,48,29,54,18,195.0,79.0,Right,3,1,,0,0,Argentina,LPF,Central Córdoba,lautaro bursich
1372,1372,74621,Leo Cavallius,M,21,GK,,0,61,60,61,62,62,20,59,21,19,6,8,47,6,7,17,10,39,14,17,20,13,11,35,39,59,11,32,9,12,7,12,12,45,27,51,25,188.0,71.0,Right,3,1,,0,0,Sweden,Allsvenskan,Brommapojkarna,leo cavallius
1372,1372,72179,Lorenzo Torriani,M,21,GK,,0,61,59,54,66,62,20,61,22,16,5,5,50,6,4,17,10,52,10,54,45,12,12,32,22,61,17,55,16,10,10,10,11,42,26,48,16,197.0,85.0,Right,4,1,,0,0,Italy,Serie A Enilive,Milano FC,lorenzo torriani
1372,1372,257209,Louis Fortin,M,24,GK,,0,61,65,58,56,63,42,53,38,47,3,5,42,12,6,12,9,28,10,14,26,14,9,44,45,62,14,30,12,12,9,15,12,62,27,71,20,193.0,88.0,Right,2,1,,0,0,Belgium,1A Pro League,FCV Dender EH,louis fortin
1372,1372,211053,Lucas Hägg Johansson,M,31,GK,,0,61,62,61,60,61,38,60,35,42,13,17,45,12,11,22,20,42,15,28,22,13,17,37,33,55,23,46,24,20,21,20,14,55,25,55,23,189.0,79.0,Right,3,1,,0,0,Sweden,Allsvenskan,IF Elfsborg,lucas hagg johansson
1372,1372,257142,Lucas Margueron,M,25,GK,,0,61,63,61,62,64,20,60,19,21,8,8,47,7,8,15,14,21,13,26,22,13,10,30,24,40,15,33,10,13,9,13,10,57,27,72,23,194.0,85.0,Right,2,1,,0,0,France,Ligue 2 BKT,Rodez AF,lucas margueron
1372,1372,263674,Lucien Hawryluk,M,25,GK,,0,61,60,61,62,66,28,59,29,27,7,8,47,8,8,14,13,30,10,24,22,12,9,24,30,49,13,22,7,10,9,13,12,53,25,60,24,192.0,82.0,Right,3,1,,0,0,Germany,3. Liga,SV Waldhof,lucien hawryluk
1372,1372,259678,Luka Marić,M,23,GK,,0,61,60,57,56,64,26,62,25,27,5,8,42,8,5,18,11,31,13,18,18,10,9,35,45,58,10,33,20,13,20,20,22,47,18,51,27,184.0,90.0,Right,3,1,,0,0,Austria,Ö. Bundesliga,TSV Hartberg,luka maric
1372,1372,239746,Lukas Watkowiak,M,30,GK,,0,61,61,59,60,62,21,63,20,23,6,7,45,8,5,15,13,32,12,19,25,11,10,20,20,53,18,21,6,13,21,13,13,61,26,80,32,197.0,105.0,Right,3,1,,0,0,Germany,Brack Super League,FC St. Gallen,lukas watkowiak
1372,1372,261284,Luke Dennison,M,29,GK,,0,61,62,62,49,63,21,62,19,23,7,8,37,8,8,18,10,49,14,26,17,12,12,21,26,45,19,33,6,13,5,10,11,52,23,64,16,190.0,86.0,Right,2,1,,0,0,United States,SSE Airtricity PD,Drogheda United,luke dennison
1372,1372,70439,Mateo Morro,M,20,GK,,0,61,61,61,62,60,31,65,33,27,7,5,47,8,9,19,14,44,13,22,28,10,12,36,59,46,12,27,14,14,5,11,11,54,24,58,18,185.0,78.0,Left,2,1,,0,0,Argentina,LPF,Independiente,mateo morro
1372,1372,268623,Matteo Bignetti,M,21,GK,,0,61,64,62,57,63,44,58,45,43,6,8,43,11,9,18,11,30,15,31,28,14,10,52,50,52,17,32,15,26,8,11,14,64,28,61,27,190.0,76.0,Right,4,1,,0,0,Austria,Ö. Bundesliga,SK Sturm Graz,matteo bignetti
1372,1372,76310,Matías Reyes,M,21,GK,,0,61,58,59,63,59,18,61,16,21,7,8,47,5,9,18,14,58,12,19,23,14,12,21,46,61,18,53,10,10,30,14,14,40,27,48,16,190.0,90.0,Right,3,1,,0,0,Chile,Sudamericana,Deportes Iquique,matias reyes
1372,1372,268951,Meritxell Muñoz,F,22,GK,,0,61,57,59,61,63,33,59,32,35,7,4,46,7,4,58,9,51,12,47,57,9,5,38,56,64,35,42,10,6,10,7,9,51,16,57,18,169.0,58.0,Right,2,1,,0,0,Spain,Liga F Moeve,RCD Espanyol,meritxell munoz
1372,1372,73203,Michal Kukucka,M,23,GK,,0,61,61,64,57,61,44,62,41,48,9,5,43,24,11,21,17,51,31,39,46,8,11,39,41,49,29,50,21,21,30,19,16,57,34,55,31,191.0,83.0,Left,3,1,,0,0,Slovakia,Bundesliga 2,1. FC Nürnberg,michal kukucka
1372,1372,278023,Mikki van Sas,M,22,GK,,0,61,59,69,64,56,22,58,24,20,12,9,48,8,6,15,10,58,14,27,28,14,11,37,32,51,14,38,10,10,8,13,13,53,25,64,25,193.0,78.0,Right,3,1,,0,0,Holland,EFL League One,Wycombe,mikki van sas
1372,1372,209332,Mirko Salvi,M,32,GK,,0,61,61,59,60,59,40,61,44,35,13,13,45,18,15,24,16,60,19,21,20,19,13,50,54,58,24,61,16,10,21,10,12,58,38,61,34,188.0,82.0,Right,3,1,,0,0,Switzerland,Brack Super League,FC Basel 1893,mirko salvi
1372,1372,78700,Máté Simon,M,19,GK,,0,61,63,59,62,65,38,61,38,37,9,6,47,7,10,16,15,40,14,32,31,18,10,37,39,48,19,38,11,15,9,13,12,55,22,58,29,188.0,79.0,Right,2,1,,0,0,Romania,SUPERLIGA,FK Csíkszereda,mate simon
1372,1372,74085,Nikolaos Botis,M,22,GK,,0,61,64,60,55,63,31,60,31,30,5,8,41,5,9,18,14,34,12,19,16,10,11,30,25,50,18,27,12,12,6,14,11,52,19,56,23,191.0,77.0,Right,2,1,,0,0,Greece,Hellas Liga,Olympiacos FC,nikolaos botis
1372,1372,251298,Omer Hanin,M,27,GK,,0,61,64,57,58,62,34,59,33,35,10,7,44,14,13,10,11,44,8,25,24,10,13,28,24,58,21,32,14,15,13,14,13,58,26,65,18,190.0,80.0,Right,4,1,,0,0,Israel,3. Liga,MSV Duisburg,omer hanin
1372,1372,212839,Park Chung Hyo,M,36,GK,,0,61,61,65,58,61,46,61,44,48,15,16,44,13,17,24,20,50,14,27,17,18,20,30,52,50,25,24,22,12,13,18,14,59,24,63,25,188.0,78.0,Right,3,1,Deflector,1,0,Korea Republic,K League 1,Gangwon FC,park chung hyo
1372,1372,257669,Rafał Strączek,M,27,GK,,0,61,60,61,61,60,24,62,24,25,5,6,46,7,8,18,14,39,12,28,18,10,5,31,50,51,18,45,12,13,5,14,12,47,27,53,33,188.0,80.0,Right,2,1,,0,0,Poland,PKO BP Ekstraklasa,GKS Katowice,rafa straczek
1372,1372,257237,Ross Doohan,M,28,GK,,0,61,61,58,57,62,61,60,61,61,8,9,43,6,9,10,12,53,12,45,41,14,11,64,48,57,27,42,8,12,6,14,14,62,26,55,13,186.0,75.0,Right,3,1,,0,0,Scotland,Scottish Prem,Celtic,ross doohan
1372,1372,73119,Simon Spari,M,23,GK,,0,61,61,58,61,64,24,59,20,29,7,8,46,5,7,13,10,35,12,25,19,11,5,34,26,60,12,27,12,11,6,10,10,52,24,63,18,196.0,89.0,Right,3,1,,0,0,Austria,Bundesliga,FC St. Pauli,simon spari
1372,1372,201864,Simon Thomas,M,35,GK,,0,61,60,61,57,60,40,59,42,36,12,14,43,14,17,20,14,42,14,35,35,14,14,37,52,58,23,40,18,14,18,17,15,61,28,68,34,191.0,90.0,Right,1,1,,0,0,Canada,Eliteserien,Tromsø IL,simon thomas
1372,1372,73967,Tao Paradowski,M,21,GK,,0,61,59,62,62,67,43,61,41,45,6,10,47,8,11,18,15,41,14,27,31,12,13,46,51,44,17,36,11,12,10,12,14,55,29,56,25,180.0,71.0,Right,2,1,,0,0,France,Ligue 2 BKT,Pau FC,tao paradowski
1372,1372,210509,Thomas Castella,M,32,GK,,0,61,61,61,60,62,45,62,48,41,12,14,45,15,13,25,16,20,15,32,19,15,20,37,55,53,21,29,17,19,20,19,19,60,23,59,17,185.0,76.0,Right,2,1,,0,0,Switzerland,Brack Super League,Lausanne-Sport,thomas castella
1372,1372,251165,Toby Savin,M,24,GK,,0,61,62,58,64,62,45,60,46,43,10,18,48,11,11,57,13,55,11,43,49,13,16,42,44,58,25,46,23,13,16,12,12,58,33,59,30,194.0,84.0,Right,3,1,,0,0,England,EFL League One,Wigan Athletic,toby savin
1372,1372,279508,Tom de Graaff,M,21,GK,,0,61,62,58,66,62,32,59,34,29,12,10,50,10,10,26,14,42,13,32,28,15,12,32,40,59,25,36,8,13,10,12,12,54,26,58,37,193.0,78.0,Left,3,1,,0,0,Holland,Eredivisie,PEC Zwolle,tom de graaff
1372,1372,270575,Viktor Andersson,M,22,GK,,0,61,59,58,64,63,27,59,27,26,8,6,48,8,7,16,10,56,13,42,45,14,25,56,51,58,21,38,15,14,9,12,11,55,28,65,28,189.0,84.0,Right,3,1,,0,0,Sweden,Allsvenskan,IFK Värnamo,viktor andersson
1372,1372,278965,Viktor Baier,M,21,GK,,0,61,64,60,58,63,18,59,18,17,8,12,44,11,8,14,12,27,13,19,21,16,15,22,25,47,16,27,9,12,7,11,14,52,18,64,24,191.0,76.0,Right,2,1,,0,0,Czech Republic,Ö. Bundesliga,Blau-Weiss Linz,viktor baier
1372,1372,247893,Vlad Mutiu,M,31,GK,,0,61,64,60,57,60,19,60,20,18,8,8,43,8,7,12,14,34,14,18,16,10,14,38,33,56,10,28,11,11,12,10,10,37,28,43,17,187.0,78.0,Right,2,1,,0,0,Romania,SUPERLIGA,FC Hermannstadt,vlad mutiu
1372,1372,270939,Ángel De La Cruz,M,23,GK,,0,61,61,62,60,62,20,61,18,23,9,9,45,6,8,18,15,58,15,22,19,13,13,30,25,46,12,28,15,11,13,16,15,50,24,60,26,196.0,85.0,Right,1,1,,0,0,Peru,Libertadores,Alianza Lima,angel de la cruz
1455,1455,220537,Abdulaziz Takroni,M,34,GK,,0,60,62,55,57,63,38,60,38,37,16,12,43,16,20,19,18,14,14,21,20,14,11,30,34,53,20,26,16,13,11,13,17,63,36,75,33,188.0,88.0,Right,2,1,,0,0,Saudi Arabia,ROSHN Saudi League,Al Hazem,abdulaziz takroni
1455,1455,263867,Abdulrahman Al Sanbi,M,25,GK,,0,60,59,57,54,63,43,62,45,41,8,8,41,13,9,14,10,42,13,25,28,12,12,45,46,52,13,33,9,15,8,10,9,46,28,44,26,181.0,76.0,Right,3,1,,0,0,Saudi Arabia,ROSHN Saudi League,Al Ahli,abdulrahman al sanbi
1455,1455,70796,Alazne Estensoro,F,19,GK,,0,60,60,58,58,60,22,59,24,20,10,10,44,12,11,19,14,50,17,26,27,12,13,34,53,56,19,39,15,15,18,16,12,53,36,60,21,170.0,60.0,Right,3,1,,0,0,Spain,Liga F Moeve,Real Sociedad,alazne estensoro
1455,1455,203172,Alexander Lundin,M,33,GK,,0,60,57,60,56,59,25,59,29,19,10,12,42,13,17,18,13,30,17,20,21,14,14,40,32,58,16,20,16,11,20,20,20,60,40,74,22,187.0,86.0,Right,2,1,,0,0,Sweden,Allsvenskan,Mjällby AIF,alexander lundin
1455,1455,244458,Alexander Sebald,M,29,GK,,0,60,60,61,57,65,35,56,32,40,6,6,43,6,7,12,8,25,8,18,11,11,17,35,38,48,12,49,12,9,6,14,11,56,32,69,14,189.0,80.0,Right,3,1,,0,0,Germany,3. Liga,Energie Cottbus,alexander sebald
1455,1455,277284,Ali Emre Yanar,M,27,GK,,0,60,65,58,56,58,24,59,27,20,8,5,42,5,9,19,14,27,12,22,18,14,7,27,23,51,10,21,11,12,9,11,13,51,21,59,25,190.0,82.0,Right,3,1,,0,0,Turkey,Trendyol Süper Lig,Kasımpaşa,ali emre yanar
1455,1455,78812,Ambre Bouchard,F,18,GK,,0,60,58,57,59,59,24,61,18,34,9,9,44,6,10,18,15,35,10,40,34,16,8,25,44,59,13,25,9,15,10,15,13,35,18,35,19,171.0,58.0,Right,2,1,,0,0,France,Arkema PL,RC Lens,ambre bouchard
1455,1455,262939,Arne Schulz,M,23,GK,,0,60,60,57,55,65,26,56,26,25,12,7,41,7,5,12,11,33,11,21,28,11,13,28,25,60,16,31,14,14,12,12,11,55,27,64,20,190.0,80.0,Right,3,1,,0,0,Germany,3. Liga,Viktoria Köln,arne schulz
1455,1455,277685,Belén de Gracia,F,21,GK,,0,60,61,54,61,59,31,60,30,33,9,9,46,10,11,13,10,36,11,18,12,13,12,21,31,59,17,15,11,10,10,15,11,36,21,32,17,170.0,60.0,Right,2,1,,0,0,Spain,Liga F Moeve,Madrid CFF,belen de gracia
1455,1455,157407,Brendan Clarke,M,40,GK,,0,60,60,60,61,57,41,61,42,39,15,14,46,12,15,40,14,61,15,23,22,15,14,50,55,58,23,47,20,13,18,15,15,52,30,51,43,185.0,81.0,Right,3,1,Long Ball Pass,1,0,Republic of Ireland,SSE Airtricity PD,Galway United,brendan clarke
1455,1455,241327,Chen Wei,M,28,GK,,0,60,59,58,53,64,29,56,26,34,6,5,40,7,9,10,14,52,10,18,28,12,12,32,33,62,12,26,11,13,21,13,12,53,28,61,18,188.0,80.0,Right,1,1,,0,0,China PR,CSL,Shanghai Port FC,chen wei
1455,1455,245074,Choi Young Eun,M,30,GK,,0,60,60,58,51,66,19,58,21,16,6,6,38,6,8,12,11,27,13,22,20,10,10,24,39,52,14,32,7,14,7,13,14,53,24,63,16,189.0,78.0,Right,2,1,Footwork,1,0,Korea Republic,K League 1,Daegu FC,choi young eun
1455,1455,258555,Dani van den Heuvel,M,22,GK,,0,60,61,58,61,61,20,57,17,24,4,6,46,8,5,14,12,30,14,32,29,14,10,37,46,52,19,21,13,14,5,13,13,44,16,50,20,188.0,75.0,Right,3,1,,0,0,Holland,1A Pro League,Club Brugge,dani van den heuvel
1455,1455,70284,Daniel Azevedo,M,28,GK,,0,60,61,56,54,62,20,63,20,21,7,8,41,6,5,14,10,22,10,26,27,10,12,22,22,49,17,30,8,11,7,12,10,60,20,80,24,195.0,90.0,Right,1,1,,0,0,Portugal,Liga Portugal,Casa Pia AC,daniel azevedo
1455,1455,272961,Daniël Virginio Deen,M,23,GK,,0,60,60,61,56,60,20,57,15,28,5,9,42,7,6,10,10,23,10,29,21,10,7,36,38,57,18,24,7,13,9,13,13,40,20,47,21,188.0,72.0,Right,3,1,,0,0,Holland,Eredivisie,AZ,daniel virginio deen
1455,1455,246166,David Harrington,M,25,GK,,0,60,61,61,60,60,21,60,22,19,8,7,45,9,9,19,11,56,9,28,27,8,11,32,44,51,12,22,13,12,9,11,10,34,23,32,28,184.0,79.0,Right,3,1,,0,0,Wales,EFL League Two,Fleetwood Town,david harrington
1455,1455,263137,David Skubl,M,24,GK,,0,60,64,58,54,64,17,53,18,16,4,9,41,8,8,18,14,27,10,25,17,14,8,29,26,59,22,28,13,12,7,10,12,41,27,49,16,187.0,80.0,Right,3,1,,0,0,Austria,Ö. Bundesliga,Wolfsberger AC,david skubl
1455,1455,71223,David Ćelić,M,23,GK,,0,60,59,59,58,61,19,60,18,20,6,9,44,6,8,11,14,41,11,22,17,11,11,26,32,55,17,29,8,10,5,10,14,50,27,60,21,188.0,79.0,Right,3,1,,0,0,Sweden,Allsvenskan,IK Sirius,david celic
1455,1455,274730,Denys Ignatenko,M,23,GK,,0,60,59,57,59,60,25,61,20,33,7,7,44,8,9,11,13,27,13,26,23,10,6,25,28,54,14,30,8,14,8,13,13,49,24,58,24,191.0,85.0,Right,2,1,,0,0,Ukraine,Ukrayina Liha,Dynamo Kyiv,denys ignatenko
1455,1455,276040,Denzel Caña,M,23,GK,,0,60,56,63,55,62,22,58,28,14,4,5,41,7,6,10,10,28,10,17,14,10,11,30,23,54,16,22,8,8,5,11,10,50,20,59,26,195.0,84.0,Right,1,1,,0,0,Peru,Sudamericana,Cienciano,denzel cana
1455,1455,276087,Dimitrios Stamatakis,M,22,GK,,0,60,57,62,62,61,17,61,17,17,4,6,47,6,6,10,11,38,12,23,17,10,13,35,21,50,15,22,9,14,5,11,12,48,22,57,19,191.0,82.0,Right,5,1,,0,0,Greece,LALIGA EA SPORTS,CA Osasuna,dimitrios stamatakis
1455,1455,273872,Dániel Radnóti,M,19,GK,,0,60,61,58,59,63,24,60,22,27,14,11,44,12,13,12,12,41,12,29,24,13,13,21,48,51,18,29,10,15,10,15,11,47,22,53,14,187.0,78.0,Right,2,1,,0,0,Hungary,Magyar Liga,Ferencvárosi TC,daniel radnoti
1455,1455,277117,Edoardo Borrelli,M,21,GK,,0,60,60,61,57,60,22,57,20,24,8,8,43,6,8,15,14,31,13,27,20,12,8,25,35,56,11,29,12,11,9,12,13,37,19,42,28,188.0,77.0,Right,3,1,,0,0,Italy,Serie BKT,Catanzaro,edoardo borrelli
1455,1455,274083,Eduardo Villanueva,M,21,GK,,0,60,61,58,56,62,23,59,17,32,6,5,42,9,9,11,13,57,13,18,25,12,6,28,34,50,14,22,9,11,7,13,14,44,20,54,19,187.0,76.0,Right,3,1,,0,0,Chile,Libertadores,Colo-Colo,eduardo villanueva
1455,1455,265255,Eleanor Heeps,F,22,GK,,0,60,59,60,56,61,40,57,40,41,7,7,42,8,7,21,9,37,15,31,26,10,21,42,40,60,14,39,9,8,11,11,13,49,22,50,18,175.0,58.0,Right,2,1,,0,0,England,Barclays WSL,Spurs,eleanor heeps
1455,1455,276102,Emanuel Sittaro,M,26,GK,,0,60,64,60,60,60,22,55,18,29,9,7,45,8,8,12,12,39,10,25,19,13,12,35,46,52,16,25,14,16,6,12,16,52,24,62,29,185.0,81.0,Right,2,1,,0,0,Argentina,LPF,Instituto,emanuel sittaro
1455,1455,254662,Ewan Hatfout,M,26,GK,,0,60,61,60,57,62,25,63,29,19,7,6,43,7,9,15,11,32,10,22,23,13,8,37,42,45,18,37,7,10,8,11,10,38,24,39,25,193.0,79.0,Right,3,1,,0,0,France,Ligue 2 BKT,Le Mans FC,ewan hatfout
1455,1455,271821,Faye Kirby,F,21,GK,,0,60,58,61,60,59,32,60,32,32,13,10,45,11,10,18,17,44,18,31,25,15,11,31,43,58,16,40,11,12,13,16,15,49,28,54,25,173.0,65.0,Right,3,1,,0,0,England,Barclays WSL,Liverpool,faye kirby
1455,1455,78786,Felix Wimmer,M,27,GK,,0,60,58,57,61,61,28,62,28,29,9,14,46,13,8,20,18,35,15,28,24,15,12,33,51,54,13,26,13,14,11,19,16,45,22,48,21,183.0,75.0,Left,1,1,,0,0,Austria,Ö. Bundesliga,SV Oberbank Ried,felix wimmer
1455,1455,247839,Frank Stople,M,24,GK,,0,60,61,62,59,63,28,61,24,33,7,5,44,9,7,15,12,30,11,16,16,14,9,38,21,39,19,21,10,12,11,13,11,52,25,60,25,186.0,75.0,Right,2,1,,0,0,Norway,Eliteserien,FK Haugesund,frank stople
1455,1455,271112,Gavin Beavers,M,20,GK,,0,60,63,60,60,63,28,59,24,35,7,5,45,5,8,17,10,25,10,26,18,10,12,33,23,38,14,37,12,12,6,10,13,53,26,62,20,196.0,83.0,Right,2,1,Cross Claimer,1,0,United States,3F Superliga,Brøndby IF,gavin beavers
1455,1455,77744,George Evans,M,20,GK,,0,60,61,59,60,60,20,58,20,19,8,8,45,9,7,12,13,40,13,26,30,13,15,24,44,58,19,29,14,13,10,15,14,45,27,50,26,190.0,83.0,Right,3,1,,0,0,England,EFL Championship,Millwall,george evans
1455,1455,261260,Gergő Szécsi,M,37,GK,,0,60,59,60,60,61,27,59,28,26,15,11,45,12,11,17,12,53,13,31,21,13,17,31,26,49,19,24,23,14,26,17,13,51,17,55,29,185.0,80.0,Right,2,1,,0,0,Hungary,Magyar Liga,Ferencvárosi TC,gergo szecsi
1455,1455,265782,Gianluca Saro,M,25,GK,,0,60,59,64,61,59,21,56,18,26,6,6,46,7,6,18,11,30,11,26,15,13,8,22,22,51,12,26,7,13,6,10,13,49,27,58,28,180.0,86.0,Right,3,1,Cross Claimer,1,0,Italy,Serie BKT,Reggiana,gianluca saro
1455,1455,247448,Greg Ranjitsingh,M,32,GK,,0,60,58,51,50,70,21,60,24,17,7,8,38,7,8,12,12,24,11,28,28,13,13,39,24,54,19,29,11,10,9,13,10,54,18,69,23,188.0,91.0,Right,1,1,,0,0,Trinidad and Tobago,MLS,New York City FC,greg ranjitsingh
1455,1455,262434,Harrison Devenish-Meares,M,29,GK,,0,60,60,59,58,56,33,61,35,30,13,14,44,17,12,15,14,49,11,28,26,13,15,44,46,58,13,40,17,15,17,12,11,57,30,61,27,190.0,87.0,Right,3,1,Cross Claimer,1,0,Australia,A-League,Sydney FC,harrison devenish meares
1455,1455,265460,Hrithik Tiwari,M,24,GK,,0,60,60,61,61,60,24,59,20,31,6,9,46,5,7,11,10,26,13,21,17,13,10,33,45,54,10,36,6,11,5,13,14,44,19,50,23,190.0,78.0,Right,3,1,,0,0,India,ISL,FC Goa,hrithik tiwari
1455,1455,71383,Hugo Rölleke,M,20,GK,,0,60,62,61,56,61,23,62,19,28,4,9,42,9,9,10,12,21,13,20,17,14,8,22,31,45,12,21,11,13,8,12,10,56,20,71,19,204.0,85.0,Right,2,1,,0,0,Germany,Bundesliga 2,VfL Bochum 1848,hugo rolleke
1455,1455,209750,Ian Lawlor,M,31,GK,,0,60,60,58,59,61,42,60,40,46,14,13,44,16,13,28,14,45,12,33,25,12,20,63,43,54,32,43,15,12,12,11,16,60,28,70,37,193.0,80.0,Right,3,1,,0,0,Republic of Ireland,EFL League One,Doncaster,ian lawlor
1455,1455,258351,Isaac Boehmer,M,24,GK,,0,60,62,56,56,61,17,63,16,19,8,10,42,10,10,16,15,27,13,30,27,13,14,27,35,53,13,39,10,13,8,14,15,51,28,62,27,188.0,84.0,Right,1,1,,0,0,Canada,MLS,Whitecaps FC,isaac boehmer
1455,1455,277590,Iustin Chirila,M,19,GK,,0,60,61,59,60,63,34,60,34,35,8,6,45,8,7,16,10,43,10,25,27,12,11,38,35,49,16,48,9,7,9,12,6,51,29,56,22,179.0,64.0,Right,2,1,,0,0,Romania,SUPERLIGA,FC Univ. Cluj,iustin chirila
1455,1455,211537,Jack Hamilton,M,32,GK,,0,60,61,58,60,60,46,58,46,46,15,13,45,14,18,23,16,45,16,30,18,15,13,44,65,56,24,44,19,16,11,14,13,51,32,48,16,189.0,75.0,Right,2,1,,0,0,Scotland,Scottish Prem,Livingston,jack hamilton
1455,1455,267922,Jacob Jackson,M,25,GK,,0,60,60,63,55,62,27,58,26,28,9,9,41,11,19,13,17,39,11,40,44,18,19,33,42,50,21,29,13,14,11,15,19,50,34,55,32,188.0,86.0,Right,2,1,,0,0,United States,MLS,FC Dallas,jacob jackson
1455,1455,231046,Jake Eastwood,M,29,GK,,0,60,62,57,59,61,37,58,39,35,4,11,44,17,12,23,17,30,10,24,18,19,14,52,44,56,24,37,11,16,9,21,13,52,33,53,38,190.0,81.0,Right,2,1,,0,0,England,EFL League Two,Cambridge Utd,jake eastwood
1455,1455,236337,Jake Turner,M,27,GK,,0,60,60,61,58,61,22,59,18,29,4,5,44,8,5,14,13,32,14,24,25,12,7,40,48,53,19,24,11,13,9,11,13,42,27,49,21,194.0,82.0,Right,3,1,,0,0,England,EFL League Two,Gillingham,jake turner
1455,1455,76845,Jakub Vinarčík,M,20,GK,,0,60,60,57,63,60,40,62,44,35,4,7,47,9,6,19,12,49,10,20,15,12,5,30,38,54,17,46,7,14,6,12,14,53,26,54,21,187.0,69.0,Right,2,1,,0,0,Slovakia,Liga Portugal,Arouca,jakub vinarcik
1455,1455,79285,Jerik von der Felsen,M,21,GK,,0,60,61,63,56,62,16,60,15,18,8,8,42,10,7,17,15,29,13,26,28,11,11,25,23,43,12,30,9,12,6,10,8,55,14,73,27,202.0,94.0,Right,3,1,,0,0,Germany,3. Liga,VfB Stuttgart II,jerik von der felsen
1455,1455,275318,Jian Tao,M,24,GK,,0,60,60,61,56,61,19,60,15,26,7,5,42,5,5,16,11,34,10,15,21,14,11,32,38,53,10,38,14,14,9,11,11,47,23,56,18,186.0,80.0,Right,2,1,,0,0,China PR,CSL,Chengdu FC,jian tao
1455,1455,203034,Joe Day,M,35,GK,,0,60,59,56,58,61,51,61,49,53,7,12,44,18,11,13,12,48,15,39,47,11,11,57,53,55,23,58,17,11,16,14,15,66,35,75,40,190.0,84.0,Left,2,1,Far Throw,1,0,England,EFL League Two,Cheltenham Town,joe day
1455,1455,267460,Jonas Nickisch,M,21,GK,,0,60,63,57,59,65,26,57,21,33,7,8,44,9,7,12,15,38,11,28,26,13,9,25,38,50,12,33,12,12,10,12,11,42,25,48,15,190.0,77.0,Right,3,1,,0,0,Germany,3. Liga,Saarbrücken,jonas nickisch
1455,1455,231172,Jordan Holmes,M,28,GK,,0,60,59,59,61,60,38,59,36,40,4,8,46,5,9,11,11,33,11,30,31,12,12,40,39,57,25,40,9,14,12,22,11,63,35,74,33,188.0,85.0,Right,3,1,Far Throw,1,0,Australia,A-League,WS Wanderers,jordan holmes
1455,1455,71457,Josué Reinatti,M,22,GK,,0,60,64,53,53,66,23,60,28,16,8,7,40,9,8,16,8,42,12,25,22,13,12,22,34,44,15,30,10,11,7,9,8,48,23,54,26,186.0,70.0,Left,2,1,,0,0,Argentina,LPF,Defensa,josue reinatti
1455,1455,252505,Jędrzej Grobelny,M,24,GK,,0,60,61,57,55,60,31,60,30,33,5,7,41,9,7,17,13,40,13,29,22,13,5,36,55,60,10,24,7,14,8,11,12,52,23,56,16,190.0,80.0,Right,2,1,,0,0,Poland,PKO BP Ekstraklasa,Arka Gdynia,jedrzej grobelny
1455,1455,275011,Kees Sims,M,23,GK,,0,60,59,61,61,57,26,58,33,15,4,8,46,8,7,19,10,43,19,34,34,13,20,30,26,57,26,26,9,14,7,12,14,53,30,56,25,192.0,82.0,Right,3,1,Cross Claimer,1,0,New Zealand,Allsvenskan,GAIS,kees sims
1455,1455,266517,Kevin Gadellaa,M,22,GK,,0,60,61,60,56,61,28,57,26,32,5,7,42,7,5,21,12,40,14,26,28,14,17,25,29,58,20,24,11,11,7,11,12,47,24,70,17,210.0,87.0,Right,3,1,,0,0,Holland,Eredivisie,FC Utrecht,kevin gadellaa
1455,1455,243736,Kevin Rauhut,M,36,GK,,0,60,62,59,63,62,31,57,29,35,5,9,47,7,7,19,14,28,12,21,37,12,14,33,31,49,20,44,12,10,10,12,10,39,20,43,25,188.0,77.0,Left,3,1,,0,0,Germany,3. Liga,Viktoria Köln,kevin rauhut
1455,1455,278872,Killane,M,21,GK,,0,60,60,67,56,61,21,55,18,25,10,10,42,11,9,14,12,27,15,16,26,13,13,33,32,51,16,22,13,12,10,15,13,37,25,43,25,186.0,78.0,Right,3,1,,0,0,Argentina,LALIGA HYPERMOTION,UD Las Palmas,killane
1455,1455,75106,Killian Cahill,M,22,GK,,0,60,63,60,63,60,24,58,25,23,5,9,47,6,8,11,13,32,11,27,30,13,9,27,44,48,18,26,11,11,7,11,12,43,30,48,24,182.0,67.0,Right,3,1,,0,0,Republic of Ireland,EFL League One,Leyton Orient,killian cahill
1455,1455,252662,Kim Jeong hoon,M,24,GK,,0,60,59,60,54,62,17,59,17,17,10,8,41,9,7,15,12,36,9,17,15,11,10,30,32,58,16,37,15,12,14,13,15,48,24,59,22,188.0,80.0,Right,2,1,,0,0,Korea Republic,K League 1,Jeonbuk Hyundai,kim jeong hoon
1455,1455,278331,Lapo Nava,M,22,GK,,0,60,58,55,65,58,19,63,20,17,7,6,49,6,9,16,13,35,13,24,21,13,6,27,54,56,13,34,10,13,5,14,14,45,19,51,21,189.0,70.0,Right,3,1,,0,0,Italy,Serie A Enilive,Cremonese,lapo nava
1455,1455,259255,Lee Kyung Tae,M,31,GK,,0,60,60,58,54,61,28,60,32,21,5,9,41,10,8,11,14,24,11,19,16,15,8,29,26,57,12,23,14,14,6,13,13,61,18,71,21,191.0,81.0,Right,2,1,,0,0,Korea Republic,K League 1,Daejeon Hana,lee kyung tae
1455,1455,253171,Leo Oppermann,M,24,GK,,0,60,63,59,59,65,23,58,23,24,5,8,44,7,7,10,12,31,11,24,28,14,8,25,45,40,16,18,12,11,7,10,9,36,20,36,24,191.0,82.0,Right,3,1,,0,0,Germany,Bundesliga 2,Arminia Bielefeld,leo oppermann
1455,1455,77573,Li Hao,M,22,GK,,0,60,58,59,57,63,22,59,19,27,8,5,43,7,8,13,13,26,14,18,18,14,14,22,38,58,11,30,11,13,7,11,10,37,18,43,16,188.0,77.0,Right,2,1,,0,0,China PR,CSL,Qingdao W. Coast,li hao
1455,1455,276322,Lisandru Olmeta,M,20,GK,,0,60,60,59,68,63,29,59,26,33,5,6,51,11,8,17,12,36,11,32,28,19,9,38,33,48,12,42,9,9,11,12,11,46,32,51,38,190.0,75.0,Right,3,1,,0,0,France,Ligue 2 BKT,SC Bastia,lisandru olmeta
1455,1455,78105,Lucas Verza,M,24,GK,,0,60,60,62,58,62,34,58,38,28,3,7,44,6,7,11,14,42,13,26,12,10,8,24,52,51,14,41,19,12,6,16,14,50,42,51,25,184.0,79.0,Right,2,1,,0,0,Paraguay,Libertadores,Olimpia,lucas verza
1455,1455,219657,Lukas Wedl,M,30,GK,,0,60,60,57,56,60,45,58,46,44,8,9,42,6,10,30,20,20,20,37,30,15,14,30,55,62,30,39,24,14,9,13,14,61,20,65,26,186.0,80.0,Right,2,1,,0,0,Austria,Ö. Bundesliga,FK Austria Wien,lukas wedl
1455,1455,225361,Luke McGee,M,30,GK,,0,60,60,59,59,61,37,60,33,42,7,13,44,13,12,30,15,45,13,42,43,11,14,33,45,54,27,37,14,14,12,17,20,49,26,51,26,193.0,83.0,Right,3,1,Far Throw|Footwork|Long Ball Pass,3,0,England,EFL League Two,Tranmere Rovers,luke mcgee
1455,1455,73072,Lúkas Petersson,M,22,GK,,0,60,60,59,57,60,35,59,38,30,8,8,43,9,8,10,12,39,11,30,29,13,10,29,25,53,15,34,7,18,8,10,10,60,27,66,28,195.0,96.0,Right,2,1,,0,0,Iceland,Bundesliga,TSG Hoffenheim,lukas petersson
1455,1455,268413,Magnus Rugland Ree,M,21,GK,,0,60,61,57,64,60,42,58,43,40,4,5,48,6,5,17,14,28,12,17,27,14,11,23,49,54,14,39,9,14,5,14,13,52,27,52,25,198.0,74.0,Right,2,1,,0,0,Norway,Eliteserien,Viking FK,magnus rugland ree
1455,1455,278099,Marco Pissardo,M,28,GK,,0,60,58,61,61,64,36,60,36,36,9,8,46,8,8,16,12,33,13,23,22,9,12,39,42,48,27,32,15,13,9,11,15,49,21,50,27,184.0,78.0,Right,1,1,,0,0,Italy,Serie BKT,Bari,marco pissardo
1455,1455,183789,Mark Howard,M,39,GK,,0,60,60,58,58,58,27,61,29,24,13,13,44,12,12,24,14,35,15,28,29,18,12,34,45,56,24,44,26,15,17,17,12,57,30,68,23,183.0,76.0,Right,3,1,,0,0,England,EFL League Two,Salford City,mark howard
1455,1455,278719,Martin Børsheim,M,21,GK,,0,60,60,58,56,62,19,60,15,24,12,11,42,13,11,16,10,31,14,27,26,11,10,36,23,56,15,37,13,14,11,13,11,50,23,61,22,194.0,82.0,Right,3,1,,0,0,Norway,Eliteserien,Fredrikstad FK,martin b rsheim
1455,1455,232673,Marwan Al Haidari,M,29,GK,,0,60,59,55,54,59,31,63,30,32,16,16,41,18,18,16,15,44,12,23,24,11,15,24,39,58,11,43,15,15,30,11,12,44,25,59,21,188.0,75.0,Left,3,1,,0,0,Saudi Arabia,ROSHN Saudi League,Al Khaleej,marwan al haidari
1455,1455,78610,Mattias Lamhauge,M,26,GK,,0,60,60,57,58,59,24,60,25,22,4,8,44,9,8,10,14,42,13,21,26,14,6,28,27,58,13,38,14,10,6,10,12,52,20,60,18,194.0,85.0,Right,3,1,,0,0,Faroe Islands,3F Superliga,FC Fredericia,mattias lamhauge
1455,1455,79377,Maximilian Weisbäcker,M,24,GK,,0,60,58,62,59,64,23,60,24,21,5,5,44,8,5,18,11,30,13,33,26,11,6,34,27,44,17,31,12,12,9,14,12,53,25,62,22,200.0,85.0,Left,2,1,,0,0,Germany,3. Liga,FC Schweinfurt 05,maximilian weisbacker
1455,1455,233918,Maximiliano Velazco,M,31,GK,,0,60,61,57,65,60,24,61,22,28,8,8,49,9,6,13,14,30,14,21,20,10,10,33,42,55,18,29,13,14,10,13,13,43,27,49,20,186.0,81.0,Right,2,1,,0,0,Argentina,LPF,San Martín,maximiliano velazco
1455,1455,248256,Meshari Sanyour,M,24,GK,,0,60,61,56,55,62,39,60,41,36,7,8,41,7,9,11,13,36,12,22,16,12,12,47,51,56,13,27,8,12,9,11,10,53,26,44,20,179.0,70.0,Right,3,1,,0,0,Saudi Arabia,ROSHN Saudi League,Al Qadsiah,meshari sanyour
1455,1455,77128,Michael Collodi,M,24,GK,,0,60,60,60,56,58,28,62,28,29,5,7,42,5,5,10,13,34,10,24,17,10,6,24,44,54,16,32,10,12,7,10,12,54,28,63,22,183.0,76.0,Right,1,1,,0,0,United States,MLS,FC Dallas,michael collodi
1455,1455,235860,Michael Woud,M,27,GK,,0,60,65,50,60,63,39,56,41,35,10,10,45,10,10,10,14,34,12,18,15,13,11,48,32,60,13,34,13,14,10,13,13,55,34,57,25,196.0,89.0,Left,2,1,,0,0,New Zealand,A-League,Auckland FC,michael woud
1455,1455,247067,Mohammed Bu Sanda,M,31,GK,,0,60,60,60,54,60,36,57,35,37,4,8,41,7,8,12,14,38,10,23,24,12,11,36,48,56,17,37,6,14,8,13,13,56,28,61,26,184.0,78.0,Right,2,1,,0,0,United Arab Emirates,United Emirates League,Al Ain FC,mohammed bu sanda
1455,1455,258200,Nahuel Manganelli,M,25,GK,,0,60,64,54,66,59,27,62,26,29,9,7,50,8,7,11,13,38,12,38,27,13,11,44,44,52,21,43,9,15,9,15,14,44,25,48,28,185.0,80.0,Right,3,1,,0,0,Argentina,LPF,Dep. Riestra,nahuel manganelli
1455,1455,230971,Nik Tzanev,M,29,GK,,0,60,61,59,56,61,46,59,47,45,9,8,42,9,10,15,10,47,11,40,44,12,15,35,54,55,24,34,14,12,7,14,13,54,25,54,34,195.0,90.0,Right,1,1,,0,0,New Zealand,EFL League Two,Newport County,nik tzanev
1455,1455,77651,Ole Kristian Lauvli,M,31,GK,,0,60,60,59,56,57,26,59,26,26,4,9,42,5,5,16,13,28,10,28,22,10,10,36,22,59,11,24,13,14,6,13,11,52,25,59,23,193.0,81.0,Right,3,1,,0,0,Norway,Eliteserien,Tromsø IL,ole kristian lauvli
1455,1455,230893,Owen Evans,M,29,GK,,0,60,59,59,60,61,43,58,42,45,4,11,45,10,11,30,18,58,14,43,46,18,16,54,45,56,22,22,20,11,9,18,16,39,17,30,15,188.0,85.0,Right,3,1,,0,0,Wales,EFL League Two,Barnet,owen evans
1455,1455,71265,Paul Argney,M,19,GK,,0,60,62,59,60,64,44,54,44,43,7,7,45,9,7,17,14,33,13,28,31,16,8,43,45,57,13,41,9,11,9,13,15,48,27,47,22,186.0,73.0,Right,2,1,,0,0,France,Ligue 1 McDonald's,Havre AC,paul argney
1455,1455,71368,Rebekah Dowsett,F,18,GK,,0,60,59,58,57,59,22,58,24,19,6,9,43,11,8,16,13,50,11,40,35,12,12,38,56,62,18,30,10,12,9,12,14,52,40,60,20,170.0,59.0,Right,3,1,,0,0,England,Barclays WSL,West Ham,rebekah dowsett
1455,1455,248019,Răzvan Ducan,M,25,GK,,0,60,60,59,62,61,33,59,33,32,10,10,47,12,15,14,12,48,11,29,25,13,12,38,36,53,22,35,15,21,17,23,20,52,32,52,26,192.0,86.0,Right,2,1,Far Throw,1,0,Romania,SUPERLIGA,Farul Constanța,razvan ducan
1455,1455,79531,Soumaïla Sylla,M,22,GK,,0,60,61,58,60,59,49,58,49,50,5,6,45,9,5,13,13,23,12,22,27,12,12,50,46,55,18,33,8,13,8,12,11,61,33,62,21,191.0,73.0,Right,2,1,,0,0,France,Ligue 2 BKT,Stade de Reims,soumaila sylla
1455,1455,274478,Timon Vanhoutte,M,22,GK,,0,60,61,59,57,62,30,58,28,33,4,5,43,6,7,11,11,30,12,17,23,14,12,45,44,48,12,33,11,14,9,14,12,51,25,55,23,189.0,82.0,Right,3,1,,0,0,Belgium,1A Pro League,RSC Anderlecht,timon vanhoutte
1455,1455,260918,Tomás Romero,M,25,GK,,0,60,63,59,60,60,28,59,28,28,7,7,45,6,7,17,10,39,13,29,34,12,5,38,49,53,19,26,13,13,5,12,11,51,23,55,17,185.0,79.0,Right,2,1,Cross Claimer,1,0,El Salvador,MLS,New York City FC,tomas romero
1455,1455,247033,Wille Jakobsson,M,24,GK,,0,60,59,60,59,59,24,61,27,20,4,5,44,5,5,12,13,34,11,20,19,11,12,27,37,57,11,30,7,12,9,14,10,51,27,57,24,189.0,85.0,Right,3,1,,0,0,Sweden,Allsvenskan,Degerfors IF,wille jakobsson
1455,1455,279774,William Da Rocha,M,23,GK,,0,60,60,59,58,60,27,58,26,28,8,4,44,6,8,10,11,43,8,18,18,10,12,30,20,54,16,32,8,11,9,12,10,50,18,56,24,191.0,78.0,Right,2,1,,0,0,Norway,Eliteserien,KFUM-Kameratene,william da rocha
1455,1455,241317,Xue Qinghao,M,25,GK,,0,60,60,60,59,61,20,59,22,17,7,9,44,8,6,15,12,21,12,15,14,12,8,36,36,49,12,17,11,14,21,11,9,52,20,60,11,195.0,87.0,Right,2,1,,0,0,China PR,CSL,Shanghai Shenhua,xue qinghao
1455,1455,264285,Yusuf Karagöz,M,26,GK,,0,60,61,59,53,60,25,57,28,20,4,5,40,5,9,11,11,39,10,18,29,14,13,31,23,56,17,35,13,12,8,10,13,56,18,69,22,195.0,79.0,Right,2,1,,0,0,Turkey,Trendyol Süper Lig,Alanyaspor,yusuf karagoz
1455,1455,269146,Álex Primo,M,21,GK,,0,60,61,60,55,62,36,58,39,31,7,8,41,6,6,14,10,36,12,26,28,10,8,35,42,54,15,31,9,11,7,12,10,41,24,39,20,187.0,74.0,Right,2,1,,0,0,Spain,LALIGA EA SPORTS,Levante UD,alex primo
1550,1550,277471,Abdelraouf Al Duqail,M,30,GK,,0,59,54,54,58,60,21,63,16,29,8,8,44,7,5,16,13,35,10,25,27,14,5,24,49,56,13,34,13,11,7,13,10,50,27,63,27,185.0,90.0,Right,2,1,,0,0,Saudi Arabia,ROSHN Saudi League,Al Fayha,abdelraouf al duqail
1550,1550,277445,Alexander Eckmayr,M,26,GK,,0,59,58,60,55,60,23,56,28,16,4,6,41,5,9,14,13,31,10,23,26,11,10,32,37,56,19,32,12,13,7,13,12,39,24,43,21,186.0,78.0,Right,2,1,,0,0,Austria,Ö. Bundesliga,WSG Tirol,alexander eckmayr
1550,1550,230749,Ameen Bukhari,M,28,GK,,0,59,60,56,56,58,46,57,44,48,16,17,42,15,10,21,14,51,14,25,24,17,13,55,65,61,24,29,22,15,24,18,12,60,36,65,21,194.0,82.0,Right,3,1,Far Throw,1,0,Saudi Arabia,ROSHN Saudi League,Al Fateh,ameen bukhari
1550,1550,271830,Anne Moll,F,20,GK,,0,59,63,60,57,62,48,55,47,50,5,8,43,8,6,10,14,52,12,21,17,13,11,49,47,46,13,31,7,14,7,14,14,44,21,37,23,171.0,58.0,Right,2,1,,0,0,Germany,GPFBL,Leverkusen,anne moll
1550,1550,253672,Arshdeep Singh,M,28,GK,,0,59,54,60,61,60,42,60,40,45,5,7,46,13,5,14,12,27,11,25,20,11,12,23,47,55,12,20,9,13,8,13,13,49,25,33,18,181.0,69.0,Right,2,1,Footwork,1,0,India,ISL,Hyderabad FC,arshdeep singh
1550,1550,77822,Blake Gillingham,M,23,GK,,0,59,59,59,53,55,29,61,28,30,8,5,40,6,8,16,12,30,11,32,24,12,8,29,29,54,13,42,7,14,6,10,11,55,31,64,34,188.0,83.0,Right,1,1,,0,0,United States,MLS,Houston Dynamo,blake gillingham
1550,1550,76664,Carl Lundahl Persson,M,25,GK,,0,59,58,60,58,56,21,58,23,19,8,8,44,6,7,18,15,41,13,22,28,14,7,24,35,59,19,25,10,15,12,13,14,50,29,56,18,187.0,78.0,Right,2,1,,0,0,Sweden,Allsvenskan,Östers IF,carl lundahl persson
1550,1550,259550,Chituru Odunze,M,23,GK,,0,59,59,58,55,60,26,57,23,31,5,6,41,5,5,14,12,35,14,21,21,13,11,35,29,59,17,22,8,12,7,12,14,54,21,68,19,200.0,91.0,Left,2,1,,0,0,United States,MLS,Charlotte FC,chituru odunze
1550,1550,77243,Danae van der Vliet,F,19,GK,,0,59,59,56,60,61,25,55,24,26,9,10,45,11,10,21,17,27,15,28,31,16,9,35,46,59,11,22,18,18,9,20,18,37,25,34,31,173.0,65.0,Left,1,1,,0,0,Holland,Nederland Vrouwen Liga,Ajax,danae van der vliet
1550,1550,208697,Danny Rogers,M,32,GK,,0,59,60,58,59,60,44,58,44,44,12,13,44,18,20,32,14,56,14,39,45,14,14,37,57,53,27,41,21,16,14,10,13,59,21,60,22,185.0,77.0,Left,3,1,Far Throw|Footwork,2,0,Republic of Ireland,SSE Airtricity PD,St. Pats,danny rogers
1550,1550,276916,Diogo Dias,M,22,GK,,0,59,56,62,53,60,23,55,27,18,9,7,40,9,9,16,16,34,13,26,24,11,14,38,45,54,12,26,6,15,8,11,12,48,28,53,26,188.0,81.0,Right,3,1,,0,0,Portugal,Liga Portugal,Estoril Praia,diogo dias
1550,1550,222621,Du Jia,M,32,GK,,0,59,57,54,52,60,49,58,45,55,10,14,39,17,15,10,12,59,20,35,32,18,19,30,53,67,18,57,10,11,16,10,10,56,35,58,42,186.0,70.0,Right,3,1,,0,0,China PR,CSL,Shanghai Port FC,du jia
1550,1550,277571,Dylan Peraić-Cullen,M,19,GK,,0,59,61,55,54,61,32,56,29,36,8,8,41,9,8,16,12,29,11,23,24,11,10,33,29,55,13,32,11,14,8,12,12,51,27,55,24,196.0,83.0,Right,2,1,,0,0,Australia,A-League,Central Coast,dylan peraic cullen
1550,1550,277802,Edoardo Motta,M,21,GK,,0,59,59,58,59,61,20,58,18,22,8,8,44,7,6,16,11,35,12,25,30,13,5,26,29,50,12,30,15,13,9,12,14,54,24,70,20,194.0,87.0,Right,2,1,,0,0,Italy,Serie BKT,Reggiana,edoardo motta
1550,1550,260933,Ekrem Kılıçarslan,M,28,GK,,0,59,62,55,60,62,47,53,45,49,11,11,45,16,10,17,12,30,21,21,22,17,12,41,37,58,16,39,13,12,11,13,16,59,25,63,28,188.0,82.0,Right,2,1,Cross Claimer,1,0,Turkey,Trendyol Süper Lig,Göztepe,ekrem k l carslan
1550,1550,237399,Evan Louro,M,30,GK,,0,59,60,60,61,58,35,60,34,36,13,15,46,16,16,15,12,46,15,20,21,14,11,44,33,46,17,44,21,13,20,12,10,64,36,78,16,191.0,104.0,Right,2,1,,0,0,United States,MLS,FC Cincinnati,evan louro
1550,1550,73047,Federico Botti,M,23,GK,,0,59,55,54,60,65,40,58,40,41,7,10,45,11,9,14,10,36,12,35,28,12,10,50,55,60,19,34,8,11,6,13,13,51,28,54,20,183.0,74.0,Left,2,1,,0,0,Italy,Serie BKT,Mantova,federico botti
1550,1550,256376,Felix Jakobsson,M,26,GK,,0,59,57,58,58,59,18,56,17,19,5,6,44,5,6,10,11,23,10,23,20,11,9,25,30,58,11,22,6,10,6,11,11,35,25,42,15,186.0,78.0,Left,2,1,,0,0,Sweden,Allsvenskan,Hammarby IF,felix jakobsson
1550,1550,79286,Florian Hellstern,M,18,GK,,0,59,63,58,60,63,18,59,18,19,5,9,45,7,8,16,10,32,11,28,26,10,13,28,28,40,11,25,8,14,8,10,10,41,12,48,18,186.0,74.0,Right,4,1,,0,0,Germany,Bundesliga,VfB Stuttgart,florian hellstern
1550,1550,276674,Fotis Pseftis,M,23,GK,,0,59,60,57,62,61,22,59,20,25,4,6,47,7,5,15,13,33,11,27,22,12,11,29,28,51,18,27,10,12,7,11,13,53,20,67,19,191.0,86.0,Right,2,1,,0,0,Greece,Brack Super League,FC Lugano,fotis pseftis
1550,1550,79422,Francisco Mongelos,M,21,GK,,0,59,63,57,56,61,19,53,18,21,6,7,42,8,7,10,13,24,13,32,30,10,11,25,38,56,12,36,14,12,8,10,14,47,27,56,32,188.0,85.0,Right,3,1,,0,0,Paraguay,Sudamericana,Sportivo Luqueño,francisco mongelos
1550,1550,271199,Giuseppe Ciocci,M,24,GK,,0,59,61,55,53,64,24,57,21,28,8,7,40,8,7,12,13,36,11,25,26,8,9,36,25,55,12,38,15,12,7,12,13,53,34,65,21,190.0,86.0,Right,2,1,,0,0,Italy,Serie A Enilive,Cagliari,giuseppe ciocci
1550,1550,71476,Gui,M,19,GK,,0,59,60,58,57,62,22,58,21,23,6,9,43,8,8,15,11,30,14,16,16,14,7,20,24,49,19,38,14,11,6,10,13,45,19,52,28,191.0,79.0,Right,1,1,,0,0,Portugal,Liga Portugal,Vitória SC,gui
1550,1550,270372,Ionuț Gurău,M,27,GK,,0,59,62,58,55,57,28,58,28,28,6,7,41,6,6,15,10,28,14,28,17,13,13,23,22,58,16,29,14,12,6,11,10,59,23,72,20,198.0,91.0,Right,2,1,,0,0,Romania,SUPERLIGA,Unirea Slobozia,ionut gurau
1550,1550,258943,Jack Bycroft,M,24,GK,,0,59,61,56,56,60,38,59,40,35,7,8,42,6,7,10,14,27,10,33,44,11,10,45,40,54,10,38,13,13,7,11,10,57,29,60,20,187.0,81.0,Right,2,1,,0,0,England,EFL League One,Exeter City,jack bycroft
1550,1550,78735,Jakub Zieliński,M,18,GK,,0,59,60,53,60,60,20,59,20,21,6,10,45,8,6,13,12,42,14,26,24,14,14,20,30,59,24,30,9,18,8,14,11,53,20,61,27,194.0,83.0,Right,3,1,,0,0,Poland,Bundesliga,VfL Wolfsburg,jakub zielinski
1550,1550,225406,James Talbot,M,28,GK,,0,59,60,58,58,60,43,55,44,41,12,13,44,16,16,28,17,52,13,31,25,21,20,32,58,56,14,31,23,16,14,16,20,60,24,64,23,180.0,80.0,Left,2,1,Cross Claimer,1,0,Republic of Ireland,SSE Airtricity PD,Bohemians,james talbot
1550,1550,76844,Javier Vallejos,M,23,GK,,0,59,61,62,64,60,31,58,38,21,6,7,48,7,8,15,14,37,12,21,28,14,13,34,34,41,19,29,15,12,8,13,12,46,25,46,20,188.0,74.0,Right,2,1,,0,0,Argentina,LPF,Central Córdoba,javier vallejos
1550,1550,276352,Jonathan Hutters,M,22,GK,,0,59,61,59,60,60,35,57,35,36,12,11,45,10,10,16,14,30,12,28,32,14,15,42,38,51,18,38,15,13,12,12,11,54,25,59,22,188.0,78.0,Right,3,1,Cross Claimer,1,0,Denmark,3F Superliga,AGF,jonathan hutters
1550,1550,79517,Juliane Schmid,F,21,GK,,0,59,57,58,57,59,33,58,31,35,9,9,43,8,7,18,14,27,16,27,31,15,11,32,45,54,15,26,10,15,11,16,13,38,22,35,24,176.0,68.0,Right,1,1,,0,0,Germany,GPFBL,TSG Hoffenheim,juliane schmid
1550,1550,274104,Krisztián Hegyi,M,23,GK,,0,59,60,57,58,60,25,58,25,25,4,7,44,8,8,16,14,31,13,20,16,14,13,30,31,56,10,21,6,14,5,10,13,46,15,51,15,196.0,86.0,Right,2,1,,0,0,Hungary,Premier League,West Ham,krisztian hegyi
1550,1550,229274,Lewis Thomas,M,28,GK,,0,59,59,58,57,60,57,58,59,55,19,10,43,14,14,26,14,40,12,35,44,13,13,40,60,50,18,35,21,12,15,12,11,53,20,45,30,185.0,70.0,Right,3,1,,0,0,Wales,EFL Championship,Bristol City,lewis thomas
1550,1550,271171,Louis Lord,M,22,GK,,0,59,62,57,56,61,27,59,28,25,5,7,42,7,8,11,10,28,10,29,29,13,13,31,27,44,19,29,14,13,8,10,14,59,25,71,22,197.0,84.0,Right,3,1,,0,0,Germany,3. Liga,FC Erzgebirge Aue,louis lord
1550,1550,72962,Luca Podlech,M,21,GK,,0,59,52,58,52,64,26,58,28,22,5,5,39,9,6,15,13,36,14,15,19,13,5,22,22,58,17,27,7,11,8,13,12,60,24,75,24,200.0,91.0,Right,3,1,,0,0,Germany,Bundesliga 2,FC Schalke 04,luca podlech
1550,1550,73692,Lucca Brughmans,M,17,GK,,0,59,63,57,54,58,19,60,19,18,8,6,41,7,6,10,13,39,10,17,28,13,13,26,21,47,17,28,13,12,9,13,11,44,23,52,20,197.0,85.0,Right,3,1,,0,0,Belgium,1A Pro League,KRC Genk,lucca brughmans
1550,1550,79320,Malte Brüning,M,22,GK,,0,59,56,59,52,58,26,59,23,30,11,8,39,5,5,11,11,32,14,21,19,12,10,25,28,57,19,34,13,12,15,14,10,54,27,67,18,192.0,85.0,Right,2,1,,0,0,Germany,3. Liga,Rot-Weiss Essen,malte bruning
1550,1550,277928,Mannou Berger,M,21,GK,,0,59,60,57,53,64,22,57,20,25,4,16,40,19,17,16,11,27,23,17,24,23,18,30,26,52,20,32,20,11,8,12,14,53,23,69,31,181.0,72.0,Right,3,1,,0,0,Holland,Eredivisie,Feyenoord,mannou berger
1550,1550,263780,Markus Ponath,M,25,GK,,0,59,57,59,55,62,34,58,29,41,4,7,41,9,6,10,12,26,10,29,20,14,9,37,37,53,14,54,13,14,7,13,14,55,19,62,24,188.0,81.0,Right,2,1,,0,0,Germany,3. Liga,FC Ingolstadt 04,markus ponath
1550,1550,71462,Mateo Clemente,M,23,GK,,0,59,58,59,58,60,27,58,26,28,8,9,44,5,5,17,11,38,12,30,29,11,9,33,44,50,12,23,6,11,8,12,10,39,21,44,28,184.0,77.0,Left,2,1,,0,0,Argentina,LPF,San Lorenzo,mateo clemente
1550,1550,276731,Mateusz Pruchniewski,M,19,GK,,0,59,59,58,62,57,40,60,39,41,6,9,47,8,11,14,13,37,15,32,32,15,14,42,39,50,12,29,10,14,7,12,14,54,31,55,27,184.0,78.0,Right,2,1,,0,0,Poland,PKO BP Ekstraklasa,Lech Poznań,mateusz pruchniewski
1550,1550,227529,Mathew Hudson,M,27,GK,,0,59,58,59,53,58,46,60,49,42,5,18,40,19,13,17,19,48,11,29,16,20,12,37,54,53,20,36,24,11,23,13,20,53,41,51,17,193.0,75.0,Right,3,1,,0,0,England,EFL League Two,Oldham Athletic,mathew hudson
1550,1550,279028,Matt Young,M,19,GK,,0,59,59,58,58,60,38,58,36,41,7,9,44,6,6,16,13,28,10,25,26,11,6,39,28,54,18,24,14,13,6,11,14,54,20,59,20,191.0,87.0,Right,2,1,,0,0,England,EFL League Two,Salford City,matt young
1550,1550,269916,Max Hagemoser,M,23,GK,,0,59,61,56,58,60,24,59,28,17,7,8,44,6,7,13,12,39,13,23,19,10,14,24,28,46,12,30,12,14,7,10,14,55,28,63,25,190.0,77.0,Left,3,1,,0,0,Germany,3. Liga,FC Hansa Rostock,max hagemoser
1550,1550,278252,Max Schmitt,M,20,GK,,0,59,58,56,61,63,30,59,28,32,6,8,46,9,6,14,14,35,12,28,23,12,15,34,23,45,16,23,8,14,7,11,14,48,19,41,27,189.0,76.0,Right,2,1,,0,0,Germany,3. Liga,SSV Ulm 1846,max schmitt
1550,1550,240531,Moataz Al Baqawi,M,28,GK,,0,59,61,57,56,61,32,55,33,30,5,6,42,6,8,11,12,39,13,35,27,12,9,37,42,51,20,35,9,14,15,14,12,59,27,54,27,180.0,73.0,Left,2,1,,0,0,Saudi Arabia,ROSHN Saudi League,Damac,moataz al baqawi
1550,1550,70431,Nicólas Claa,M,21,GK,,0,59,61,59,58,62,21,59,17,27,5,8,44,7,7,11,11,40,15,28,16,12,11,22,36,43,11,28,11,11,7,15,15,50,22,63,29,188.0,82.0,Right,2,1,,0,0,Argentina,LPF,Godoy Cruz,nicolas claa
1550,1550,245407,Nino Ziswiler,M,26,GK,,0,59,59,64,52,59,23,61,23,24,8,5,39,7,8,12,14,38,14,20,25,13,12,35,32,41,10,26,12,11,7,11,13,45,24,52,20,188.0,79.0,Right,3,1,,0,0,Switzerland,Brack Super League,FC Thun,nino ziswiler
1550,1550,245425,Noah James,M,25,GK,,0,59,59,58,55,64,26,59,32,17,6,5,41,9,5,11,14,40,10,18,16,13,9,30,42,41,12,42,14,14,9,11,11,49,27,52,19,195.0,78.0,Right,3,1,,0,0,Australia,A-League,Newcastle Jets,noah james
1550,1550,271236,Noah Raveyre,M,20,GK,,0,59,58,55,63,64,20,60,22,18,7,7,47,6,10,17,11,38,14,24,20,11,10,20,53,45,15,28,9,13,7,13,11,43,20,49,22,182.0,75.0,Right,3,1,,0,0,France,Ligue 2 BKT,Pau FC,noah raveyre
1550,1550,269435,Pascal Kuiper,M,22,GK,,0,59,62,59,58,60,25,57,24,27,4,9,44,9,7,13,10,29,13,23,15,14,13,27,22,48,11,36,14,13,5,10,12,40,20,56,24,194.0,87.0,Right,3,1,,0,0,Holland,Eredivisie,Sparta Rotterdam,pascal kuiper
1550,1550,245094,Patricio Albornoz,M,25,GK,,0,59,60,59,54,62,27,55,24,32,9,8,41,6,8,9,11,20,11,15,25,13,7,28,28,55,12,43,13,12,10,12,9,43,25,48,27,190.0,85.0,Right,3,1,,0,0,Argentina,LPF,Atlético Tucumán,patricio albornoz
1550,1550,263092,Paul Schermer,M,21,GK,,0,59,62,57,56,61,24,57,25,22,6,5,42,7,9,12,11,30,12,25,27,11,8,24,42,51,15,31,9,14,7,12,11,47,18,53,22,186.0,76.0,Right,2,1,,0,0,Austria,Ö. Bundesliga,WSG Tirol,paul schermer
1550,1550,262922,Paul Tschernuth,M,24,GK,,0,59,60,61,60,60,18,58,18,17,5,8,45,9,10,19,11,21,11,24,20,12,12,22,38,41,20,30,7,12,6,11,12,36,24,41,25,186.0,88.0,Right,2,1,,0,0,Austria,Bundesliga,Heidenheim,paul tschernuth
1550,1550,253065,Prabhsukhan Singh Gill,M,25,GK,,0,59,60,59,59,55,29,58,29,29,7,7,44,10,9,12,13,39,12,34,30,12,13,29,49,59,20,28,12,15,19,14,13,57,22,52,28,183.0,70.0,Left,1,1,,0,0,India,ISL,East Bengal,prabhsukhan singh gill
1550,1550,245502,Raghid Al Najjar,M,29,GK,,0,59,62,55,56,59,32,57,33,30,6,6,42,9,7,17,11,28,10,22,27,14,10,32,34,59,12,43,8,10,6,10,11,54,25,60,17,189.0,90.0,Right,2,1,,0,0,Saudi Arabia,ROSHN Saudi League,Al Nassr,raghid al najjar
1550,1550,265747,Rijk Janse,M,23,GK,,0,59,60,55,56,58,26,58,27,24,6,8,42,7,7,10,10,32,14,23,24,12,5,33,32,62,17,37,9,13,8,14,12,48,22,54,23,189.0,72.0,Right,3,1,,0,0,Holland,Eredivisie,N.E.C. Nijmegen,rijk janse
1550,1550,243905,Robin Mantel,M,25,GK,,0,59,57,59,56,63,24,56,24,24,7,9,42,5,5,16,10,22,14,22,25,12,7,37,28,49,19,38,12,10,7,13,12,58,17,74,22,198.0,87.0,Right,2,1,,0,0,Belgium,Eredivisie,Heracles Almelo,robin mantel
1550,1550,271748,Roy Steur,M,21,GK,,0,59,60,56,53,62,28,58,27,30,4,10,40,9,6,10,14,42,11,25,28,11,13,35,25,52,17,35,11,13,5,13,10,54,29,62,27,192.0,85.0,Right,3,1,,0,0,Holland,Eredivisie,FC Volendam,roy steur
1550,1550,213408,Ryan Boot,M,31,GK,,0,59,61,58,53,55,58,58,59,56,16,12,40,14,20,22,14,45,15,21,42,14,15,61,61,56,29,60,27,22,14,24,15,64,40,58,45,185.0,79.0,Right,2,1,,0,0,England,EFL League Two,Chesterfield,ryan boot
1550,1550,256989,Ryan Mullen,M,24,GK,,0,59,59,57,54,60,58,55,59,57,8,8,41,6,7,14,14,49,12,20,29,12,13,58,37,61,28,46,7,11,6,14,14,57,42,52,22,188.0,80.0,Right,3,1,,0,0,Scotland,Scottish Prem,St. Mirren,ryan mullen
1550,1550,76649,Saga Andersson,F,18,GK,,0,59,59,56,56,62,24,57,22,26,5,10,42,11,7,14,12,50,13,44,38,9,8,31,44,58,15,41,14,14,13,18,15,37,19,40,25,178.0,63.0,Right,3,1,,0,0,Sweden,Sverige Liga,FC Rosengård,saga andersson
1550,1550,269232,Sam Karssies,M,23,GK,,0,59,58,60,55,60,19,56,18,20,7,7,41,9,7,15,10,37,11,19,27,10,5,36,39,56,18,28,12,13,5,13,10,45,17,42,20,185.0,68.0,Right,3,1,,0,0,Holland,Eredivisie,FC Twente,sam karssies
1550,1550,228582,Sam Sargeant,M,28,GK,,0,59,63,58,55,59,45,55,49,40,16,11,41,13,16,19,13,46,13,24,24,16,17,32,60,53,17,27,18,14,12,15,19,43,26,33,18,188.0,75.0,Left,2,1,,0,0,England,SSE Airtricity PD,Sligo Rovers,sam sargeant
1550,1550,75704,Soffia Kelly,F,19,GK,,0,59,57,58,57,60,31,60,31,30,5,11,43,10,7,18,11,67,14,28,26,15,9,37,50,54,13,48,9,14,15,16,14,38,18,35,19,170.0,61.0,Right,3,1,,0,0,Wales,Barclays WSL,Aston Villa,soffia kelly
1550,1550,273836,Soledad Belotto,F,22,GK,,0,59,57,60,54,59,36,59,37,35,8,13,41,14,13,14,14,37,12,24,19,12,13,41,32,57,14,35,11,12,13,16,14,58,27,68,20,182.0,70.0,Right,3,1,,0,0,Paraguay,Liga F Moeve,Alhama CF,soledad belotto
1550,1550,72839,Stefano Mazzini,M,27,GK,,0,59,59,59,55,60,26,58,30,21,8,9,41,7,6,12,14,45,14,25,19,14,5,30,59,48,13,39,12,14,5,13,10,52,28,57,27,191.0,82.0,Right,2,1,,0,0,Italy,Serie BKT,Carrarese Calcio,stefano mazzini
1550,1550,273558,Stephen McMullan,M,21,GK,,0,59,61,56,56,62,49,57,50,48,5,6,42,9,8,18,14,45,13,25,40,11,8,29,43,50,20,33,8,14,5,15,14,51,28,47,29,182.0,78.0,Right,2,1,,0,0,Northern Ireland,SSE Airtricity PD,Waterford,stephen mcmullan
1550,1550,218593,Stuart Moore,M,31,GK,,0,59,60,58,56,60,49,59,45,54,19,15,42,18,20,29,18,36,14,38,30,15,18,48,46,52,27,33,26,18,12,19,20,55,26,53,36,194.0,88.0,Right,2,1,,0,0,England,EFL League One,Wycombe,stuart moore
1550,1550,255014,Teddy Bartouche-Selbonne,M,28,GK,,0,59,63,58,57,64,27,55,19,38,5,7,43,5,5,15,14,33,11,20,19,13,5,37,46,40,17,23,12,15,11,11,13,45,30,51,19,178.0,70.0,Right,2,1,,0,0,France,Ligue 2 BKT,En Avant Guingamp,teddy bartouche selbonne
1550,1550,245854,Théo Vermot,M,29,GK,,0,59,62,54,61,64,24,56,26,22,9,6,46,7,8,16,12,27,13,26,28,11,8,33,28,48,12,22,11,11,8,13,10,53,25,63,26,190.0,75.0,Right,2,1,,0,0,France,Ligue 1 McDonald's,OM,theo vermot
1550,1550,273778,Tim Goller,M,21,GK,,0,59,60,59,55,57,21,63,17,28,4,9,41,5,5,12,11,27,12,25,18,12,5,39,28,44,15,39,11,14,7,14,12,51,28,62,26,193.0,84.0,Right,2,1,,0,0,Germany,Bundesliga 2,Hertha BSC,tim goller
1550,1550,264111,Tobias Haahr Jakobsen,M,22,GK,,0,59,59,58,59,59,36,55,35,37,11,10,44,10,12,22,16,47,15,34,32,15,16,40,42,55,24,36,12,14,12,15,15,46,26,45,26,188.0,78.0,Right,3,1,,0,0,Denmark,3F Superliga,Vejle Boldklub,tobias haahr jakobsen
1550,1550,247058,Tom Hendriks,M,23,GK,,0,59,59,59,56,57,27,58,28,26,7,7,42,6,4,13,12,35,11,19,22,11,13,32,40,59,14,33,7,12,5,10,12,56,22,68,24,198.0,77.0,Right,2,1,,0,0,Holland,3. Liga,Aleman. Aachen,tom hendriks
1550,1550,277644,Tom Negrel,M,22,GK,,0,59,56,57,60,62,23,61,21,25,4,4,45,9,5,13,11,33,10,34,30,23,9,34,28,49,11,34,9,11,5,12,13,45,21,52,28,192.0,75.0,Right,3,1,,0,0,France,Ligue 1 McDonald's,AJ Auxerre,tom negrel
1550,1550,254021,Valentin Rabouille,M,25,GK,,0,59,62,61,54,63,56,53,58,53,6,7,41,8,7,11,11,34,10,23,21,10,14,37,50,50,14,33,6,14,6,10,13,58,26,53,24,187.0,80.0,Right,2,1,,0,0,France,Ligue 2 BKT,Red Star FC,valentin rabouille
1550,1550,271546,Valentyn Morgun,M,24,GK,,0,59,60,57,57,61,36,59,35,37,7,11,43,14,12,10,11,28,13,25,23,9,15,36,30,46,21,23,13,10,8,10,9,52,25,56,27,189.0,78.0,Right,3,1,,0,0,Ukraine,Ukrayina Liha,Dynamo Kyiv,valentyn morgun
1550,1550,225166,Xavier Lenogue,M,29,GK,,0,59,63,54,55,58,46,55,46,45,6,6,41,14,16,12,7,29,10,16,20,13,8,38,36,60,13,49,16,7,8,10,11,63,39,72,13,194.0,84.0,Right,2,1,,0,0,France,Ligue 2 BKT,US Boulogne,xavier lenogue
1550,1550,71772,Ángel Espínola,M,23,GK,,0,59,56,57,58,61,24,59,26,21,7,7,44,9,9,13,12,25,13,40,38,13,13,58,33,58,25,32,6,12,8,14,12,46,24,50,19,188.0,92.0,Right,2,1,,0,0,Argentina,Sudamericana,Sportivo Luqueño,angel espinola
1628,1628,279014,Alby Kelly-Heald,M,21,GK,,0,58,61,56,58,54,24,55,20,31,8,5,44,6,6,15,10,35,10,26,26,14,7,36,24,58,17,39,6,14,7,10,13,49,26,58,16,196.0,83.0,Right,3,1,,0,0,New Zealand,A-League,Well. Phoenix,alby kelly heald
1628,1628,75739,Alexis Mirbach,M,21,GK,,0,58,65,56,55,59,37,53,33,42,7,9,41,6,8,15,9,42,11,19,25,13,8,35,45,48,17,28,11,13,13,13,11,49,29,53,26,192.0,78.0,Right,2,1,,0,0,France,Ligue 1 McDonald's,FC Nantes,alexis mirbach
1628,1628,275000,Alf Lukas Grønneberg,M,21,GK,,0,58,59,56,56,60,27,57,26,28,6,5,42,6,7,12,11,38,13,19,21,11,10,31,34,51,10,33,8,10,5,12,12,42,16,46,21,184.0,71.0,Right,3,1,,0,0,Norway,Eliteserien,Sandefjord,alf lukas gr nneberg
1628,1628,75810,Amil Šiljević,M,19,GK,,0,58,59,54,59,62,18,54,18,19,6,7,44,6,7,9,13,26,11,21,22,11,9,21,28,55,17,20,6,11,6,12,8,50,18,61,23,188.0,78.0,Right,3,1,,0,0,Germany,Bundesliga,Frankfurt,amil siljevic
1628,1628,74211,Andrés Céspedes,M,21,GK,,0,58,59,58,48,57,26,56,28,24,7,6,36,8,5,15,14,38,14,16,27,10,10,25,38,54,17,31,13,13,8,13,12,51,22,57,20,186.0,80.0,Right,2,1,,0,0,Spain,LALIGA HYPERMOTION,Málaga CF,andres cespedes
1628,1628,73174,Antonio Spagnoli,M,20,GK,,0,58,62,57,58,57,20,53,15,27,7,9,44,5,9,13,11,36,10,27,29,14,12,24,48,54,12,21,6,14,5,13,10,44,19,53,17,185.0,78.0,Right,2,1,,0,0,Switzerland,Brack Super League,FC Winterthur,antonio spagnoli
1628,1628,79786,Azamat Uriev,M,21,GK,,0,58,56,54,50,59,16,59,15,18,6,9,38,7,6,19,10,32,13,19,17,11,14,29,29,56,15,34,12,13,6,10,10,47,26,59,24,190.0,80.0,Right,3,1,,0,0,France,Ligue 2 BKT,US Boulogne,azamat uriev
1628,1628,211387,Ben Lundt,M,30,GK,,0,58,58,57,57,61,45,60,45,44,19,6,43,18,16,10,14,35,16,21,19,17,11,41,39,45,16,17,29,18,28,24,22,63,40,69,38,198.0,99.0,Right,1,1,,0,0,Germany,MLS,St. Louis CITY SC,ben lundt
1628,1628,262559,Ben Winterbottom,M,24,GK,,0,58,62,60,64,59,27,55,33,19,4,8,48,6,6,18,10,54,14,41,44,11,19,37,36,34,32,39,6,14,6,10,13,49,24,52,21,188.0,66.0,Right,3,1,,0,0,England,EFL League Two,Barrow,ben winterbottom
1628,1628,214525,David Richards,M,32,GK,,0,58,57,57,56,60,35,55,36,34,7,14,42,13,12,26,13,45,19,37,35,13,14,35,45,54,23,40,14,19,9,18,14,57,25,60,27,186.0,78.0,Right,2,1,,0,0,Wales,Scottish Prem,Dundee United,david richards
1628,1628,72522,Dominik Draband,M,30,GK,,0,58,60,55,55,60,16,59,16,16,7,6,41,8,8,18,11,28,10,18,21,10,8,34,35,46,14,33,9,10,7,14,13,50,28,64,21,186.0,78.0,Right,3,1,,0,0,Germany,3. Liga,VfB Stuttgart II,dominik draband
1628,1628,279706,Duran Ferree,M,19,GK,,0,58,58,57,58,57,22,56,17,30,8,6,44,5,7,13,11,32,11,21,16,14,10,29,41,55,18,21,14,12,5,10,11,39,20,46,19,185.0,80.0,Right,3,1,,0,0,United States,MLS,San Diego FC,duran ferree
1628,1628,277904,Eddie Beach,M,22,GK,,0,58,59,55,54,60,30,56,28,32,10,10,41,10,10,13,10,20,11,18,20,11,13,35,30,53,18,30,11,11,11,10,11,50,25,57,30,196.0,84.0,Right,2,1,,0,0,Wales,Scottish Prem,Kilmarnock,eddie beach
1628,1628,79737,Enis Kamga,M,18,GK,,0,58,54,60,57,60,18,59,16,20,8,9,43,8,6,12,14,39,11,21,16,14,11,36,25,44,11,30,8,12,6,12,14,55,18,71,20,195.0,85.0,Right,3,1,,0,0,Germany,Bundesliga 2,Kaiserslautern,enis kamga
1628,1628,264068,Ethan Cox,M,22,GK,,0,58,59,57,55,58,33,55,31,36,6,5,41,9,6,15,11,33,13,21,21,14,12,37,42,52,16,23,7,11,9,11,12,39,23,43,20,182.0,73.0,Right,2,1,,0,0,Australia,A-League,Adelaide United,ethan cox
1628,1628,274489,Fabian Pekruhl,M,27,GK,,0,58,53,58,61,64,25,56,27,23,4,8,46,7,5,10,14,30,10,19,29,14,9,24,27,52,19,25,9,13,9,12,14,55,22,66,27,193.0,87.0,Right,3,1,,0,0,Germany,3. Liga,SC Verl,fabian pekruhl
1628,1628,76459,Federico Losas,M,24,GK,,0,58,66,60,64,45,21,66,17,26,4,5,48,8,8,11,14,31,12,27,20,13,10,22,43,40,15,32,6,10,17,10,14,31,29,31,21,184.0,76.0,Right,2,1,,0,0,Argentina,LPF,Platense,federico losas
1628,1628,80557,Freek Entius,M,19,GK,,0,58,58,54,57,59,20,55,19,21,7,7,43,7,5,12,12,37,14,25,19,14,5,34,43,57,15,34,14,12,9,14,11,44,21,52,26,185.0,70.0,Right,3,1,,0,0,Holland,Eredivisie,N.E.C. Nijmegen,freek entius
1628,1628,225213,Gurpreet Singh Sandhu,M,34,GK,,0,58,56,57,59,57,41,59,42,40,16,13,44,13,16,15,20,40,20,24,27,14,13,38,37,55,23,57,23,18,19,15,11,62,36,70,23,197.0,92.0,Right,2,1,Far Throw|Long Ball Pass,2,0,India,ISL,Bengaluru FC,gurpreet singh sandhu
1628,1628,228526,Hwang ByeongGeun,M,31,GK,,0,58,58,57,54,59,26,56,26,26,16,16,41,12,20,18,12,48,17,23,23,16,13,30,36,57,17,27,19,18,25,18,20,56,19,66,20,193.0,93.0,Right,2,1,,0,0,Korea Republic,K League 1,FC Anyang,hwang byeonggeun
1628,1628,239019,James Delianov,M,26,GK,,0,58,58,57,59,58,30,55,28,34,6,7,44,5,5,22,14,31,12,31,30,10,10,32,33,58,20,39,6,11,7,12,13,53,30,63,39,188.0,87.0,Right,3,1,,0,0,Australia,A-League,Newcastle Jets,james delianov
1628,1628,79450,Janne Krumme,F,18,GK,,0,58,57,56,58,60,26,55,29,21,9,7,44,8,7,17,13,28,14,31,19,16,11,22,51,53,13,38,9,18,10,15,12,39,23,36,17,180.0,70.0,Right,1,1,,0,0,Germany,GPFBL,Frankfurt,janne krumme
1628,1628,77270,Jasper Silva Torkildsen,M,22,GK,,0,58,58,59,57,57,26,56,26,26,7,5,43,8,6,13,14,36,11,26,29,10,12,34,24,57,12,24,11,12,9,12,11,52,27,60,16,195.0,81.0,Right,3,1,,0,0,Norway,Eliteserien,Strømsgodset IF,jasper silva torkildsen
1628,1628,251522,Joe Hilton,M,26,GK,,0,58,57,58,55,60,29,54,30,27,9,10,41,8,8,18,11,30,14,18,26,13,10,36,20,53,18,35,13,12,7,12,15,57,26,70,30,195.0,83.0,Right,3,1,Cross Claimer|Footwork,2,0,England,EFL League One,Bradford City,joe hilton
1628,1628,223827,Joe McDonnell,M,31,GK,,0,58,58,56,54,62,28,58,27,29,10,11,41,15,12,20,12,20,13,31,34,17,10,26,25,50,20,38,11,13,11,15,13,36,27,36,16,178.0,70.0,Right,2,1,Cross Claimer,1,0,England,EFL League One,AFC Wimbledon,joe mcdonnell
1628,1628,277290,Jonah Busse,M,20,GK,,0,58,57,61,56,59,23,58,22,24,8,9,42,6,9,17,11,30,11,16,18,16,12,30,22,47,17,30,10,14,9,10,14,52,22,60,25,190.0,80.0,Right,3,1,,0,0,Germany,3. Liga,TSV Havelse,jonah busse
1628,1628,75806,Jordan Farr,M,31,GK,,0,58,59,58,60,57,22,61,23,20,7,5,45,6,7,17,10,36,11,15,19,11,6,22,43,40,15,39,11,11,7,13,13,42,17,49,26,185.0,74.0,Right,2,1,,0,0,United States,MLS,D.C. United,jordan farr
1628,1628,233970,Jordan Wright,M,27,GK,,0,58,61,54,58,61,21,56,20,22,10,5,44,6,6,15,13,38,11,28,22,12,11,35,28,51,12,37,15,17,17,14,14,42,24,46,28,190.0,86.0,Right,2,1,,0,0,England,EFL League Two,Newport County,jordan wright
1628,1628,277825,Jorge Benito,M,19,GK,,0,58,61,58,59,58,31,55,33,29,9,9,44,6,8,13,15,26,12,27,26,12,8,38,52,52,16,33,7,13,6,13,12,52,22,55,24,182.0,76.0,Right,3,1,,0,0,Spain,LALIGA EA SPORTS,Getafe CF,jorge benito
1628,1628,74005,Kevin Morgan,M,22,GK,,0,58,63,60,51,63,37,47,35,39,7,9,38,5,9,16,10,24,11,22,16,13,10,37,32,47,12,37,8,11,6,10,11,55,18,62,21,186.0,81.0,Right,2,1,,0,0,Uruguay,Libertadores,Peñarol,kevin morgan
1628,1628,278933,Kieren Flavell,M,22,GK,,0,58,59,57,56,58,26,57,29,22,5,6,42,7,7,12,10,25,12,40,24,11,7,35,30,54,19,25,7,11,9,12,12,53,30,60,19,197.0,86.0,Right,2,1,,0,0,England,EFL League One,Barnsley,kieren flavell
1628,1628,223988,Lewis Ward,M,29,GK,,0,58,58,57,59,59,45,57,46,44,14,15,44,19,15,19,16,33,17,44,24,16,19,41,47,53,27,29,23,16,14,19,12,53,38,51,36,195.0,81.0,Right,2,1,,0,0,England,EFL League Two,Swindon Town,lewis ward
1628,1628,242382,Luca Ashby-Hammond,M,25,GK,,0,58,59,58,56,62,24,54,23,26,4,8,42,9,6,45,13,32,10,28,15,10,19,25,20,52,21,38,8,11,9,14,10,42,15,48,14,185.0,76.0,Right,3,1,,0,0,England,EFL League One,Plymouth Argyle,luca ashby hammond
1628,1628,273044,Magnus Brøndbo,M,21,GK,,0,58,58,56,57,59,34,56,34,35,8,6,43,9,6,19,12,47,12,33,33,10,16,39,58,51,25,35,10,11,10,10,14,48,30,52,25,188.0,76.0,Right,2,1,,0,0,Norway,Eliteserien,FK Bodø/Glimt,magnus br ndbo
1628,1628,186494,Mark Oxley,M,35,GK,,0,58,56,56,60,58,30,60,31,28,14,12,45,14,15,13,13,43,11,35,38,16,15,53,52,55,23,45,26,11,20,13,13,55,30,65,40,190.0,87.0,Right,2,1,,0,0,England,EFL League Two,Harrogate Town,mark oxley
1628,1628,72959,Marlon Zacharias,M,21,GK,,0,58,57,59,54,63,41,50,41,42,10,6,41,7,6,13,12,35,14,27,27,11,5,34,36,59,15,23,10,11,12,11,12,54,23,58,23,189.0,78.0,Right,3,1,,0,0,Germany,3. Liga,SC Verl,marlon zacharias
1628,1628,231861,Mason Stajduhar,M,28,GK,,0,58,59,56,58,60,33,57,35,31,18,15,44,17,15,12,13,25,14,28,20,12,13,29,34,53,14,36,18,14,6,10,10,54,26,59,17,188.0,86.0,Right,2,1,Far Throw,1,0,United States,MLS,Real Salt Lake,mason stajduhar
1628,1628,222612,Michael Kelly,M,29,GK,,0,58,59,58,56,58,29,59,30,27,19,11,42,11,19,22,13,36,13,28,24,19,16,28,40,50,20,36,16,14,14,17,16,63,37,78,18,196.0,86.0,Right,2,1,,0,0,Republic of Ireland,EFL League Two,Accrington,michael kelly
1628,1628,248292,Mohammad Nawaz,M,26,GK,,0,58,59,55,59,62,39,55,37,43,5,9,44,6,6,14,10,53,14,24,22,10,10,60,61,51,17,30,7,11,8,12,12,46,26,30,19,174.0,70.0,Right,3,1,,0,0,India,ISL,Chennaiyin FC,mohammad nawaz
1628,1628,254792,Mohammed Al Mahasna,M,28,GK,,0,58,57,54,54,61,43,60,42,45,7,5,41,9,6,14,14,46,12,29,22,13,9,43,50,54,12,35,8,13,7,10,8,54,28,55,33,180.0,71.0,Right,3,1,,0,0,Saudi Arabia,ROSHN Saudi League,Al Shabab,mohammed al mahasna
1628,1628,275272,Myles Roberts,M,24,GK,,0,58,63,55,52,61,38,59,35,42,12,14,39,12,11,15,11,37,10,21,30,19,6,27,25,40,17,30,10,17,6,10,12,51,21,54,20,193.0,78.0,Right,3,1,,0,0,England,EFL League Two,Walsall,myles roberts
1628,1628,266649,Nando Verdoni,M,22,GK,,0,58,57,56,61,58,27,56,26,29,6,6,46,5,6,19,10,33,14,24,29,10,6,31,33,54,19,39,13,11,6,10,13,45,20,50,21,188.0,75.0,Right,3,1,,0,0,Holland,Eredivisie,Go Ahead Eagles,nando verdoni
1628,1628,278440,Nazareno Durán,M,21,GK,,0,58,57,55,52,59,21,57,25,16,3,6,39,6,9,11,12,32,13,26,18,13,8,39,56,56,11,29,11,14,9,13,14,52,26,60,25,189.0,82.0,Right,3,1,,0,0,Argentina,LPF,Huracán,nazareno duran
1628,1628,278554,Niels Devalckeneer,M,21,GK,,0,58,59,57,56,60,23,54,19,28,5,5,42,6,8,18,18,35,9,30,25,20,10,25,21,50,11,35,14,10,5,11,14,34,17,38,30,193.0,86.0,Right,3,1,Cross Claimer,1,0,Belgium,1A Pro League,Royal Antwerp FC,niels devalckeneer
1628,1628,74425,Noah Jauny,M,21,GK,,0,58,64,54,51,61,28,56,22,36,6,9,38,6,7,15,12,31,10,27,22,13,10,27,26,43,14,27,12,14,8,10,13,53,29,65,22,194.0,81.0,Right,2,1,,0,0,Republic of Ireland,Ligue 1 McDonald's,Stade Brestois 29,noah jauny
1628,1628,258399,Owen Jochmans,M,23,GK,,0,58,65,61,54,62,22,52,21,24,3,8,41,11,8,17,11,18,12,13,23,11,11,28,48,38,12,21,7,18,8,11,22,35,15,33,14,185.0,70.0,Right,3,1,,0,0,Belgium,1A Pro League,OH Leuven,owen jochmans
1628,1628,264851,Owen Mason,M,22,GK,,0,58,61,57,58,58,29,56,30,27,5,5,44,7,6,14,13,42,11,34,36,12,14,46,54,53,22,48,18,14,16,13,12,57,34,68,26,198.0,86.0,Right,2,1,,0,0,Republic of Ireland,EFL League One,Mansfield Town,owen mason
1628,1628,272314,Peng Peng,M,25,GK,,0,58,58,56,52,65,17,57,18,16,5,8,39,9,5,16,14,42,13,22,35,18,14,38,33,48,10,33,8,11,9,11,12,48,26,59,18,185.0,75.0,Right,2,1,,0,0,China PR,CSL,SZ Peng City,peng peng
1628,1628,74019,Riana Gmür,F,19,GK,,0,58,58,57,55,57,24,56,21,29,4,5,41,6,8,18,14,26,10,20,19,10,14,21,45,55,13,28,14,10,7,11,10,33,19,35,16,168.0,58.0,Right,3,1,,0,0,Switzerland,Schweizer Damen Liga,FC Zürich,riana gmur
1628,1628,77838,Robin Lisewski,M,20,GK,,0,58,60,55,53,66,27,53,31,21,6,5,40,9,9,12,11,26,10,20,26,10,12,23,29,48,15,27,11,14,5,14,10,52,26,56,19,195.0,80.0,Right,3,1,,0,0,Poland,Bundesliga 2,1. FC Nürnberg,robin lisewski
1628,1628,207528,Ross Fitzsimons,M,31,GK,,0,58,59,59,51,60,31,52,34,27,7,14,38,12,19,19,13,32,20,25,22,15,14,38,44,60,19,49,19,14,29,20,12,49,27,51,35,185.0,75.0,Right,3,1,Cross Claimer,1,0,England,EFL League One,Northampton,ross fitzsimons
1628,1628,229393,Sam Hornby,M,31,GK,,0,58,60,57,54,62,51,54,55,46,13,11,41,18,12,14,11,44,13,37,44,19,13,38,51,52,16,45,12,12,19,13,20,60,24,58,17,185.0,80.0,Left,2,1,,0,0,England,EFL League Two,Walsall,sam hornby
1628,1628,258056,Sam Long,M,23,GK,,0,58,62,55,59,58,42,54,40,45,10,11,44,12,12,16,14,38,11,24,22,10,10,49,53,56,14,24,12,13,15,11,12,50,33,51,15,188.0,80.0,Right,3,1,,0,0,Scotland,EFL League Two,Bromley FC,sam long
1628,1628,248325,TP Rehenesh,M,33,GK,,0,58,56,58,56,60,39,58,31,51,8,6,42,9,6,17,12,24,13,20,23,12,7,31,43,53,14,28,12,13,8,13,11,54,19,49,23,180.0,75.0,Right,2,1,Cross Claimer|Far Throw,2,0,India,ISL,Mumbai City FC,tp rehenesh
1628,1628,76472,Thomas Turner,M,28,GK,,0,58,57,54,58,61,27,57,23,33,8,9,44,12,11,18,16,37,14,24,25,18,11,32,31,56,23,32,14,15,12,16,13,53,23,62,26,191.0,80.0,Left,1,1,,0,0,Austria,Ö. Bundesliga,Blau-Weiss Linz,thomas turner
1628,1628,71838,Tim Pfeiffer,M,20,GK,,0,58,59,59,59,55,20,57,16,27,7,8,44,9,7,15,14,21,10,29,29,14,13,39,37,48,15,33,10,10,5,13,10,50,21,63,25,187.0,72.0,Right,2,1,,0,0,Germany,Brack Super League,FC Basel 1893,tim pfeiffer
1628,1628,76777,Tim Philipp,M,20,GK,,0,58,58,57,60,60,24,56,20,30,7,9,45,8,6,17,13,37,10,20,25,9,12,30,28,49,17,25,12,18,8,9,9,52,25,61,20,192.0,83.0,Right,2,1,,0,0,Germany,3. Liga,TSG Hoffenheim II,tim philipp
1628,1628,70522,Tyler Doğan,M,20,GK,,0,58,61,55,57,62,24,58,21,28,7,6,43,8,5,11,12,24,14,22,23,13,7,38,31,40,11,38,11,12,5,14,10,51,24,62,24,188.0,86.0,Right,3,1,,0,0,Turkey,Bundesliga 2,Holstein Kiel,tyler dogan
1628,1628,278972,Wiktor Koptas,M,21,GK,,0,58,59,57,54,61,24,56,20,31,5,5,41,7,6,17,10,29,13,24,26,13,5,21,35,47,19,30,10,14,6,12,13,41,17,46,16,188.0,76.0,Right,2,1,,0,0,Poland,PKO BP Ekstraklasa,Radomiak Radom,wiktor koptas
1628,1628,250865,Zach Jeacock,M,24,GK,,0,58,57,56,60,60,29,57,32,24,6,8,45,9,8,15,14,39,13,22,24,11,11,29,34,53,18,30,11,11,5,11,12,44,26,48,18,191.0,77.0,Right,3,1,,0,0,England,EFL League One,Lincoln City,zach jeacock
1628,1628,261703,Ángel González,M,23,GK,,0,58,58,56,58,60,29,56,28,30,7,6,44,8,8,18,10,55,11,25,17,9,7,25,25,51,16,39,8,11,8,11,12,50,28,58,25,190.0,81.0,Right,2,1,,0,0,Paraguay,Libertadores,Libertad,angel gonzalez
1689,1689,73013,Aki Koch,M,22,GK,,0,57,60,56,59,62,23,57,25,20,4,6,44,6,5,13,11,29,13,20,17,13,9,34,48,38,18,24,12,11,8,11,13,50,20,59,21,187.0,76.0,Right,3,1,,0,0,Germany,Bundesliga 2,Karlsruher SC,aki koch
1689,1689,270921,André Picornell,M,21,GK,,0,57,59,58,57,58,30,57,30,31,4,9,43,8,6,17,14,26,13,19,15,11,5,31,34,41,17,28,6,12,9,10,10,48,23,54,26,188.0,78.0,Left,3,1,,0,0,Sweden,Liga Portugal,Gil Vicente,andre picornell
1689,1689,78756,Augustin Delbecque,M,24,GK,,0,57,56,59,51,59,21,62,23,18,8,7,38,9,8,16,11,31,12,29,26,12,7,36,38,37,12,35,14,10,9,10,11,45,19,53,22,187.0,76.0,Right,3,1,,0,0,France,Ligue 2 BKT,Le Mans FC,augustin delbecque
1689,1689,268069,Bas Langenbick,M,23,GK,,0,57,62,57,55,61,21,53,20,23,4,9,41,9,7,11,12,28,10,25,21,12,8,25,31,38,15,15,8,20,7,13,23,36,15,35,14,189.0,72.0,Right,2,1,,0,0,Belgium,1A Pro League,Cercle Brugge,bas langenbick
1689,1689,79551,Bastian Holm,M,21,GK,,0,57,58,56,56,58,19,55,20,17,6,7,42,6,8,17,11,35,10,27,22,10,11,37,31,53,18,21,6,12,6,10,13,41,19,49,24,187.0,76.0,Right,3,1,,0,0,Denmark,3F Superliga,Silkeborg IF,bastian holm
1689,1689,77226,Benicio Peña,M,23,GK,,0,57,57,58,57,55,24,58,18,32,7,9,43,7,8,12,14,27,12,18,24,11,12,34,49,51,16,30,8,14,7,16,15,44,27,52,25,184.0,81.0,Right,2,1,,0,0,Denmark,3F Superliga,Sønderjyske,benicio pena
1689,1689,257138,Blondy Nna Noukeu,M,24,GK,,0,57,58,55,55,61,35,53,36,34,7,7,41,9,5,19,13,36,12,30,38,10,8,32,41,53,15,30,9,11,7,10,14,45,26,47,19,184.0,76.0,Right,2,1,,0,0,Cameroon,Premier League,Sunderland,blondy nna noukeu
1689,1689,72026,Callan McKenna,M,19,GK,,0,57,56,55,55,56,30,56,28,33,4,5,41,9,8,18,10,29,13,27,25,12,14,25,25,55,18,33,10,14,8,13,12,50,27,56,16,188.0,76.0,Right,2,1,,0,0,Scotland,Premier League,AFC Bournemouth,callan mckenna
1689,1689,234301,Choi Cheol Won,M,31,GK,,0,57,59,56,53,57,29,57,30,27,14,16,40,17,17,12,13,47,11,25,27,14,15,28,30,52,19,30,10,12,14,14,12,54,37,62,20,194.0,87.0,Right,2,1,,0,0,Korea Republic,K League 1,FC Seoul,choi cheol won
1689,1689,264764,Conor Walsh,M,21,GK,,0,57,59,56,55,57,23,57,23,24,5,9,41,7,7,11,11,51,13,21,17,11,14,30,33,43,13,24,7,12,7,14,14,45,26,53,26,193.0,67.0,Right,2,1,,0,0,Republic of Ireland,SSE Airtricity PD,Sligo Rovers,conor walsh
1689,1689,71475,César Bautista,M,19,GK,,0,57,60,51,57,60,21,55,22,19,10,8,43,8,7,21,14,35,16,21,27,15,10,25,28,55,20,30,15,15,9,14,16,52,28,62,28,193.0,80.0,Right,2,1,,0,0,Peru,Libertadores,Sporting Cristal,cesar bautista
1689,1689,255208,Dakota Ochsenham,M,26,GK,,0,57,58,60,62,58,34,56,35,33,7,9,47,9,7,11,12,37,14,26,16,12,10,35,29,39,17,35,12,13,6,15,15,53,20,58,17,192.0,85.0,Right,2,1,,0,0,Australia,A-League,Melbourne City,dakota ochsenham
1689,1689,228998,Dario Marzino,M,29,GK,,0,57,63,52,53,60,47,53,46,48,13,16,40,17,18,24,12,25,21,24,20,12,12,33,57,54,20,43,24,20,14,20,21,62,44,64,17,184.0,80.0,Right,2,1,,0,0,Switzerland,Brack Super League,BSC Young Boys,dario marzino
1689,1689,260018,David Odumosu,M,25,GK,,0,57,57,56,53,58,59,56,58,60,6,9,40,5,9,14,22,42,13,50,40,10,11,60,60,55,30,40,12,11,8,11,14,62,28,60,35,187.0,80.0,Right,3,1,,0,0,Republic of Ireland,SSE Airtricity PD,Cork City,david odumosu
1689,1689,75137,Davide Marfella,M,26,GK,,0,57,53,56,57,58,24,59,22,26,10,10,43,7,8,18,15,33,12,22,21,15,11,42,51,51,15,42,16,15,10,13,12,50,33,58,26,183.0,75.0,Right,3,1,,0,0,Italy,Serie BKT,Bari,davide marfella
1689,1689,268108,Dirk Baron,M,23,GK,,0,57,57,62,54,57,24,56,20,31,4,9,41,5,5,14,14,27,13,16,15,10,11,37,29,40,18,36,12,14,5,10,14,48,18,57,21,190.0,78.0,Right,3,1,,0,0,Holland,Eredivisie,FC Groningen,dirk baron
1689,1689,256923,Dixon Contreras,M,23,GK,,0,57,60,54,57,55,23,53,24,22,4,8,43,5,9,12,11,35,14,21,20,13,10,30,44,56,11,18,12,10,7,10,13,36,21,42,19,180.0,75.0,Right,2,1,,0,0,Chile,Sudamericana,Palestino,dixon contreras
1689,1689,78787,Dominik Stöger,M,19,GK,,0,57,53,56,57,59,25,57,22,29,9,9,43,12,8,18,16,33,14,31,27,15,11,31,26,57,14,36,15,19,12,17,15,59,30,74,32,200.0,88.0,Right,1,1,,0,0,Austria,Ö. Bundesliga,SV Oberbank Ried,dominik stoger
1689,1689,275419,Duke Verduin,M,22,GK,,0,57,57,56,50,57,31,57,32,29,10,10,38,10,10,14,13,30,11,16,16,15,15,40,37,55,11,35,9,13,8,15,13,52,26,57,18,195.0,82.0,Right,3,1,,0,0,Holland,Eredivisie,PEC Zwolle,duke verduin
1689,1689,75849,Einar Bøe Fauskanger,M,17,GK,,0,57,55,56,55,58,17,57,17,18,8,6,41,7,8,11,14,42,12,19,16,14,6,23,38,54,18,21,6,13,9,14,14,51,28,64,20,189.0,77.0,Right,3,1,,0,0,Norway,Eliteserien,FK Haugesund,einar b e fauskanger
1689,1689,274988,Elyh Harrison,M,20,GK,,0,57,57,55,59,58,48,56,48,48,10,5,44,7,7,19,14,43,10,35,34,13,13,45,39,53,30,45,15,13,13,12,13,41,20,30,23,182.0,70.0,Right,2,1,,0,0,England,EFL League Two,Shrewsbury,elyh harrison
1689,1689,73675,Emma Templier,F,24,GK,,0,57,59,64,59,58,26,53,24,28,5,5,44,5,6,18,9,32,11,30,20,9,8,39,42,37,10,26,7,12,5,11,10,33,15,30,25,168.0,56.0,Right,2,1,,0,0,France,Arkema PL,AS Saint Étienne,emma templier
1689,1689,77439,Evan Watts,M,21,GK,,0,57,57,55,68,56,19,55,15,25,7,7,51,6,5,12,11,39,12,15,38,10,8,30,41,49,17,32,14,12,7,13,13,34,22,41,24,182.0,78.0,Right,2,1,,0,0,Wales,SSE Airtricity PD,Galway United,evan watts
1689,1689,73134,Fabian Heck,M,20,GK,,0,57,58,58,59,57,25,56,25,26,7,8,44,7,7,12,10,38,10,30,28,12,13,23,24,41,11,30,12,14,6,11,10,53,21,61,22,194.0,82.0,Right,2,1,,0,0,Luxembourg,Bundesliga 2,Kaiserslautern,fabian heck
1689,1689,77589,Fernando Dickes,M,18,GK,,0,57,60,56,55,59,34,52,35,33,8,7,41,7,8,18,20,40,13,29,28,18,15,41,23,50,25,36,12,12,20,10,14,52,25,56,30,193.0,89.0,Left,3,1,,0,0,Germany,Bundesliga,Hamburger SV,fernando dickes
1689,1689,274411,Han Tae Hui,M,21,GK,,0,57,55,54,57,57,33,55,31,35,20,15,43,19,20,34,13,36,24,23,22,23,25,33,26,57,27,46,15,31,11,9,10,65,33,71,31,197.0,83.0,Right,3,1,,0,0,Korea Republic,K League 1,Daegu FC,han tae hui
1689,1689,251777,Ionuț Pop,M,28,GK,,0,57,55,55,56,59,28,55,33,21,4,9,42,7,6,18,11,32,10,15,24,10,6,37,41,52,14,21,12,13,13,14,13,40,24,43,28,190.0,80.0,Right,2,1,,0,0,Romania,SUPERLIGA,FC Hermannstadt,ionut pop
1689,1689,270757,James Pradic,M,20,GK,,0,57,59,58,52,56,30,55,33,26,4,5,39,9,8,19,10,28,11,17,30,14,7,31,38,48,17,32,9,10,5,11,14,48,18,54,17,190.0,81.0,Right,3,1,,0,0,Wales,EFL Championship,Preston,james pradic
1689,1689,240763,Jamie Sneddon,M,28,GK,,0,57,56,57,55,59,35,56,36,33,8,8,41,5,6,15,10,33,10,21,23,10,12,29,44,48,18,30,8,10,15,13,11,39,22,41,27,184.0,75.0,Left,2,1,,0,0,Scotland,Scottish Prem,Falkirk,jamie sneddon
1689,1689,78285,Jan Eicher,M,22,GK,,0,57,54,55,55,61,29,59,29,29,8,8,41,6,7,10,11,30,14,19,28,11,6,28,36,48,10,39,8,14,7,12,12,44,20,48,26,186.0,80.0,Right,2,1,,0,0,Switzerland,Brack Super League,FC Thun,jan eicher
1689,1689,72724,Jassim Al Ashban,M,31,GK,,0,57,56,54,49,62,44,53,46,41,7,5,37,6,6,17,10,21,11,24,18,10,14,49,60,55,11,25,7,11,7,12,11,52,18,53,25,182.0,75.0,Right,2,1,,0,0,Saudi Arabia,ROSHN Saudi League,Al Kholood,jassim al ashban
1689,1689,271490,Javi Garrido,M,22,GK,,0,57,58,53,67,60,28,57,27,29,7,7,50,6,6,16,11,28,13,21,20,14,9,24,38,45,19,36,7,12,8,11,16,38,23,43,20,186.0,70.0,Right,3,1,,0,0,Spain,LALIGA HYPERMOTION,CD Leganés,javi garrido
1689,1689,71921,Joakim Persson,M,19,GK,,0,57,56,55,54,57,26,56,27,24,8,9,41,5,9,11,14,33,14,25,15,13,9,21,32,56,17,22,12,13,7,14,10,46,25,51,21,191.0,75.0,Right,3,1,,0,0,Sweden,Allsvenskan,Malmö FF,joakim persson
1689,1689,52679,Joe Murphy,M,44,GK,,0,57,56,57,56,56,27,58,27,28,7,13,42,14,12,15,10,57,10,44,52,17,10,30,36,52,32,58,15,12,22,17,13,42,18,46,31,188.0,88.0,Left,3,1,,0,0,Republic of Ireland,EFL League Two,Tranmere Rovers,joe murphy
1689,1689,251563,Joe Wright,M,24,GK,,0,57,57,54,55,59,18,58,16,20,5,6,41,7,9,15,13,34,13,21,22,14,7,21,48,52,18,39,13,14,8,12,10,50,27,60,20,185.0,82.0,Right,2,1,,0,0,England,EFL League Two,Barnet,joe wright
1689,1689,256873,Julius Paris,M,24,GK,,0,57,58,56,62,62,20,51,21,19,4,9,47,5,7,10,10,34,14,27,19,11,10,31,34,44,18,26,12,12,5,11,12,48,18,57,21,190.0,83.0,Right,2,1,,0,0,Germany,3. Liga,MSV Duisburg,julius paris
1689,1689,261106,Lee Jun Seo,M,28,GK,,0,57,59,54,54,58,29,55,28,30,4,8,41,8,7,18,10,37,10,29,24,11,6,33,45,50,15,24,12,10,8,14,10,49,18,56,17,186.0,83.0,Right,2,1,,0,0,Korea Republic,K League 1,Daejeon Hana,lee jun seo
1689,1689,279022,Lio Rothenhagen,M,19,GK,,0,57,60,57,56,58,17,55,19,15,5,5,42,8,9,14,10,27,12,23,18,13,14,35,35,47,12,22,10,10,6,10,14,50,25,63,16,188.0,85.0,Right,3,1,,0,0,Germany,Bundesliga 2,Holstein Kiel,lio rothenhagen
1689,1689,267736,Lorcan Healy,M,25,GK,,0,57,57,55,57,56,52,55,50,55,11,22,43,9,5,44,14,50,34,37,46,10,21,55,56,55,22,35,30,10,22,10,14,60,42,61,41,180.0,80.0,Right,3,1,Cross Claimer,1,0,Republic of Ireland,SSE Airtricity PD,Shelbourne,lorcan healy
1689,1689,276725,Lorenzo Palmisani,M,21,GK,,0,57,58,54,53,59,25,56,23,28,4,9,40,6,6,11,11,30,14,27,20,14,5,30,22,50,13,38,14,13,9,14,10,49,18,58,19,185.0,79.0,Right,3,1,,0,0,Italy,Serie BKT,Frosinone,lorenzo palmisani
1689,1689,78611,Mads Eriksen,M,22,GK,,0,57,56,58,55,57,23,56,20,27,8,8,41,7,6,13,13,26,10,16,25,11,10,37,27,54,17,24,8,11,5,11,10,53,19,70,21,198.0,85.0,Right,2,1,,0,0,Denmark,3F Superliga,FC Fredericia,mads eriksen
1689,1689,276190,Marvin Seybold,M,24,GK,,0,57,58,54,51,60,21,56,24,17,13,11,38,13,12,13,11,40,14,33,31,11,19,38,28,52,23,32,13,11,12,14,13,52,23,63,20,190.0,85.0,Right,2,1,,0,0,Germany,3. Liga,SSV Ulm 1846,marvin seybold
1689,1689,256897,Mihai Udrea,M,24,GK,,0,57,56,55,56,55,42,58,40,45,15,16,42,18,14,11,14,45,12,17,20,13,15,46,45,53,11,50,17,13,18,14,11,42,38,42,31,183.0,77.0,Left,3,1,,0,0,Romania,SUPERLIGA,FCSB,mihai udrea
1689,1689,260262,Murray Johnson,M,21,GK,,0,57,57,53,52,60,22,56,20,24,8,9,39,8,7,14,13,40,12,23,17,11,10,44,39,54,19,26,12,14,6,14,11,42,28,49,23,191.0,75.0,Left,2,1,,0,0,Scotland,Scottish Prem,Hibernian,murray johnson
1689,1689,266842,Nathan Broome,M,24,GK,,0,57,56,58,57,58,36,54,35,38,7,6,43,7,8,14,10,40,11,25,20,11,9,42,44,48,19,26,8,9,10,11,10,44,32,48,32,188.0,86.0,Right,3,1,,0,0,England,EFL League One,Bolton,nathan broome
1689,1689,236919,Nick Suman,M,26,GK,,0,57,56,57,54,56,25,57,23,29,7,7,41,7,8,15,11,32,12,28,21,11,10,31,29,50,10,34,13,12,12,10,11,35,29,37,24,197.0,87.0,Left,2,1,,0,0,Australia,Scottish Prem,Aberdeen,nick suman
1689,1689,276760,Noah Marec,M,21,GK,,0,57,57,58,56,60,25,57,22,30,7,11,42,8,7,15,11,30,11,29,30,14,9,33,43,43,16,36,15,14,13,15,12,51,31,60,29,190.0,76.0,Left,2,1,,0,0,France,Ligue 2 BKT,En Avant Guingamp,noah marec
1689,1689,70119,Ole Langbråten,M,22,GK,,0,57,57,58,56,55,27,56,28,25,8,7,42,7,9,10,11,36,10,20,17,14,13,29,37,52,13,32,7,13,5,13,10,54,21,64,17,188.0,82.0,Right,3,1,,0,0,Norway,Eliteserien,Fredrikstad FK,ole langbraten
1689,1689,79407,Oscar Buur,M,19,GK,,0,57,59,54,58,60,32,54,31,34,8,5,44,7,9,27,19,52,18,37,45,21,16,48,40,50,30,30,22,30,28,20,25,61,25,68,34,192.0,81.0,Right,3,1,,0,0,Denmark,3F Superliga,F.C. København,oscar buur
1689,1689,70541,Oumar Pona,M,19,GK,,0,57,57,58,53,57,39,55,38,41,9,8,40,8,7,16,12,36,12,24,28,13,12,33,36,48,14,38,15,11,13,15,13,57,30,67,28,195.0,78.0,Right,2,1,,0,0,Mali,Ligue 1 McDonald's,Angers SCO,oumar pona
1689,1689,277446,Paul Piffer,M,19,GK,,0,57,60,53,52,60,23,55,21,27,4,8,39,9,8,17,12,21,12,15,15,14,10,23,47,51,17,31,14,10,9,13,11,40,19,46,24,182.0,73.0,Right,2,1,,0,0,Austria,Ö. Bundesliga,SCR Altach,paul piffer
1689,1689,277281,Robert Kampa,M,21,GK,,0,57,57,57,54,57,21,56,20,23,5,9,41,6,7,15,14,34,11,21,25,11,14,27,38,50,15,39,12,10,9,12,11,35,27,41,21,188.0,75.0,Right,2,1,,0,0,Germany,Bundesliga 2,1. FC Magdeburg,robert kampa
1689,1689,78051,Sander Rød,M,21,GK,,0,57,54,57,55,55,19,57,21,15,4,8,41,7,8,11,14,29,12,24,26,13,8,34,32,54,16,28,8,11,6,10,11,40,21,47,26,186.0,73.0,Right,3,1,,0,0,Norway,Eliteserien,Kristiansund BK,sander r d
1689,1689,79403,Sebastian Jung,M,20,GK,,0,57,59,51,55,63,26,59,25,28,6,7,41,7,9,14,12,29,10,19,18,12,11,39,42,39,11,35,13,11,10,13,11,53,35,65,31,188.0,80.0,Right,4,1,,0,0,Germany,Bundesliga 2,Fürth,sebastian jung
1689,1689,71881,Simo Lampinen-Skaug,M,20,GK,,0,57,55,56,55,57,21,56,23,17,6,6,41,8,5,13,14,24,14,23,28,13,14,28,39,56,11,35,7,10,9,13,13,35,16,40,22,189.0,77.0,Right,3,1,,0,0,Norway,Eliteserien,Strømsgodset IF,simo lampinen skaug
1689,1689,75473,Sofie Lehmann,F,18,GK,,0,57,57,54,58,58,32,56,32,33,10,9,44,8,8,20,14,47,17,21,27,13,11,29,49,51,18,33,15,16,11,17,15,49,22,54,19,175.0,65.0,Right,1,1,,0,0,Germany,GPFBL,Carl Zeiss Jena,sofie lehmann
1689,1689,79336,Tijn Van Ingelgom,M,19,GK,,0,57,56,60,58,57,47,57,43,52,8,6,44,9,8,15,14,43,14,32,34,14,7,49,21,41,13,39,11,10,9,11,13,58,17,64,26,196.0,80.0,Right,3,1,,0,0,Belgium,1A Pro League,KV Mechelen,tijn van ingelgom
1689,1689,268449,Timo Jansink,M,23,GK,,0,57,57,60,52,54,26,56,22,31,6,8,39,6,8,10,15,26,11,23,16,12,14,23,23,55,15,32,8,12,10,14,12,39,17,58,20,198.0,82.0,Right,3,1,,0,0,Holland,Eredivisie,Heracles Almelo,timo jansink
1689,1689,270965,Timo Schlieck,M,20,GK,,0,57,59,57,55,62,29,53,26,33,6,5,41,5,6,19,13,37,11,25,22,13,13,37,27,45,12,36,10,14,7,13,13,53,19,60,23,193.0,82.0,Right,3,1,,0,0,Germany,Bundesliga 2,Fürth,timo schlieck
1689,1689,267739,Tom Donaghy,M,22,GK,,0,57,58,55,55,57,25,56,28,20,5,5,41,8,8,10,10,27,12,21,23,11,6,31,39,52,18,35,10,10,6,12,10,49,23,57,19,188.0,82.0,Right,2,1,,0,0,England,EFL League Two,Oldham Athletic,tom donaghy
1689,1689,277669,Tom Hülsmann,M,21,GK,,0,57,60,57,52,57,26,57,24,29,5,6,39,9,6,17,13,28,14,29,16,13,6,38,24,42,14,26,13,10,8,12,13,52,18,65,20,205.0,89.0,Right,3,1,,0,0,Germany,Ö. Bundesliga,TSV Hartberg,tom hulsmann
1689,1689,273889,Tom Smith,M,24,GK,,0,57,59,55,58,59,37,55,37,38,6,7,44,6,8,16,13,26,11,25,22,15,13,33,36,51,12,27,8,11,7,12,10,55,36,60,23,188.0,81.0,Left,3,1,,0,0,England,EFL League Two,Colchester,tom smith
1689,1689,268528,Vincent Angelini,M,22,GK,,0,57,53,55,51,60,32,57,32,32,4,6,38,7,6,14,14,30,13,20,26,10,7,23,34,52,13,24,13,13,7,12,13,51,27,56,20,190.0,80.0,Right,3,1,,0,0,Scotland,ROSHN Saudi League,Al Riyadh,vincent angelini
1689,1689,258586,Will Blackmore,M,24,GK,,0,57,60,57,55,57,24,57,29,17,7,6,41,6,8,13,14,34,10,27,21,13,6,38,44,47,16,31,11,13,7,10,14,43,27,47,21,185.0,75.0,Right,2,1,,0,0,England,EFL League One,Peterborough,will blackmore
1689,1689,72229,Yasmine Ammar,F,19,GK,,0,57,57,55,51,58,19,56,21,17,5,9,38,7,8,18,11,28,12,15,25,10,14,28,48,53,11,37,14,14,9,12,10,33,21,31,24,175.0,60.0,Right,1,1,,0,0,Switzerland,Schweizer Damen Liga,FC Zürich,yasmine ammar
1689,1689,222438,Zou Dehai,M,33,GK,,0,57,57,57,55,57,46,53,49,42,17,16,41,14,14,21,18,24,11,30,23,13,14,30,53,55,24,23,20,19,25,14,12,63,30,64,19,187.0,72.0,Right,3,1,,0,0,China PR,CSL,Changchun Yatai,zou dehai
1755,1755,77588,Aarom Fuentes,M,23,GK,,0,56,57,59,65,53,21,52,20,22,4,8,49,8,7,17,14,35,14,24,29,10,7,23,33,46,14,30,11,11,6,13,10,47,17,58,20,187.0,81.0,Right,3,1,,0,0,Peru,Sudamericana,Atlético Grau,aarom fuentes
1755,1755,248255,Abdulbasit Hawsawi,M,29,GK,,0,56,56,55,55,58,30,53,30,29,9,10,41,9,7,18,13,35,12,25,18,14,13,37,40,54,14,40,12,13,6,14,12,55,20,65,24,186.0,86.0,Right,3,1,,0,0,Saudi Arabia,ROSHN Saudi League,Al Ettifaq,abdulbasit hawsawi
1755,1755,276776,Abdulrahman Al Shammari,M,26,GK,,0,56,57,56,52,56,41,53,40,42,6,8,39,10,7,13,13,34,12,30,27,10,10,38,47,49,16,24,8,11,5,11,9,50,26,54,25,181.0,85.0,Right,3,1,,0,0,Saudi Arabia,ROSHN Saudi League,Al Riyadh,abdulrahman al shammari
1755,1755,257892,Adam Pavlešić,M,23,GK,,0,56,54,56,53,58,35,55,32,39,5,7,40,6,5,15,13,22,10,26,16,13,14,30,36,50,10,23,7,14,7,12,8,44,18,48,25,189.0,87.0,Right,2,1,,0,0,Australia,A-League,Central Coast,adam pavlesic
1755,1755,72844,Alessandro Siano,M,24,GK,,0,56,60,55,61,54,31,55,30,32,4,6,46,7,6,14,14,35,14,28,22,10,7,21,57,48,15,33,7,11,6,13,14,47,28,53,25,188.0,78.0,Right,3,1,,0,0,Italy,Serie BKT,Cesena,alessandro siano
1755,1755,72829,Alessandro Signorini,M,26,GK,,0,56,55,57,58,53,27,56,28,26,5,8,44,5,9,14,14,30,11,20,15,12,9,29,52,48,11,31,14,10,6,13,10,46,26,54,27,182.0,80.0,Right,2,1,,0,0,Italy,Serie BKT,SS Juve Stabia,alessandro signorini
1755,1755,274852,Andrew Wogan,M,20,GK,,0,56,57,54,55,57,26,54,27,24,9,10,41,9,12,18,13,48,12,31,30,11,14,24,32,50,18,26,14,12,14,15,16,46,21,54,20,189.0,80.0,Right,2,1,,0,0,Republic of Ireland,EFL League One,Stockport,andrew wogan
1755,1755,80281,Arnaud Dobbels,M,21,GK,,0,56,57,52,53,62,48,54,47,49,8,6,40,7,7,11,11,37,11,28,25,12,15,50,53,49,18,36,7,14,6,15,12,57,25,59,28,185.0,76.0,Right,2,1,,0,0,Belgium,1A Pro League,Zulte Waregem,arnaud dobbels
1755,1755,73750,Benjamin Göschl,M,20,GK,,0,56,54,49,57,63,19,55,21,16,6,7,43,6,6,20,14,24,14,17,27,11,12,40,40,53,13,38,11,13,6,14,13,51,22,62,23,188.0,82.0,Right,2,1,,0,0,Austria,Ö. Bundesliga,SK Rapid,benjamin goschl
1755,1755,240838,Brad Wade,M,25,GK,,0,56,56,60,57,55,47,55,45,50,7,5,43,9,9,18,13,36,25,31,39,13,13,50,63,46,12,40,20,11,26,12,11,52,40,53,34,188.0,83.0,Right,2,1,,0,0,England,SSE Airtricity PD,Waterford,brad wade
1755,1755,77044,Calum Ward,M,25,GK,,0,56,56,55,49,57,20,55,17,24,7,5,37,8,5,18,12,28,14,15,17,10,9,29,39,49,14,27,14,10,5,13,12,49,17,63,22,188.0,82.0,Right,2,1,,0,0,England,Scottish Prem,Motherwell,calum ward
1755,1755,75540,Carlos Mercado,M,26,GK,,0,56,59,58,48,57,26,53,23,30,8,9,36,7,5,15,13,24,13,23,16,14,7,37,26,48,14,31,10,12,9,13,13,51,20,61,22,191.0,86.0,Right,3,1,,0,0,United States,MLS,Orlando City,carlos mercado
1755,1755,208755,Cristian Nedelcovici,M,32,GK,,0,56,56,54,58,54,43,56,45,40,15,15,44,20,11,26,12,28,17,23,25,16,19,37,59,50,25,29,19,16,20,17,13,52,20,51,25,188.0,82.0,Right,2,1,,0,0,Romania,SUPERLIGA,FC Metaloglobus,cristian nedelcovici
1755,1755,70281,Diego Mina,M,20,GK,,0,56,53,56,54,57,29,54,33,22,7,9,41,9,9,19,10,22,10,22,19,14,13,22,44,57,18,30,14,13,9,11,13,45,17,49,17,185.0,78.0,Right,1,1,,0,0,Switzerland,Brack Super League,FC Lugano,diego mina
1755,1755,71290,Elias Lorenz,M,20,GK,,0,56,58,53,56,55,22,56,18,29,7,5,42,6,7,11,10,24,13,15,25,10,12,21,23,49,18,21,13,14,8,13,11,51,24,62,22,194.0,80.0,Right,3,1,,0,0,Austria,Ö. Bundesliga,SK Sturm Graz,elias lorenz
1755,1755,77975,Francisco Valdés,M,20,GK,,0,56,58,56,52,63,22,50,16,32,7,5,39,8,9,13,11,29,14,29,16,11,6,26,42,46,15,24,6,12,8,10,11,39,18,49,25,183.0,76.0,Right,2,1,,0,0,Chile,Liga Chile,Uni. Católica,francisco valdes
1755,1755,192120,Geng Xiaofeng,M,38,GK,,0,56,58,57,52,55,41,52,36,49,10,11,39,15,5,15,17,60,18,23,42,17,12,35,25,54,20,53,12,10,12,10,8,37,35,34,34,191.0,82.0,Right,1,1,,0,0,China PR,CSL,Yunnan Yukun,geng xiaofeng
1755,1755,70445,Gustav Knudsen,M,19,GK,,0,56,55,54,55,56,26,57,24,29,6,10,41,9,7,21,10,32,13,36,34,12,11,45,47,54,14,22,12,12,10,10,12,36,24,40,27,185.0,79.0,Right,2,1,,0,0,Denmark,3F Superliga,Vejle Boldklub,gustav knudsen
1755,1755,230765,Habib Al Watyan,M,29,GK,,0,56,56,57,56,55,31,56,29,33,10,11,42,17,19,20,11,38,16,22,24,16,16,31,53,50,20,39,22,19,19,17,13,63,29,76,23,182.0,94.0,Right,3,1,,0,0,Saudi Arabia,ROSHN Saudi League,Al Fateh,habib al watyan
1755,1755,73554,Hannes Hermann,M,21,GK,,0,56,56,57,57,60,24,58,28,18,8,7,43,9,6,16,10,23,10,27,25,10,10,22,32,37,21,19,9,10,8,10,13,37,19,43,16,189.0,77.0,Right,3,1,,0,0,Germany,Bundesliga,Hamburger SV,hannes hermann
1755,1755,72121,Henri Sørlie,M,18,GK,,0,56,54,55,59,56,47,55,46,48,15,15,44,15,12,11,16,50,14,38,35,15,14,45,48,53,24,30,10,14,8,14,13,52,25,50,17,183.0,73.0,Right,4,1,,0,0,Norway,Eliteserien,KFUM-Kameratene,henri s rlie
1755,1755,279929,Isak Sjong,M,19,GK,,0,56,56,54,57,56,37,54,38,35,9,8,43,9,7,12,13,45,10,28,27,14,17,36,32,54,20,20,10,10,10,10,10,48,18,52,20,185.0,75.0,Right,2,1,,0,0,Norway,Eliteserien,FK Bodø/Glimt,isak sjong
1755,1755,72948,Jakub Burek,M,23,GK,,0,56,56,59,48,55,21,56,24,17,8,9,36,9,10,14,14,32,12,16,19,14,11,33,36,51,16,37,9,13,9,15,12,45,21,51,20,187.0,79.0,Right,2,1,,0,0,Poland,PKO BP Ekstraklasa,Wisła Płock,jakub burek
1755,1755,79392,Jan Marco Niemann,M,21,GK,,0,56,55,59,52,59,22,56,22,22,8,6,39,8,5,15,12,22,13,23,19,11,7,26,27,35,18,25,11,11,5,11,10,53,23,70,27,199.0,94.0,Right,2,1,,0,0,Germany,3. Liga,SV Waldhof,jan marco niemann
1755,1755,77974,Juan Vegas,M,21,GK,,0,56,62,57,51,56,18,53,15,23,5,4,38,6,7,14,13,37,10,25,20,11,11,20,40,38,18,34,6,11,8,11,14,45,19,55,21,185.0,81.0,Right,1,1,,0,0,Venezuela,Sudamericana,Caracas FC,juan vegas
1755,1755,71439,Laurenz Orgler,M,21,GK,,0,56,58,57,59,58,22,56,17,29,4,7,44,6,6,15,11,34,14,17,19,12,9,32,33,34,12,32,9,10,9,13,12,49,26,63,18,187.0,80.0,Right,3,1,,0,0,Austria,Ö. Bundesliga,SK Rapid,laurenz orgler
1755,1755,79233,Leco Zeevalkink,M,20,GK,,0,56,59,49,53,59,24,56,21,29,8,14,40,14,12,29,10,30,11,28,27,10,10,32,25,52,20,32,13,12,5,11,14,44,32,51,22,192.0,79.0,Right,3,1,,0,0,Holland,Eredivisie,Heracles Almelo,leco zeevalkink
1755,1755,227570,Lee Steacy,M,33,GK,,0,56,54,55,56,55,38,57,39,36,12,14,42,16,17,16,12,39,14,24,22,12,15,33,58,50,18,31,16,16,10,17,17,42,37,43,22,185.0,83.0,Right,2,1,,0,0,Republic of Ireland,SSE Airtricity PD,Shamrock Rovers,lee steacy
1755,1755,76337,Leon Klanac,M,19,GK,,0,56,59,58,54,60,27,49,24,31,8,4,41,8,8,12,11,25,10,26,24,9,7,32,42,41,12,26,8,12,9,11,14,41,23,46,29,185.0,78.0,Right,3,1,,0,0,Germany,Bundesliga,FC Bayern München,leon klanac
1755,1755,73046,Marcel Mendes-Dudziński,M,20,GK,,0,56,55,55,54,58,19,55,19,18,4,5,41,5,9,14,11,29,12,49,59,10,8,23,27,46,12,36,8,10,7,13,10,47,22,58,22,193.0,80.0,Right,3,1,,0,0,Poland,PKO BP Ekstraklasa,Legia Warszawa,marcel mendes dudzinski
1755,1755,276353,Marian Kirsch,M,22,GK,,0,56,61,55,54,57,32,48,26,40,6,7,41,6,6,11,10,33,10,28,25,11,9,31,24,50,11,39,10,11,8,10,9,58,29,74,25,196.0,80.0,Right,3,1,,0,0,Germany,Bundesliga 2,Preußen Münster,marian kirsch
1755,1755,239510,Matthias Köbbing,M,28,GK,,0,56,61,57,52,56,32,51,28,38,5,8,39,10,8,15,10,44,9,28,27,11,12,29,22,49,17,37,12,11,11,14,15,52,25,60,34,196.0,94.0,Right,3,1,,0,0,Germany,Bundesliga,1. FC Köln,matthias kobbing
1755,1755,73749,Max Metcalfe,M,23,GK,,0,56,58,54,53,57,35,55,33,38,7,7,40,6,6,12,12,26,10,20,23,11,11,29,25,52,17,35,9,12,8,12,12,54,23,61,31,198.0,86.0,Right,2,1,,0,0,Scotland,EFL League One,Stockport,max metcalfe
1755,1755,77747,Max Uhlig,M,19,GK,,0,56,58,57,57,57,21,50,16,29,6,7,43,7,8,16,11,23,12,21,20,10,10,32,35,47,15,22,6,14,5,14,11,49,16,60,24,187.0,80.0,Left,2,1,,0,0,Germany,3. Liga,FC Erzgebirge Aue,max uhlig
1755,1755,259732,Mirshad Michu,M,32,GK,,0,56,56,55,55,58,21,55,17,26,4,9,41,5,8,17,12,35,11,27,25,11,8,31,42,44,18,21,7,13,6,12,14,52,23,50,22,179.0,75.0,Right,2,1,,0,0,India,ISL,NorthEast United,mirshad michu
1755,1755,267433,Moon Hyun Ho,M,22,GK,,0,56,60,50,45,65,31,50,31,31,7,9,34,7,8,15,13,31,12,28,28,12,13,27,27,53,18,24,6,10,5,13,13,55,20,69,23,196.0,87.0,Right,3,1,,0,0,Korea Republic,K League 1,Gimcheon Sangmu,moon hyun ho
1755,1755,272383,Nicolas Glaus,M,23,GK,,0,56,58,55,56,59,21,51,15,29,5,9,42,9,8,17,12,32,13,20,22,13,7,37,34,50,17,30,9,12,8,13,14,46,19,56,22,187.0,87.0,Right,3,1,,0,0,Switzerland,Brack Super League,GC Zürich,nicolas glaus
1755,1755,268839,Ollie Wright,M,23,GK,,0,56,56,55,54,57,29,55,29,28,4,6,41,6,6,11,9,34,9,20,18,9,13,40,31,53,16,30,9,12,7,10,10,49,17,55,17,187.0,77.0,Right,3,1,,0,0,England,EFL League Two,Accrington,ollie wright
1755,1755,259729,Phurba Lachenpa,M,28,GK,,0,56,59,55,54,60,28,54,24,33,7,9,41,8,6,11,11,25,13,24,22,12,9,39,49,43,16,35,7,12,9,12,10,61,28,61,20,182.0,78.0,Right,1,1,,0,0,India,ISL,Mumbai City FC,phurba lachenpa
1755,1755,273615,Sander Østraat,M,21,GK,,0,56,55,54,54,57,47,56,46,48,5,5,41,9,7,16,12,30,11,22,20,10,6,45,42,51,20,35,13,10,7,10,11,51,21,52,15,191.0,80.0,Right,3,1,,0,0,Norway,Eliteserien,HamKam Fotball,sander straat
1755,1755,76134,Sebastián Salas,M,24,GK,,0,56,56,58,59,55,22,57,22,23,4,7,44,6,9,13,12,30,10,18,29,10,6,25,22,39,18,33,10,14,9,11,11,52,19,63,22,194.0,78.0,Right,3,1,,0,0,Chile,Sudamericana,Palestino,sebastian salas
1755,1755,73240,Silas Huber,M,20,GK,,0,56,56,54,54,57,24,55,23,25,7,11,41,9,9,15,14,45,13,27,22,14,13,25,45,50,18,41,18,17,19,14,13,52,20,60,27,195.0,93.0,Right,2,1,,0,0,Switzerland,Brack Super League,FC Zürich,silas huber
1755,1755,262791,Sven Jansen,M,21,GK,,0,56,58,55,58,56,17,49,16,18,9,11,44,10,8,17,20,40,11,27,21,17,18,22,53,54,15,33,8,12,9,13,11,51,21,51,19,193.0,78.0,Right,2,1,,0,0,Holland,Eredivisie,Go Ahead Eagles,sven jansen
1755,1755,75670,Theo Krantz,M,19,GK,,0,56,54,55,53,56,28,56,28,28,8,6,40,8,8,17,13,32,11,21,23,12,6,22,44,52,17,34,11,12,8,12,11,42,17,45,27,185.0,75.0,Right,3,1,,0,0,Sweden,Allsvenskan,IFK Norrköping,theo krantz
1755,1755,73968,Tim Hottiger,M,21,GK,,0,56,59,50,58,58,24,56,23,26,4,6,44,8,7,19,13,36,14,21,28,12,8,37,26,52,16,21,8,12,6,13,10,51,19,61,28,191.0,76.0,Right,3,1,,0,0,Switzerland,Brack Super League,Lausanne-Sport,tim hottiger
1755,1755,269948,Tom Booth,M,21,GK,,0,56,55,55,54,56,29,54,26,33,6,6,41,8,7,17,11,29,11,28,28,12,6,33,24,51,17,38,20,12,8,11,11,52,16,60,20,190.0,82.0,Right,3,1,,0,0,England,EFL League Two,Crewe Alexandra,tom booth
1755,1755,79924,Valentin Oelz,M,20,GK,,0,56,56,55,57,57,31,54,32,29,8,11,43,9,6,19,11,49,15,21,25,13,13,37,26,52,20,29,11,15,9,13,11,52,21,57,18,192.0,82.0,Right,1,1,,0,0,Austria,Ö. Bundesliga,Blau-Weiss Linz,valentin oelz
1755,1755,75874,Víctor Rojas,M,21,GK,,0,56,57,56,55,55,17,56,19,15,6,5,41,9,8,17,11,28,12,21,22,10,13,21,43,43,18,25,12,13,5,14,12,40,18,48,16,185.0,76.0,Right,2,1,,0,0,Paraguay,Libertadores,Libertad,victor rojas
1755,1755,247224,Wang Zhifeng,M,29,GK,,0,56,56,58,57,56,33,57,32,35,4,6,43,5,9,19,12,41,13,16,24,14,12,35,32,42,14,27,23,12,19,11,14,54,35,62,18,197.0,90.0,Right,1,1,,0,0,China PR,CSL,Changchun Yatai,wang zhifeng
1755,1755,78435,Yannick Onohiol,M,21,GK,,0,56,55,62,62,54,21,55,22,20,6,7,47,8,9,11,14,31,11,18,18,11,12,21,36,44,10,30,7,11,6,12,12,50,28,61,28,188.0,80.0,Right,2,1,,0,0,Germany,3. Liga,TSG Hoffenheim II,yannick onohiol
1755,1755,79210,Yevhen Morozov,M,19,GK,,0,56,58,62,57,53,26,50,33,15,8,7,43,9,9,11,13,30,12,21,27,13,10,27,23,49,10,34,7,11,6,14,14,53,25,60,21,188.0,85.0,Right,2,1,,0,0,Ukraine,Brack Super League,FC Zürich,yevhen morozov
1806,1806,74118,Alejandro Arévalo,M,18,GK,,0,55,56,53,51,60,36,54,38,33,6,8,38,7,6,20,14,23,10,20,16,11,5,43,50,45,11,21,10,11,9,12,14,39,18,40,18,184.0,69.0,Right,2,1,,0,0,Spain,LALIGA HYPERMOTION,Córdoba CF,alejandro arevalo
1806,1806,276845,Alex Robinson,M,21,GK,,0,55,55,54,54,57,37,53,36,39,4,6,41,5,8,13,11,30,10,32,28,10,9,32,48,49,14,32,11,14,7,14,10,41,19,44,26,186.0,77.0,Right,2,1,,0,0,Australia,A-League,Macarthur FC,alex robinson
1806,1806,262764,Alexander Dlugaiczyk,M,43,GK,,0,55,57,56,58,52,27,58,27,28,4,5,44,8,8,19,10,39,13,16,24,14,13,30,25,42,13,30,13,13,10,10,11,58,19,73,26,195.0,90.0,Left,2,1,,0,0,Germany,3. Liga,TSV Havelse,alexander dlugaiczyk
1806,1806,79337,Axel Willockx,M,19,GK,,0,55,59,56,46,54,24,58,18,32,8,8,35,8,5,12,11,36,10,18,29,13,14,38,32,34,16,33,6,12,7,11,10,50,26,64,26,189.0,72.0,Right,3,1,,0,0,Belgium,1A Pro League,KV Mechelen,axel willockx
1806,1806,243758,Bartłomiej Żynel,M,27,GK,,0,55,55,54,51,56,27,55,27,28,6,7,38,5,9,11,12,34,12,21,16,13,7,33,39,52,16,34,6,10,5,12,11,41,25,48,26,187.0,78.0,Left,2,1,,0,0,Poland,PKO BP Ekstraklasa,Jagiellonia,bart omiej zynel
1806,1806,269243,Dion Vlak,M,24,GK,,0,55,58,52,48,57,21,52,17,28,6,8,36,8,7,15,10,21,12,27,28,11,11,36,21,49,17,35,8,13,7,10,12,50,23,62,26,192.0,80.0,Right,3,1,,0,0,Holland,Eredivisie,FC Volendam,dion vlak
1806,1806,77015,Enzo Uribe,M,21,GK,,0,55,54,57,51,53,32,51,31,34,3,5,38,9,3,16,11,48,11,15,32,15,14,23,33,53,12,42,12,12,5,9,11,55,34,68,28,189.0,83.0,Right,2,1,,0,0,Chile,Sudamericana,Unión Española,enzo uribe
1806,1806,78210,Francesco Montali,M,25,GK,,0,55,58,54,51,54,28,51,32,21,5,7,38,9,5,12,14,22,12,27,20,10,12,39,24,49,17,27,9,13,9,12,13,54,22,60,24,191.0,84.0,Right,2,1,,0,0,United States,MLS,SJ Earthquakes,francesco montali
1806,1806,252281,Furkan Bekleviç,M,27,GK,,0,55,56,54,50,55,30,54,30,30,7,7,38,6,8,15,13,46,10,26,19,14,10,27,48,50,17,37,7,14,5,14,10,39,22,43,24,189.0,73.0,Right,2,1,,0,0,Turkey,Trendyol Süper Lig,Karagümrük SK,furkan beklevic
1806,1806,74189,Gabriela Sobotková,F,17,GK,,0,55,54,55,52,59,23,50,19,28,4,6,39,5,7,16,11,38,10,26,22,13,8,22,41,53,13,25,13,11,5,14,11,32,22,35,20,170.0,60.0,Right,3,1,,0,0,Czech Republic,Ceska Liga Žen,Slavia Praha,gabriela sobotkova
1806,1806,221845,Han Rongze,M,33,GK,,0,55,53,55,55,53,41,55,39,43,18,12,41,16,14,19,18,58,17,27,38,14,19,42,56,55,18,26,19,14,24,17,11,41,33,43,29,190.0,80.0,Left,3,1,,0,0,China PR,CSL,Qingdao Hainiu,han rongze
1806,1806,262358,Harrison Sharp,M,24,GK,,0,55,56,54,55,54,23,54,24,22,4,5,41,9,5,12,14,26,13,23,28,14,13,29,36,48,17,37,8,14,7,10,14,49,26,56,17,189.0,81.0,Right,2,1,,0,0,Scotland,Scottish Prem,Dundee FC,harrison sharp
1806,1806,244701,Jack Brady,M,29,GK,,0,55,55,55,54,57,38,54,37,40,15,15,41,14,15,20,30,41,29,43,49,20,15,51,42,42,30,37,25,25,15,16,19,52,39,51,27,182.0,74.0,Right,2,1,,0,0,Republic of Ireland,SSE Airtricity PD,Drogheda United,jack brady
1806,1806,272755,Jacob Castro,M,26,GK,,0,55,56,60,53,56,43,51,42,45,6,9,40,6,9,13,13,26,11,26,28,13,13,37,30,44,19,23,14,14,10,13,15,59,19,67,30,193.0,86.0,Right,2,1,,0,0,United States,MLS,Sounders FC,jacob castro
1806,1806,73465,Jacob Knightbridge,M,22,GK,,0,55,54,56,56,55,52,54,51,54,12,10,42,16,18,24,24,42,23,44,42,21,12,56,44,51,26,38,24,13,28,15,16,61,41,63,32,191.0,75.0,Left,3,1,,0,0,England,EFL Championship,Oxford United,jacob knightbridge
1806,1806,245335,Jamie Pardington,M,25,GK,,0,55,55,53,53,56,19,54,17,21,4,7,40,9,5,16,10,27,12,25,17,10,12,21,43,49,11,23,13,11,6,14,13,33,20,40,28,195.0,85.0,Right,2,1,,0,0,England,EFL League One,Lincoln City,jamie pardington
1806,1806,277189,Javier Otero,M,23,GK,,0,55,56,53,52,55,25,54,24,26,8,9,39,7,6,10,10,37,13,24,19,14,9,27,26,50,13,31,6,14,9,10,12,51,23,60,26,198.0,83.0,Right,2,1,,0,0,Venezuela,MLS,Orlando City,javier otero
1806,1806,73176,Julian Bock,M,21,GK,,0,55,55,54,51,56,21,55,17,27,7,7,38,8,5,19,14,35,12,21,28,12,14,24,26,48,16,23,9,10,7,10,10,49,22,62,16,191.0,82.0,Right,2,1,,0,0,Germany,Brack Super League,FC Luzern,julian bock
1806,1806,275631,Kevin Radulović,M,23,GK,,0,55,55,54,59,55,23,52,24,22,8,6,44,9,6,16,12,33,10,17,22,14,5,28,47,51,11,25,8,13,9,13,10,36,17,41,23,180.0,74.0,Right,2,1,,0,0,Austria,Ö. Bundesliga,Blau-Weiss Linz,kevin radulovic
1806,1806,73193,Laurent Seji,M,21,GK,,0,55,56,55,53,53,26,56,21,33,6,6,40,5,8,11,12,37,13,18,19,12,8,25,22,47,16,32,12,10,9,11,12,47,26,59,27,190.0,85.0,Right,3,1,,0,0,Kosovo,Brack Super League,GC Zürich,laurent seji
1806,1806,255239,Lee Joo Hyun,M,27,GK,,0,55,61,55,57,57,28,53,32,21,6,10,43,7,8,15,13,36,13,24,23,12,14,34,31,35,21,23,13,11,9,13,11,53,21,61,19,188.0,78.0,Right,3,1,,0,0,Korea Republic,K League 1,Gimcheon Sangmu,lee joo hyun
1806,1806,76260,Luke Hewitson,M,21,GK,,0,55,56,53,54,55,31,53,33,27,5,7,41,7,8,11,10,34,14,25,24,13,11,34,38,55,10,23,10,11,5,12,13,39,17,43,21,187.0,84.0,Right,2,1,,0,0,England,EFL League Two,Fleetwood Town,luke hewitson
1806,1806,79553,Marcus Eskildsen,M,18,GK,,0,55,56,54,56,55,23,54,22,24,5,6,42,5,8,12,12,34,10,24,24,13,6,37,34,51,19,38,6,12,8,14,13,44,26,52,16,187.0,74.0,Right,2,1,,0,0,Denmark,3F Superliga,Odense BK,marcus eskildsen
1806,1806,272336,Matt Lendfers,M,20,GK,,0,55,64,49,53,60,47,50,48,46,7,7,40,5,7,16,13,29,12,26,22,12,14,42,36,44,18,29,14,13,9,12,11,60,27,65,16,190.0,76.0,Right,3,1,,0,0,Belgium,1A Pro League,STVV,matt lendfers
1806,1806,279593,Mohammed Al Absi,M,23,GK,,0,55,57,55,55,56,21,56,17,27,6,8,41,6,5,16,10,37,12,27,28,13,10,25,21,34,15,29,6,14,7,10,14,46,21,56,25,183.0,80.0,Right,2,1,,0,0,Saudi Arabia,ROSHN Saudi League,Al Ittihad,mohammed al absi
1806,1806,76473,Nick Dobben,M,17,GK,,0,55,57,58,56,59,27,44,25,30,6,9,42,5,9,15,11,25,13,21,17,14,10,32,41,45,18,36,10,10,8,12,10,44,16,50,21,185.0,75.0,Right,3,1,,0,0,Holland,Eredivisie,PEC Zwolle,nick dobben
1806,1806,276925,Nicolas Closset,M,21,GK,,0,55,54,52,52,58,23,55,18,31,4,9,39,9,6,14,13,35,14,23,25,12,9,23,41,52,11,35,6,14,5,10,13,39,19,45,22,185.0,75.0,Right,2,1,,0,0,Belgium,1A Pro League,Sp. Charleroi,nicolas closset
1806,1806,276993,Noah Brdar,M,20,GK,,0,55,60,57,55,55,24,55,24,25,4,9,41,6,8,15,12,23,11,17,16,13,11,24,27,37,20,27,11,11,10,13,13,60,18,60,23,190.0,83.0,Right,2,1,,0,0,Germany,3. Liga,Wehen Wiesbaden,noah brdar
1806,1806,74312,Noah Phillips,M,21,GK,,0,55,56,53,52,57,43,54,46,39,9,7,39,8,5,18,14,30,11,27,34,15,12,52,47,50,14,40,14,11,12,10,11,47,28,45,26,185.0,66.0,Right,2,1,,0,0,England,EFL League One,Leyton Orient,noah phillips
1806,1806,271569,Osama Al Mermesh,M,22,GK,,0,55,56,51,50,59,39,50,40,37,8,9,38,9,6,13,12,34,11,19,25,13,9,41,46,55,12,36,14,13,8,12,10,50,20,54,20,182.0,67.0,Right,3,1,,0,0,Saudi Arabia,ROSHN Saudi League,Al Ittihad,osama al mermesh
1806,1806,277207,Oskar Annell,M,21,GK,,0,55,56,60,52,55,29,58,27,33,5,6,39,6,5,15,14,33,14,23,21,11,6,29,23,31,12,34,6,10,9,12,12,52,19,64,20,190.0,76.0,Right,3,1,,0,0,Belgium,1A Pro League,KVC Westerlo,oskar annell
1806,1806,271164,Rareș Gal,M,25,GK,,0,55,53,56,54,63,24,52,26,20,7,5,41,6,8,16,10,22,13,30,20,10,6,29,33,40,19,26,6,11,6,12,10,44,23,51,17,186.0,75.0,Right,2,1,,0,0,Romania,SUPERLIGA,CFR 1907 Cluj,rares gal
1806,1806,75302,Sebastian Auton,M,19,GK,,0,55,56,52,55,57,34,54,36,32,4,5,41,7,8,12,11,22,7,17,13,10,9,55,45,45,20,30,10,11,9,13,9,52,30,57,25,185.0,81.0,Right,2,1,,0,0,England,EFL League Two,Grimsby Town,sebastian auton
1806,1806,79077,Stanisław Pruszkowski,M,21,GK,,0,55,56,55,62,54,30,52,31,29,5,9,47,5,6,10,14,25,13,24,28,14,8,34,29,48,12,29,6,12,5,10,14,59,23,73,26,200.0,85.0,Right,2,1,,0,0,Poland,PKO BP Ekstraklasa,Wisła Płock,stanis aw pruszkowski
1806,1806,255039,Taishi Brandon Nozawa,M,23,GK,,0,55,58,55,58,54,25,54,28,21,7,8,44,7,9,15,13,36,15,37,28,11,13,31,31,41,21,41,14,15,9,14,21,55,26,68,17,193.0,90.0,Right,3,1,,0,0,Japan,1A Pro League,Royal Antwerp FC,taishi brandon nozawa
1806,1806,80742,Thomas Goos,M,17,GK,,0,55,58,53,57,58,29,53,30,28,8,9,43,5,9,13,14,25,11,15,15,13,13,33,21,44,12,29,6,13,9,12,14,53,24,61,21,192.0,80.0,Right,2,1,,0,0,Holland,Eredivisie,NAC Breda,thomas goos
1806,1806,275721,Tim Spycher,M,21,GK,,0,55,55,54,56,55,30,54,30,30,4,7,42,7,8,17,13,32,14,28,15,12,10,35,33,53,16,24,8,11,7,12,11,50,17,58,25,187.0,81.0,Left,3,1,,0,0,Switzerland,Brack Super League,FC Basel 1893,tim spycher
1806,1806,80295,Viktor Džodić,M,19,GK,,0,55,58,56,55,51,21,50,18,26,8,8,41,9,8,16,18,33,15,25,19,14,12,29,41,55,17,23,9,12,10,13,14,31,29,33,22,186.0,72.0,Right,2,1,,0,0,Serbia,Ligue 2 BKT,Montpellier,viktor dzodic
1806,1806,231146,Waleed Al Enezi,M,29,GK,,0,55,55,53,53,58,36,55,30,44,4,8,40,5,6,16,13,53,14,23,23,14,7,35,42,47,12,39,10,12,17,12,10,47,25,54,22,190.0,80.0,Right,3,1,,0,0,Saudi Arabia,ROSHN Saudi League,Al Najmah,waleed al enezi
1806,1806,261931,Wei Minzhe,M,27,GK,,0,55,55,54,53,55,23,55,19,29,13,12,40,11,18,12,13,25,12,26,23,16,10,35,25,49,16,20,15,16,16,13,15,51,26,60,22,193.0,78.0,Right,3,1,,0,0,China PR,CSL,Wuhan Three Towns,wei minzhe
1806,1806,224555,Xu Jiamin,M,31,GK,,0,55,55,53,55,55,36,54,36,36,15,17,41,18,18,23,19,35,14,26,28,19,21,39,44,54,12,29,20,15,19,16,14,40,42,41,14,190.0,81.0,Right,2,1,,0,0,China PR,CSL,Henan FC,xu jiamin
1806,1806,253219,Zheng Tuluo,M,27,GK,,0,55,54,55,54,57,24,57,28,19,8,6,41,9,5,13,13,35,14,35,28,11,10,32,41,37,21,32,11,14,5,13,11,47,25,53,22,184.0,74.0,Right,2,1,,0,0,China PR,CSL,Beijing FC,zheng tuluo
1806,1806,271502,Šerif Berbić,M,24,GK,,0,55,55,54,52,55,33,53,33,32,5,7,39,7,8,11,14,37,10,25,28,10,12,26,27,51,16,23,14,11,13,14,11,56,25,69,24,194.0,84.0,Right,3,1,,0,0,Switzerland,Brack Super League,FC Lugano,serif berbic
1849,1849,276673,Abdulaziz Al Ouwiradi,M,23,GK,,0,54,56,50,50,57,36,55,34,39,7,9,38,11,7,13,10,38,10,27,22,13,12,33,53,46,15,37,10,10,7,10,14,47,25,53,23,182.0,76.0,Left,3,1,,0,0,Saudi Arabia,ROSHN Saudi League,Al Shabab,abdulaziz al ouwiradi
1849,1849,76006,Adam Matysek,M,18,GK,,0,54,53,51,56,56,25,53,19,35,5,6,42,8,9,12,18,40,15,35,34,11,8,25,45,47,14,35,12,18,10,18,14,44,26,51,22,190.0,85.0,Right,2,1,,0,0,Poland,PKO BP Ekstraklasa,Zagłębie Lubin,adam matysek
1849,1849,277366,Alfie Marriott,M,22,GK,,0,54,57,55,54,55,37,49,35,40,5,9,41,7,8,10,15,34,11,29,36,19,14,30,41,48,22,32,12,11,8,10,13,43,22,46,22,187.0,74.0,Right,3,1,,0,0,England,EFL Championship,Watford,alfie marriott
1849,1849,75916,Arlo Doherty,M,22,GK,,0,54,55,56,54,56,26,55,24,28,7,7,41,5,8,10,10,47,11,18,26,12,13,21,27,35,11,35,6,11,7,13,11,32,25,34,22,190.0,70.0,Right,1,1,,0,0,Republic of Ireland,SSE Airtricity PD,Derry City,arlo doherty
1849,1849,76921,Benjamin Lade,M,19,GK,,0,54,52,53,50,59,22,55,20,25,7,10,38,8,9,12,12,35,9,28,25,11,11,29,34,42,15,35,11,15,8,10,10,44,27,52,20,187.0,78.0,Right,2,1,,0,0,Germany,3. Liga,TSG Hoffenheim II,benjamin lade
1849,1849,70780,Brad Mayo,M,21,GK,,0,54,53,53,55,52,28,53,32,21,6,9,41,8,5,12,14,22,12,20,22,10,11,23,45,52,17,24,11,12,7,10,11,46,28,50,21,185.0,79.0,Right,3,1,,0,0,England,EFL Championship,Birmingham City,brad mayo
1849,1849,262785,Brad Young,M,23,GK,,0,54,55,53,54,55,24,53,23,26,5,8,41,7,6,19,13,29,10,21,23,10,9,36,28,41,16,22,11,13,7,12,10,53,26,67,18,191.0,90.0,Right,2,1,,0,0,England,EFL League Two,Bristol Rovers,brad young
1849,1849,247626,Dheeraj Singh Moirangthem,M,25,GK,,0,54,51,51,55,58,31,55,30,33,5,7,41,6,10,11,10,35,12,27,25,14,9,26,40,50,11,35,18,10,13,14,14,49,40,55,16,180.0,70.0,Right,2,1,Cross Claimer,1,0,India,ISL,Mohun Bagan SG,dheeraj singh moirangthem
1849,1849,75668,Elton Fischerström,M,19,GK,,0,54,55,52,53,54,23,54,17,32,8,7,40,9,6,18,13,23,12,27,23,11,9,28,47,51,17,27,10,10,7,11,11,38,25,49,18,185.0,78.0,Right,3,1,,0,0,Sweden,Allsvenskan,Hammarby IF,elton fischerstrom
1849,1849,78522,Emil Zorn,M,20,GK,,0,54,51,58,58,52,23,56,17,33,7,6,44,5,6,15,13,21,14,15,15,11,6,37,27,40,19,23,6,13,7,10,10,46,19,55,27,190.0,80.0,Right,2,1,,0,0,Germany,3. Liga,FC Schweinfurt 05,emil zorn
1849,1849,79332,Giorgi Kavlashvili,M,19,GK,,0,54,59,49,51,59,35,48,33,38,7,8,38,10,9,18,14,35,12,25,28,15,14,30,31,45,11,40,7,12,7,12,11,55,21,65,26,195.0,80.0,Left,2,1,,0,0,Georgia,1A Pro League,R. Union St.-G.,giorgi kavlashvili
1849,1849,271751,Harry Griffiths,M,20,GK,,0,54,55,53,52,53,16,54,16,15,4,8,39,7,6,13,13,23,10,22,28,10,10,25,34,46,11,28,8,11,7,12,10,42,16,54,23,185.0,82.0,Right,3,1,,0,0,England,EFL League Two,Notts County,harry griffiths
1849,1849,251112,Huang Zihao,M,24,GK,,0,54,57,51,50,54,23,52,17,31,7,9,38,6,7,10,13,28,10,18,16,13,8,36,36,48,16,33,9,13,7,14,12,46,25,57,18,188.0,78.0,Right,1,1,,0,0,China PR,CSL,Dalian Yingbo,huang zihao
1849,1849,272444,James Dadge,M,21,GK,,0,54,52,52,57,55,25,55,27,22,6,8,43,7,6,11,14,50,14,26,28,15,9,37,36,50,15,30,11,11,9,10,11,36,20,42,45,188.0,79.0,Right,3,1,,0,0,England,EFL League One,Northampton,james dadge
1849,1849,264057,James Nieuwenhuizen,M,22,GK,,0,54,54,53,53,56,28,50,26,32,8,5,40,6,5,18,14,25,13,27,21,10,5,22,48,47,15,30,6,13,6,11,11,35,20,37,17,186.0,78.0,Right,2,1,,0,0,Australia,A-League,Melbourne City,james nieuwenhuizen
1849,1849,276354,Jan Krzywański,M,23,GK,,0,54,54,55,59,55,32,49,30,36,7,6,44,7,7,16,14,32,11,25,30,12,5,34,38,48,12,33,12,12,6,11,8,52,32,60,19,189.0,79.0,Right,2,1,,0,0,Poland,PKO BP Ekstraklasa,Widzew Łódź,jan krzywanski
1849,1849,227688,Khalid Al Muqaytib,M,34,GK,,0,54,51,54,54,56,31,51,37,22,16,14,41,13,20,22,12,39,19,24,18,13,20,22,55,49,18,23,23,19,21,17,13,53,35,55,18,179.0,85.0,Right,3,1,,0,0,Saudi Arabia,ROSHN Saudi League,Al Najmah,khalid al muqaytib
1849,1849,260146,Lara Sharma,M,26,GK,,0,54,55,54,54,56,26,55,22,31,6,8,41,9,9,18,13,29,12,19,17,14,12,37,35,39,12,34,8,10,6,10,14,47,16,57,26,195.0,80.0,Right,1,1,,0,0,India,ISL,FC Goa,lara sharma
1849,1849,276966,Laurie Shala,M,21,GK,,0,54,54,52,55,54,28,52,34,20,6,4,41,5,8,13,11,32,13,24,29,13,6,30,39,51,15,37,8,10,8,9,12,37,17,39,26,190.0,79.0,Left,2,1,,0,0,Kosovo,EFL League One,Wycombe,laurie shala
1849,1849,239811,Lee Yun Oh,M,27,GK,,0,54,53,52,53,59,18,53,15,23,7,5,40,4,6,10,8,36,13,28,23,9,10,22,27,44,18,29,14,10,8,12,11,27,31,25,26,190.0,83.0,Right,2,1,,0,0,Korea Republic,K League 1,FC Anyang,lee yun oh
1849,1849,75000,Luke Faxon,M,21,GK,,0,54,54,53,53,56,27,52,23,32,8,6,40,7,6,15,15,30,13,28,31,14,14,21,33,51,17,29,11,12,5,13,12,34,24,38,18,188.0,78.0,Right,3,1,,0,0,England,EFL Championship,Sheffield Utd,luke faxon
1849,1849,75440,Mamadou Diallo,M,18,GK,,0,54,56,53,52,55,26,53,22,32,6,9,39,9,6,10,11,33,14,18,26,10,14,29,52,46,14,30,14,11,7,11,11,47,24,58,18,185.0,82.0,Right,2,1,,0,0,England,EFL League Two,Cheltenham Town,mamadou diallo
1849,1849,78710,Mark Karácsony,M,22,GK,,0,54,55,54,59,56,24,55,23,25,7,7,44,8,9,10,14,36,14,27,26,16,9,24,33,39,18,29,8,11,8,12,12,48,28,58,21,188.0,78.0,Left,2,1,,0,0,Romania,SUPERLIGA,FK Csíkszereda,mark karacsony
1849,1849,278717,Mathias Engevik Klausen,M,18,GK,,0,54,54,53,52,53,22,50,26,15,6,7,39,9,8,15,14,24,10,19,29,10,11,38,32,55,13,24,6,14,8,13,11,53,27,64,28,188.0,80.0,Right,3,1,,0,0,Norway,Eliteserien,SK Brann,mathias engevik klausen
1849,1849,80240,Mathis Ntessa,M,17,GK,,0,54,56,57,55,49,22,50,25,17,7,7,41,6,7,16,12,36,11,15,18,14,15,33,44,49,12,22,13,15,8,19,16,34,17,35,22,170.0,60.0,Right,2,1,,0,0,France,Ligue 2 BKT,Laval MFC,mathis ntessa
1849,1849,73129,Mats Remberg,M,20,GK,,0,54,58,55,54,56,25,55,21,30,6,5,41,8,8,14,10,36,10,27,19,14,22,29,31,33,20,21,6,11,6,13,14,39,28,47,20,186.0,78.0,Right,2,1,,0,0,Germany,3. Liga,VfL Osnabrück,mats remberg
1849,1849,277586,Matthew Turner,M,23,GK,,0,54,54,53,52,55,22,52,18,27,7,9,39,7,9,19,12,22,10,18,23,24,10,24,21,52,28,34,12,10,6,14,14,45,26,55,20,194.0,77.0,Right,2,1,,0,0,Wales,EFL League One,Cardiff City,matthew turner
1849,1849,71811,Matías Daniele,M,22,GK,,0,54,61,55,53,52,27,50,31,20,6,7,40,8,5,18,14,28,13,29,26,13,6,21,21,39,13,36,8,11,7,13,10,54,28,65,24,195.0,83.0,Right,3,1,,0,0,Argentina,LPF,Belgrano,matias daniele
1849,1849,79419,Miguel Peralta,M,17,GK,,0,54,59,55,48,54,19,51,15,24,9,5,36,8,10,15,10,25,13,29,24,9,9,28,35,44,10,35,12,11,9,11,9,45,24,56,25,187.0,77.0,Right,2,1,,0,0,Ecuador,Libertadores,IDV,miguel peralta
1849,1849,79241,Miran Qela,M,19,GK,,0,54,58,55,53,57,27,52,24,31,7,8,40,9,6,17,13,37,10,26,24,13,14,27,32,38,17,23,11,20,9,13,13,51,23,58,31,189.0,84.0,Left,4,1,,0,0,Kosovo,3. Liga,1860 München,miran qela
1849,1849,79951,Nicky Hogarth,M,24,GK,,0,54,56,53,58,52,20,51,20,20,4,8,44,8,7,11,13,23,12,22,27,10,8,35,23,52,16,37,9,13,7,13,14,50,26,62,18,195.0,73.0,Right,1,1,,0,0,Scotland,Scottish Prem,Falkirk,nicky hogarth
1849,1849,263967,Nico Hansen,M,24,GK,,0,54,54,56,53,56,19,50,19,20,7,9,40,7,8,14,15,35,11,26,29,12,14,36,34,49,15,40,12,13,8,13,15,35,17,44,21,189.0,75.0,Right,3,1,,0,0,Denmark,MLS,Colorado Rapids,nico hansen
1849,1849,245435,Rakan Al Najjar,M,30,GK,,0,54,57,54,50,54,32,50,27,39,16,17,38,18,18,20,23,53,20,38,27,21,19,43,49,48,27,39,22,22,15,22,24,57,30,67,33,189.0,82.0,Right,3,1,,0,0,Saudi Arabia,ROSHN Saudi League,Al Okhdood,rakan al najjar
1849,1849,265457,Sachin Suresh,M,25,GK,,0,54,58,56,55,51,22,54,18,29,5,7,41,7,9,18,14,38,10,30,29,13,6,24,42,36,14,42,10,14,8,11,13,47,27,58,24,184.0,75.0,Right,3,1,,0,0,India,ISL,Kerala Blasters,sachin suresh
1849,1849,258556,Samik Mitra,M,25,GK,,0,54,54,52,52,54,26,53,30,21,4,9,39,7,7,10,14,29,13,24,28,10,6,43,47,47,17,25,7,13,8,14,12,46,19,51,26,185.0,75.0,Right,3,1,,0,0,India,ISL,Chennaiyin FC,samik mitra
1849,1849,74298,Tom Watson,M,21,GK,,0,54,54,53,53,56,32,53,33,30,4,6,40,20,9,14,13,31,20,36,36,18,9,41,38,49,20,36,10,10,7,14,12,43,24,49,17,187.0,75.0,Right,3,1,,0,0,England,EFL League One,Wigan Athletic,tom watson
1849,1849,247346,Trey Muse,M,26,GK,,0,54,56,55,53,57,42,56,40,44,11,7,40,13,15,24,19,24,16,20,18,18,12,20,28,33,15,19,26,8,22,9,9,45,38,49,28,193.0,88.0,Right,1,1,,0,0,United States,MLS,Portland Timbers,trey muse
1849,1849,272887,Xavier Valdez,M,22,GK,,0,54,58,53,54,55,27,52,28,25,8,5,41,6,5,16,13,30,14,20,20,13,5,33,24,40,16,21,12,11,8,13,11,49,23,58,16,198.0,72.0,Right,2,1,,0,0,Dominican Republic,MLS,Nashville SC,xavier valdez
1887,1887,267787,AJ Marcucci,M,26,GK,,0,53,54,57,50,54,22,51,24,19,9,9,38,8,8,11,13,33,13,34,25,12,10,22,29,38,18,33,12,13,11,13,15,54,28,70,35,191.0,86.0,Right,1,1,Cross Claimer|Far Throw,2,0,United States,MLS,Red Bulls,aj marcucci
1887,1887,79133,Ahmet Hasan Göcen,M,22,GK,,0,53,54,53,51,56,24,54,22,26,7,9,38,6,5,13,10,31,13,21,28,12,13,22,24,31,17,21,10,14,6,13,12,48,20,58,27,190.0,81.0,Right,2,1,,0,0,Turkey,Trendyol Süper Lig,Kocaelispor,ahmet hasan gocen
1887,1887,259646,Arsh Shaikh,M,23,GK,,0,53,53,52,52,52,19,53,20,18,6,8,39,7,8,19,13,31,13,24,19,12,10,26,44,45,13,23,6,10,8,14,13,40,19,34,24,186.0,74.0,Right,3,1,Far Throw,1,0,India,ISL,Kerala Blasters,arsh shaikh
1887,1887,74652,Ashton Rinaldo,M,20,GK,,0,53,54,52,52,53,22,51,26,15,4,7,39,8,5,11,13,39,12,27,28,11,12,26,28,49,15,35,14,14,7,12,14,52,20,62,22,191.0,88.0,Right,2,1,,0,0,Australia,EFL League Two,Chesterfield,ashton rinaldo
1887,1887,75793,Damián Fernández,M,22,GK,,0,53,50,60,53,55,22,48,23,20,5,8,40,10,8,14,14,24,15,23,22,11,12,40,36,41,15,35,7,12,7,13,15,39,24,45,26,187.0,73.0,Right,2,1,,0,0,Argentina,LPF,Rosario Central,damian fernandez
1887,1887,279891,Diego Mascardi,M,19,GK,,0,53,53,51,52,53,31,51,33,29,10,9,39,5,10,16,16,33,13,26,22,12,6,40,51,48,16,32,12,15,10,10,11,52,22,59,22,190.0,80.0,Right,3,1,,0,0,Italy,Serie BKT,Spezia,diego mascardi
1887,1887,80044,Dillon Addai,M,21,GK,,0,53,55,55,48,47,25,54,31,16,7,6,36,9,9,14,13,40,13,20,25,13,6,34,25,44,16,30,13,10,6,14,14,52,27,62,28,191.0,80.0,Right,2,1,,0,0,England,EFL League Two,Bromley FC,dillon addai
1887,1887,279550,Dong Hang,M,32,GK,,0,53,56,53,57,54,20,51,18,23,11,9,43,10,15,13,15,34,11,28,23,12,10,22,34,41,13,35,15,12,16,16,15,46,38,56,23,185.0,84.0,Right,3,1,,0,0,China PR,CSL,Qingdao W. Coast,dong hang
1887,1887,79258,Finn Ludwig,M,20,GK,,0,53,49,56,55,53,35,56,31,40,10,5,41,5,9,12,11,29,13,22,24,13,6,29,21,38,17,35,9,13,10,11,11,54,20,65,16,191.0,89.0,Right,3,1,,0,0,Germany,3. Liga,Wehen Wiesbaden,finn ludwig
1887,1887,276408,Florian Pruhs,M,20,GK,,0,53,55,58,57,52,21,47,16,28,6,9,43,6,5,19,11,33,13,22,19,13,7,21,29,41,17,36,10,13,9,11,14,38,19,49,22,190.0,85.0,Right,3,1,,0,0,Germany,Bundesliga 2,SC Paderborn 07,florian pruhs
1887,1887,78401,Frankie Phillips,M,19,GK,,0,53,53,52,50,54,22,50,20,24,8,8,38,9,9,10,10,33,13,30,33,10,28,39,39,50,31,35,11,10,8,14,11,42,20,51,21,188.0,75.0,Right,2,1,,0,0,England,EFL League One,Exeter City,frankie phillips
1887,1887,277977,Gabriel Ursu,M,24,GK,,0,53,51,55,55,52,28,51,28,29,7,5,41,9,9,12,14,38,11,15,19,12,5,29,27,52,17,23,6,13,6,12,8,53,30,65,22,185.0,80.0,Right,1,1,,0,0,Romania,SUPERLIGA,SC Oțelul Galați,gabriel ursu
1887,1887,268990,Halil Bağcı,M,22,GK,,0,53,54,54,57,53,36,50,39,32,8,8,43,9,15,15,12,48,12,27,25,12,12,22,46,48,22,41,15,20,10,15,14,51,35,54,28,194.0,80.0,Right,3,1,,0,0,Turkey,Trendyol Süper Lig,Gaziantep,halil bagc
1887,1887,73937,Joe Knowles,M,21,GK,,0,53,54,53,51,54,20,51,23,15,4,9,38,7,9,17,12,28,10,26,23,12,5,21,32,48,17,34,11,13,7,14,10,36,24,44,23,188.0,73.0,Right,2,1,,0,0,New Zealand,A-League,Auckland FC,joe knowles
1887,1887,191684,Jung San,M,37,GK,,0,53,50,50,55,53,44,54,48,38,11,12,41,10,11,25,11,31,14,36,32,10,14,42,52,50,19,58,21,11,15,14,19,56,30,59,36,191.0,86.0,Right,3,1,,0,0,Korea Republic,K League 1,Daejeon Hana,jung san
1887,1887,73862,Kamil Dudek,M,20,GK,,0,53,53,52,51,53,29,52,29,30,10,10,38,11,8,12,11,35,12,33,35,23,22,27,32,53,25,38,12,10,9,13,15,48,18,55,35,191.0,78.0,Right,2,1,,0,0,Poland,EFL League One,Burton Albion,kamil dudek
1887,1887,278164,Kyle Gabbidon,M,18,GK,,0,53,55,52,51,52,27,52,27,26,5,10,38,9,7,18,11,49,11,27,25,14,11,29,50,44,12,39,10,11,9,14,11,44,27,50,40,182.0,74.0,Right,2,1,,0,0,United States,SSE Airtricity PD,Sligo Rovers,kyle gabbidon
1887,1887,247670,Lalthuammawia Ralte,M,33,GK,,0,53,52,54,54,55,24,53,23,26,6,5,41,9,5,10,13,34,10,20,18,13,13,30,48,42,19,39,6,13,9,13,12,33,21,35,20,176.0,75.0,Right,1,1,,0,0,India,ISL,Bengaluru FC,lalthuammawia ralte
1887,1887,80267,Marwan Aubert,M,20,GK,,0,53,55,52,57,52,30,53,32,26,10,7,43,9,7,12,14,32,12,22,19,9,9,30,37,46,15,38,15,14,10,14,15,53,26,60,22,186.0,80.0,Right,3,1,,0,0,Switzerland,Brack Super League,Servette FC,marwan aubert
1887,1887,279183,Max Woodford,M,17,GK,,0,53,52,53,51,51,30,53,32,27,8,5,38,9,9,19,10,21,11,28,22,14,12,37,47,54,17,22,7,14,7,13,14,35,24,34,21,184.0,75.0,Right,3,1,,0,0,England,EFL League One,Stevenage,max woodford
1887,1887,71447,Nicholas Michalski,M,19,GK,,0,53,54,52,53,52,27,51,26,28,6,6,40,8,7,16,9,26,12,26,22,15,10,29,39,47,17,38,7,15,6,15,11,52,18,61,17,188.0,82.0,Right,3,1,,0,0,England,EFL Championship,Blackburn Rovers,nicholas michalski
1887,1887,79316,Noah Brogli,M,17,GK,,0,53,56,47,48,58,26,52,32,18,9,9,36,9,10,17,15,22,15,22,22,13,11,22,25,42,13,38,13,11,8,13,15,54,20,64,18,192.0,85.0,Right,3,1,,0,0,Switzerland,Brack Super League,FC Winterthur,noah brogli
1887,1887,72590,Patryk Szczuka,M,24,GK,,0,53,57,51,52,58,23,50,20,27,8,6,39,9,5,12,10,29,10,24,26,13,7,21,39,40,17,23,9,12,6,11,12,49,28,60,18,189.0,76.0,Right,2,1,,0,0,Poland,PKO BP Ekstraklasa,GKS Katowice,patryk szczuka
1887,1887,138431,Richard Brush,M,41,GK,,0,53,51,54,54,49,51,55,51,52,16,17,41,12,17,19,16,34,14,23,43,10,11,52,49,48,17,57,18,10,18,13,10,57,25,59,36,185.0,86.0,Right,2,1,,0,0,England,SSE Airtricity PD,Sligo Rovers,richard brush
1887,1887,75501,Salko Hamzić,M,19,GK,,0,53,51,54,55,57,29,49,31,25,8,6,41,8,8,16,11,32,13,21,26,11,13,21,27,43,17,33,12,12,8,14,10,50,18,56,18,190.0,80.0,Left,2,1,,0,0,Austria,Ö. Bundesliga,RB Salzburg,salko hamzic
1887,1887,74757,Tristan Vidackovic,M,23,GK,,0,53,53,54,52,50,22,52,23,21,7,7,39,9,8,12,15,38,15,22,21,15,12,35,23,50,11,36,9,11,8,15,12,57,20,75,20,201.0,83.0,Right,1,1,,0,0,Australia,A-League,WS Wanderers,tristan vidackovic
1887,1887,259488,Vishal Yadav,M,23,GK,,0,53,54,52,53,55,20,54,18,23,8,8,40,19,5,15,13,39,13,37,31,14,9,31,44,40,14,26,12,13,7,12,13,42,16,38,26,183.0,70.0,Right,3,1,,0,0,India,ISL,Jamshedpur FC,vishal yadav
1887,1887,73736,Zac Hadi,M,20,GK,,0,53,52,51,51,53,24,51,22,28,7,8,38,8,10,18,15,39,19,31,27,13,12,32,22,51,13,31,12,18,10,15,16,55,17,70,25,196.0,80.0,Right,2,1,,0,0,England,EFL League One,Bradford City,zac hadi
1887,1887,277430,Zak Baker,M,21,GK,,0,53,51,55,50,56,28,50,26,32,4,8,38,6,7,12,11,22,10,17,27,13,10,29,51,49,19,33,12,13,9,12,12,49,27,58,18,187.0,78.0,Right,2,1,,0,0,England,EFL League One,Plymouth Argyle,zak baker
1916,1916,79245,Abdulrahman Al Ghamdi,M,20,GK,,0,52,54,48,48,55,31,49,31,30,7,9,36,6,5,12,10,36,12,20,21,14,8,35,46,47,13,36,10,13,7,14,13,37,17,43,27,180.0,75.0,Right,3,1,,0,0,Saudi Arabia,ROSHN Saudi League,Al Taawoun,abdulrahman al ghamdi
1916,1916,77129,Adisa De Rosario,M,21,GK,,0,52,52,54,60,53,40,55,39,41,8,12,45,10,12,20,12,23,13,24,21,11,12,32,37,30,12,36,13,13,5,12,13,53,26,58,27,187.0,75.0,Right,2,1,,0,0,Canada,MLS,Toronto FC,adisa de rosario
1916,1916,253029,Aditya Patra,M,25,GK,,0,52,54,50,52,49,27,51,25,31,5,5,39,7,5,19,14,21,13,28,17,10,6,33,43,46,12,34,6,10,5,11,12,34,21,41,27,175.0,65.0,Right,2,1,,0,0,India,ISL,East Bengal,aditya patra
1916,1916,75978,Adrian Briciu,M,18,GK,,0,52,52,58,54,49,31,47,29,35,7,10,41,9,9,12,15,30,16,34,28,13,12,35,48,44,16,34,12,19,10,18,17,47,27,51,26,190.0,79.0,Right,2,1,,0,0,Romania,SUPERLIGA,FC Rapid 1923,adrian briciu
1916,1916,277063,Ahmed Abo Rasain,M,22,GK,,0,52,56,48,50,52,29,52,28,31,8,8,38,6,8,17,12,31,13,24,18,12,10,30,27,46,12,33,8,10,8,11,13,51,22,62,26,190.0,80.0,Right,3,1,,0,0,Saudi Arabia,ROSHN Saudi League,Al Hilal,ahmed abo rasain
1916,1916,73858,Aidan Stokes,M,18,GK,,0,52,59,47,46,55,25,54,31,15,7,6,35,6,9,18,13,28,12,22,16,14,14,38,41,34,10,34,9,13,9,12,11,45,20,50,24,182.0,65.0,Right,2,1,,0,0,England,MLS,Red Bulls,aidan stokes
1916,1916,73211,Alec Smir,M,26,GK,,0,52,58,52,59,51,22,51,22,23,4,7,44,8,8,14,12,22,11,18,24,13,9,28,47,35,14,33,11,11,7,11,10,31,18,35,25,188.0,83.0,Right,2,1,,0,0,United States,MLS,Minnesota United,alec smir
1916,1916,69982,Alex Rando,M,25,GK,,0,52,53,49,51,54,27,55,31,22,7,5,38,8,6,17,14,33,10,23,28,14,7,23,24,42,19,31,12,10,6,11,10,49,16,58,28,193.0,81.0,Right,2,1,,0,0,United States,MLS,New York City FC,alex rando
1916,1916,74513,Alexandru Stoian,M,21,GK,,0,52,51,48,48,56,27,54,24,32,4,7,36,8,9,15,13,30,10,21,16,10,8,31,43,44,16,32,11,10,7,10,12,38,28,45,27,185.0,78.0,Right,2,1,,0,0,Romania,SUPERLIGA,FC Dinamo 1948,alexandru stoian
1916,1916,269418,Andrei Jercălău,M,21,GK,,0,52,53,54,58,55,21,47,25,15,5,7,44,7,5,17,13,31,14,16,29,12,10,26,49,35,12,31,13,12,8,13,14,35,35,42,19,188.0,80.0,Right,2,1,,0,0,Romania,SUPERLIGA,FC Petrolul,andrei jercalau
1916,1916,271667,Conor Brann,M,22,GK,,0,52,53,51,50,54,33,52,32,35,5,7,38,6,6,15,12,24,14,29,20,12,12,36,49,44,16,21,14,13,7,14,11,47,29,54,25,193.0,85.0,Right,1,1,,0,0,Republic of Ireland,SSE Airtricity PD,Cork City,conor brann
1916,1916,79932,Darius Achitei,M,17,GK,,0,52,56,57,47,53,22,41,22,23,7,7,35,5,6,16,13,25,10,15,27,12,7,32,44,45,16,37,14,13,9,13,11,40,22,49,23,185.0,75.0,Right,2,1,,0,0,Romania,Ö. Bundesliga,Grazer AK,darius achitei
1916,1916,248246,Debjit Majumder,M,38,GK,,0,52,50,48,45,57,40,50,38,42,8,7,34,6,9,19,10,29,10,20,21,13,7,21,39,49,10,32,14,8,11,13,13,36,25,39,30,175.0,71.0,Right,2,1,Cross Claimer,1,0,India,ISL,East Bengal,debjit majumder
1916,1916,245269,Emad Al Feda,M,28,GK,,0,52,53,51,50,54,28,50,24,33,5,7,38,6,6,11,12,30,11,28,16,15,7,26,45,47,10,24,6,16,7,10,8,45,30,54,14,181.0,79.0,Right,3,1,,0,0,Saudi Arabia,ROSHN Saudi League,Al Ahli,emad al feda
1916,1916,261941,Guo Jiayu,M,21,GK,,0,52,50,52,54,53,21,53,22,19,10,9,41,8,7,15,12,25,13,17,22,11,10,35,40,45,16,26,13,15,10,15,16,44,26,53,21,185.0,72.0,Right,2,1,,0,0,China PR,CSL,Wuhan Three Towns,guo jiayu
1916,1916,276187,Gus Hoefsloot,M,20,GK,,0,52,51,50,56,54,22,49,23,21,4,8,42,5,7,12,10,39,14,26,22,14,5,38,28,45,10,23,9,12,9,14,13,51,20,65,26,191.0,85.0,Right,3,1,,0,0,Australia,A-League,Sydney FC,gus hoefsloot
1916,1916,276450,Harald Postl,M,20,GK,,0,52,59,52,45,52,30,47,33,25,5,7,34,9,8,10,14,37,14,22,23,13,6,21,42,42,16,33,9,12,6,12,10,50,17,57,21,185.0,75.0,Right,2,1,,0,0,Austria,Ö. Bundesliga,TSV Hartberg,harald postl
1916,1916,71326,Hwang Jae Yun,M,23,GK,,0,52,52,51,55,51,28,50,28,28,9,10,41,9,7,10,12,52,10,20,26,13,16,41,36,46,18,33,9,13,10,14,15,53,25,66,22,187.0,83.0,Right,4,1,,0,0,Korea Republic,K League 1,Suwon FC,hwang jae yun
1916,1916,274479,Jake Oram,M,20,GK,,0,52,53,49,48,55,31,51,30,33,4,9,36,9,8,18,11,29,13,28,17,13,12,35,52,44,12,21,12,10,5,11,12,45,18,52,20,183.0,74.0,Right,2,1,,0,0,England,EFL League One,Doncaster,jake oram
1916,1916,208481,Karanjit Singh,M,40,GK,,0,52,50,50,50,52,45,51,47,42,13,13,38,16,17,18,14,15,15,23,25,14,20,64,62,50,18,46,22,17,14,15,14,53,33,53,20,181.0,76.0,Right,2,1,,0,0,India,ISL,Hyderabad FC,karanjit singh
1916,1916,72094,Konrad Golonka,M,18,GK,,0,52,52,51,52,55,32,50,30,35,9,6,39,10,8,11,18,30,16,31,25,15,15,30,45,45,19,27,15,18,13,17,14,43,29,45,30,188.0,82.0,Right,2,1,,0,0,Poland,PKO BP Ekstraklasa,Cracovia,konrad golonka
1916,1916,259313,Lalbiakhlua Jongte,M,23,GK,,0,52,56,50,48,54,18,49,18,18,5,8,36,10,7,15,13,32,13,30,28,11,8,30,44,42,14,30,12,10,9,14,11,40,25,50,20,183.0,84.0,Left,3,1,,0,0,India,ISL,Hyderabad FC,lalbiakhlua jongte
1916,1916,275474,Liu Jun,M,36,GK,,0,52,49,54,51,52,32,52,32,33,13,8,38,9,10,13,12,35,12,21,24,13,12,29,42,42,14,25,11,13,10,16,12,50,28,57,23,188.0,86.0,Right,2,1,,0,0,China PR,CSL,Qingdao Hainiu,liu jun
1916,1916,269514,Mai Gaoling,M,27,GK,,0,52,55,52,51,53,29,50,31,26,8,7,38,8,8,13,14,31,13,23,21,12,12,30,31,42,17,32,15,12,12,14,16,46,29,52,24,188.0,72.0,Right,3,1,,0,0,China PR,CSL,Meizhou Hakka FC,mai gaoling
1916,1916,257210,Matteo Godfroid,M,22,GK,,0,52,48,50,52,52,20,55,22,18,4,4,39,8,5,13,14,27,9,24,22,13,8,35,40,48,12,26,11,11,9,11,14,51,20,65,22,190.0,77.0,Right,3,1,,0,0,Belgium,1A Pro League,Standard Liège,matteo godfroid
1916,1916,271110,Matthew Connelly,M,23,GK,,0,52,52,50,49,53,19,52,22,15,5,6,37,5,8,12,13,29,13,27,20,10,6,41,49,47,19,26,10,13,8,10,14,34,22,42,25,179.0,70.0,Right,3,1,,0,0,Scotland,Scottish Prem,Motherwell,matthew connelly
1916,1916,269970,Michał Jerke,M,20,GK,,0,52,52,55,53,52,28,51,28,28,11,12,40,11,11,22,14,42,12,34,33,15,15,42,38,42,21,32,12,16,8,10,16,53,24,61,29,191.0,79.0,Right,2,1,,0,0,Poland,PKO BP Ekstraklasa,Radomiak Radom,micha jerke
1916,1916,266750,Roh Hee Dong,M,23,GK,,0,52,49,53,54,52,25,50,25,26,16,7,41,9,8,15,13,32,16,26,22,12,9,25,28,46,10,33,15,12,10,15,13,54,26,70,22,192.0,88.0,Right,3,1,,0,0,Korea Republic,K League 1,Gwangju FC,roh hee dong
1916,1916,70850,Ryan Schewe,M,24,GK,,0,52,54,50,57,55,26,48,22,33,5,9,43,8,5,18,13,32,13,23,24,11,11,21,21,43,10,30,11,10,7,13,12,51,26,66,28,193.0,85.0,Right,2,1,,0,0,United States,MLS,Sporting KC,ryan schewe
1916,1916,74437,Saad Al Qarni,M,24,GK,,0,52,56,49,51,54,28,50,29,27,8,9,38,6,6,11,14,37,10,21,28,12,11,24,37,45,13,39,13,11,6,13,10,53,19,64,24,182.0,80.0,Right,2,1,,0,0,Saudi Arabia,ROSHN Saudi League,Al Okhdood,saad al qarni
1916,1916,71632,Sattam Al Subaie,M,24,GK,,0,52,55,45,50,57,43,49,43,43,7,5,38,5,7,10,13,23,11,26,17,11,14,42,43,47,16,22,7,12,9,10,14,36,17,30,18,173.0,65.0,Right,1,1,,0,0,Saudi Arabia,ROSHN Saudi League,Al Fateh,sattam al subaie
1916,1916,263907,Ted Cann,M,25,GK,,0,52,52,53,52,53,37,50,38,36,4,6,39,7,8,14,14,26,14,28,33,13,14,34,26,46,19,38,8,11,9,14,12,54,20,60,18,188.0,77.0,Right,4,1,,0,0,England,EFL League One,Rotherham Utd,ted cann
1916,1916,75713,Turki Baljawsh,M,22,GK,,0,52,54,51,47,52,22,50,17,30,8,7,35,9,6,11,12,28,14,25,25,14,5,28,32,45,13,25,10,11,8,13,13,38,20,49,26,185.0,75.0,Right,2,1,,0,0,Saudi Arabia,ROSHN Saudi League,Al Ettifaq,turki baljawsh
1916,1916,253516,Zhang Jianzhi,M,26,GK,,0,52,51,52,48,51,36,55,37,34,4,7,36,8,8,15,12,33,13,28,26,10,10,34,33,42,12,25,20,11,15,11,12,51,35,57,26,197.0,92.0,Right,3,1,,0,0,China PR,CSL,Beijing FC,zhang jianzhi
1916,1916,227969,Zhao Shi,M,33,GK,,0,52,59,51,48,54,28,44,25,32,15,20,36,12,20,22,17,29,13,27,17,16,19,36,61,49,18,27,18,20,28,12,17,37,27,42,21,187.0,73.0,Right,3,1,,0,0,China PR,CSL,SZ Peng City,zhao shi
1951,1951,277459,Abdullah Abdo,M,23,GK,,0,51,52,51,48,51,41,52,42,40,4,10,36,8,6,17,11,36,12,26,24,10,9,34,38,43,13,27,14,13,5,14,11,56,21,60,19,189.0,87.0,Right,3,1,,0,0,Saudi Arabia,ROSHN Saudi League,Al Ahli,abdullah abdo
1951,1951,77335,Alex Noonan,M,17,GK,,0,51,45,51,54,55,23,50,17,32,4,9,41,8,8,14,11,39,13,37,23,13,14,39,47,47,17,39,13,11,9,11,11,29,24,34,18,190.0,85.0,Right,2,1,,0,0,Republic of Ireland,SSE Airtricity PD,Shamrock Rovers,alex noonan
1951,1951,277317,Belal Al Doaa,M,21,GK,,0,51,56,50,54,56,37,41,37,37,4,5,41,9,5,12,12,26,14,25,28,12,14,48,47,38,15,27,7,11,8,14,10,46,28,50,21,184.0,71.0,Right,3,1,,0,0,Saudi Arabia,ROSHN Saudi League,Al Ettifaq,belal al doaa
1951,1951,75128,Bob Jackson,M,21,GK,,0,51,50,47,50,56,31,49,33,27,8,6,38,7,9,15,11,37,11,26,28,11,13,22,42,49,19,39,8,12,8,13,10,47,22,54,18,184.0,72.0,Right,2,1,,0,0,India,ISL,FC Goa,bob jackson
1951,1951,274115,Cho Min Kyu,M,22,GK,,0,51,56,50,49,53,20,48,16,25,13,9,37,7,8,15,13,35,12,22,19,11,11,33,28,34,10,22,11,13,12,15,13,45,26,56,21,193.0,84.0,Right,2,1,,0,0,Korea Republic,K League 1,Gangwon FC,cho min kyu
1951,1951,266362,Cho Seong Been,M,25,GK,,0,51,50,49,46,55,23,50,26,18,8,8,35,9,10,11,13,31,12,16,15,11,9,30,23,40,15,23,14,13,12,13,12,44,23,51,19,193.0,86.0,Right,2,1,,0,0,Korea Republic,K League 1,Jeju United,cho seong been
1951,1951,75998,Dawid Rychta,M,20,GK,,0,51,51,46,53,53,27,52,25,30,5,7,40,9,10,15,15,33,16,37,29,14,13,40,55,45,16,40,10,15,10,18,15,48,18,55,22,192.0,82.0,Right,2,1,,0,0,Poland,PKO BP Ekstraklasa,Piast Gliwice,dawid rychta
1951,1951,278149,Dipesh Chauhan,M,22,GK,,0,51,60,51,45,52,31,46,33,29,8,7,34,6,7,15,11,24,13,22,17,13,5,22,21,31,12,25,9,13,8,14,12,33,24,30,21,182.0,67.0,Right,1,1,,0,0,India,ISL,NorthEast United,dipesh chauhan
1951,1951,269040,Huo Shenping,M,22,GK,,0,51,53,50,55,50,16,53,17,15,6,8,41,7,7,14,10,32,13,29,23,10,8,31,39,39,15,23,6,12,9,14,12,41,26,53,25,188.0,76.0,Right,1,1,,0,0,China PR,CSL,Zhejiang Pro,huo shenping
1951,1951,75962,Jason Healy,M,20,GK,,0,51,53,51,48,52,26,48,23,30,6,6,36,9,7,18,13,37,12,29,22,10,14,21,32,42,17,23,14,12,7,12,10,42,22,50,23,188.0,84.0,Right,2,1,,0,0,Republic of Ireland,SSE Airtricity PD,Waterford,jason healy
1951,1951,71207,Kim Min Su,M,20,GK,,0,51,53,49,48,52,24,49,22,26,10,10,36,9,9,16,13,26,12,16,22,13,19,20,25,45,18,34,11,19,12,14,13,51,23,60,15,194.0,87.0,Right,3,1,,0,0,Korea Republic,K League 1,Daejeon Hana,kim min su
1951,1951,77113,Lucas Roșu,M,19,GK,,0,51,51,53,54,46,30,50,28,34,6,6,41,6,7,14,15,37,13,29,25,13,8,25,36,44,15,30,11,13,10,15,13,45,24,54,22,184.0,75.0,Right,2,1,,0,0,Romania,SUPERLIGA,UTA Arad,lucas rosu
1951,1951,78009,Michał Niedbała,M,19,GK,,0,51,51,50,52,52,29,50,27,32,6,8,39,7,7,19,11,28,14,32,32,12,9,30,45,45,18,22,14,15,10,15,11,36,22,42,21,193.0,83.0,Right,2,1,,0,0,Poland,PKO BP Ekstraklasa,Korona Kielce,micha niedba a
1951,1951,74658,Nasser Al Ghamdi,M,25,GK,,0,51,52,50,50,51,22,51,26,16,8,8,38,8,5,15,14,37,12,25,22,10,8,37,49,44,14,34,13,11,9,13,13,32,26,36,16,183.0,70.0,Right,3,1,,0,0,Saudi Arabia,ROSHN Saudi League,Damac,nasser al ghamdi
1951,1951,274269,Paul Walters,M,21,GK,,0,51,48,50,51,56,31,50,30,33,8,8,38,7,7,11,11,30,12,26,17,10,8,31,29,42,11,34,11,10,9,12,13,48,17,57,19,190.0,86.0,Right,2,1,,0,0,United States,MLS,FC Cincinnati,paul walters
1951,1951,277361,Prateek Kumar,M,26,GK,,0,51,50,52,50,51,31,53,32,29,5,6,38,5,9,16,12,39,10,23,15,13,7,27,57,42,13,29,9,15,8,14,12,46,28,50,26,188.0,80.0,Right,4,1,,0,0,India,ISL,Chennaiyin FC,prateek kumar
1951,1951,80001,Serhat Öztaşdelen,M,21,GK,,0,51,53,50,48,53,26,51,26,27,4,7,36,5,8,10,13,23,7,26,27,11,7,27,35,38,15,30,9,14,7,13,10,49,20,58,26,188.0,80.0,Right,2,1,,0,0,Turkey,Trendyol Süper Lig,Kocaelispor,serhat oztasdelen
1951,1951,257475,Shi Chenglong,M,26,GK,,0,51,50,50,51,52,24,52,22,28,11,20,38,12,19,26,31,53,16,27,31,13,17,35,42,45,36,32,7,19,9,23,25,49,45,57,21,184.0,76.0,Left,3,1,,0,0,China PR,CSL,Henan FC,shi chenglong
1951,1951,76748,Wang Hanyi,M,21,GK,,0,51,57,49,49,53,26,42,31,18,7,5,37,7,9,15,13,27,14,21,22,11,8,27,39,47,17,53,13,14,8,13,13,53,21,61,20,188.0,83.0,Right,3,1,,0,0,China PR,CSL,Qingdao W. Coast,wang hanyi
1951,1951,275673,Xu Zhenyao,M,20,GK,,0,51,56,51,52,57,27,45,25,29,8,9,39,7,8,13,11,26,11,25,26,9,10,33,25,32,11,32,9,12,10,13,14,48,25,58,21,196.0,95.0,Right,2,1,,0,0,China PR,CSL,Zhejiang Pro,xu zhenyao
1971,1971,73581,Alp Köseer,M,23,GK,,0,50,45,46,54,57,23,54,27,16,5,5,41,6,5,18,13,38,13,18,21,14,13,38,34,37,17,37,7,10,8,13,12,48,23,58,17,186.0,80.0,Right,2,1,,0,0,Turkey,Trendyol Süper Lig,Eyüpspor,alp koseer
1971,1971,270653,Amrit Gope,M,26,GK,,0,50,51,48,51,46,25,49,30,18,4,6,38,8,6,18,13,37,10,25,16,13,6,35,44,48,13,25,14,10,7,11,14,45,23,54,24,194.0,80.0,Right,2,1,,0,0,India,ISL,Jamshedpur FC,amrit gope
1971,1971,72901,Andrew Rick,M,20,GK,,0,50,49,47,57,58,31,43,30,32,7,8,43,6,5,19,14,29,10,19,24,12,6,26,59,40,16,23,13,12,7,12,10,45,25,53,21,188.0,75.0,Right,2,1,,0,0,United States,MLS,Philadelphia,andrew rick
1971,1971,71983,Chen Xing,M,22,GK,,0,50,49,53,45,52,24,50,23,26,10,8,34,7,9,16,13,37,15,27,26,12,10,35,48,38,10,35,13,12,12,15,13,38,29,47,26,185.0,79.0,Right,3,1,,0,0,China PR,CSL,Wuhan Three Towns,chen xing
1971,1971,74656,James Rogerson,M,19,GK,,0,50,51,50,46,52,32,48,33,31,5,7,35,6,6,14,11,24,11,20,28,12,7,36,39,42,10,23,8,12,6,12,11,36,20,42,14,182.0,72.0,Right,2,1,,0,0,England,EFL League Two,Accrington,james rogerson
1971,1971,76816,Kwon Neung,M,20,GK,,0,50,58,58,45,45,25,45,30,18,9,9,34,6,8,14,15,33,11,24,22,13,10,26,38,35,12,35,10,14,6,11,11,49,21,56,26,188.0,79.0,Right,3,1,,0,0,Korea Republic,K League 1,Pohang Steelers,kwon neung
1971,1971,269138,Li Yuefeng,M,23,GK,,0,50,51,53,52,50,21,48,21,22,9,8,39,12,9,16,13,31,12,15,27,13,13,35,32,33,17,32,10,13,9,15,12,42,22,51,22,189.0,81.0,Right,3,1,,0,0,China PR,CSL,Tianjin JMT FC,li yuefeng
1971,1971,73592,Mert Bayram,M,21,GK,,0,50,51,55,47,49,21,50,23,17,4,6,35,7,9,14,12,23,10,19,18,14,11,36,23,32,13,31,6,11,9,12,11,46,28,56,28,190.0,80.0,Right,3,1,,0,0,Turkey,Trendyol Süper Lig,Alanyaspor,mert bayram
1971,1971,76771,Muhannad Al Yahya,M,21,GK,,0,50,54,45,49,54,26,53,26,26,4,9,37,7,6,13,10,22,13,21,18,13,14,28,24,30,10,23,7,10,9,14,13,50,16,62,23,180.0,81.0,Right,3,1,,0,0,Saudi Arabia,ROSHN Saudi League,Al Fateh,muhannad al yahya
1971,1971,269480,Ran Weifeng,M,23,GK,,0,50,51,50,53,52,24,48,21,28,8,9,40,8,9,10,11,25,9,15,16,13,12,26,35,34,16,32,12,10,8,11,9,45,26,55,23,186.0,69.0,Right,3,1,,0,0,China PR,CSL,Chengdu FC,ran weifeng
1971,1971,248150,Ravi Kumar,M,32,GK,,0,50,48,50,48,51,22,51,15,33,5,7,36,9,5,17,13,50,12,24,28,13,8,37,49,45,13,30,14,10,8,14,13,36,24,48,22,182.0,76.0,Right,1,1,Far Throw,1,0,India,ISL,Punjab FC,ravi kumar
1971,1971,277279,Rayan Al Dawsari,M,21,GK,,0,50,48,50,47,51,26,50,23,31,5,6,35,6,6,13,14,23,14,29,18,10,5,36,46,44,17,26,14,13,5,14,11,32,19,38,18,182.0,65.0,Right,3,1,,0,0,Saudi Arabia,ROSHN Saudi League,Al Khaleej,rayan al dawsari
1971,1971,268629,Sam Waller,M,22,GK,,0,50,50,54,50,52,28,49,25,32,6,9,38,7,8,13,13,25,14,20,21,10,10,38,34,31,19,27,7,12,9,12,10,50,16,60,21,186.0,81.0,Right,2,1,,0,0,England,EFL League Two,Crewe Alexandra,sam waller
1971,1971,259003,Sun Jianxiang,M,26,GK,,0,50,53,54,57,47,20,48,18,24,5,8,43,8,6,13,15,31,12,21,24,12,12,26,43,37,13,38,11,11,8,14,12,36,22,46,25,195.0,90.0,Right,1,1,,0,0,China PR,CSL,Meizhou Hakka FC,sun jianxiang
1971,1971,276386,Tom Finch,M,20,GK,,0,50,53,46,48,51,25,52,22,29,6,5,36,7,7,10,11,31,14,32,30,14,10,25,34,40,13,21,10,12,7,13,14,43,23,53,20,194.0,86.0,Right,2,1,,0,0,England,EFL League Two,MK Dons,tom finch
1971,1971,269141,Yan Bingliang,M,25,GK,,0,50,48,55,53,51,31,47,32,29,13,10,40,9,7,13,15,26,16,24,21,13,11,30,28,42,17,32,13,15,12,20,16,56,16,70,25,197.0,92.0,Right,3,1,,0,0,China PR,CSL,Tianjin JMT FC,yan bingliang
1971,1971,261928,Yu Jinyong,M,21,GK,,0,50,55,51,50,56,24,45,22,26,10,10,38,8,9,18,13,31,14,18,22,11,12,31,29,31,11,30,11,13,10,12,15,52,21,70,20,198.0,88.0,Right,2,1,,0,0,China PR,CSL,Shandong Taishan,yu jinyong
1971,1971,76892,Yun Ki Wook,M,19,GK,,0,50,51,52,46,59,27,42,29,24,7,7,35,6,7,19,14,30,11,21,28,14,11,23,28,36,15,28,7,11,6,13,13,54,22,69,28,190.0,90.0,Left,2,1,,0,0,Korea Republic,K League 1,FC Seoul,yun ki wook
1971,1971,277763,Şamil Öztürk,M,20,GK,,0,50,52,51,50,50,26,49,32,17,7,9,38,7,5,11,11,33,12,27,25,10,12,34,24,38,20,39,13,12,9,14,10,50,40,58,20,194.0,78.0,Right,3,1,,0,0,Turkey,Trendyol Süper Lig,Kayserispor,samil ozturk
1990,1990,77434,AJ Nash,M,18,GK,,0,49,46,52,50,53,20,44,23,15,8,9,38,6,5,16,12,31,12,25,24,14,11,45,52,40,17,22,13,11,8,11,12,32,16,40,21,185.0,75.0,Right,2,1,,0,0,Republic of Ireland,SSE Airtricity PD,Cork City,aj nash
1990,1990,275172,Abbas Nureli,M,21,GK,,0,49,56,49,48,48,18,50,16,21,13,10,36,8,9,15,12,37,12,22,16,13,9,38,22,30,13,26,12,16,15,13,15,41,25,50,16,193.0,77.0,Right,2,1,,0,0,China PR,CSL,Beijing FC,abbas nureli
1990,1990,273754,Ahan Prakash,M,21,GK,,0,49,46,45,52,53,27,51,32,19,4,6,39,9,5,16,11,30,11,23,20,14,7,36,48,43,19,28,10,11,7,10,10,41,19,47,26,178.0,78.0,Right,2,1,,0,0,India,ISL,Mumbai City FC,ahan prakash
1990,1990,77811,An Zhicheng,M,19,GK,,0,49,52,52,47,45,32,44,33,30,6,6,35,9,7,16,11,34,13,24,15,12,8,21,31,43,12,23,10,13,5,12,10,37,25,44,19,187.0,75.0,Right,3,1,,0,0,China PR,CSL,Changchun Yatai,an zhicheng
1990,1990,278308,Gong Si Hyeun,M,21,GK,,0,49,50,45,46,52,26,49,30,21,8,9,35,6,9,18,12,22,13,23,25,12,9,20,26,45,12,24,10,12,12,16,13,44,23,51,21,192.0,85.0,Right,3,1,,0,0,Korea Republic,K League 1,Jeonbuk Hyundai,gong si hyeun
1990,1990,76386,Hong Sung Min,M,19,GK,,0,49,59,53,53,45,28,41,25,32,5,8,40,10,10,17,14,38,14,26,23,14,13,24,50,35,12,35,9,12,7,13,15,50,26,61,26,184.0,84.0,Right,3,1,,0,0,Korea Republic,K League 1,Pohang Steelers,hong sung min
1990,1990,76832,Joo Ho Yeon,M,23,GK,,0,49,51,50,50,49,26,47,29,22,5,7,38,9,9,11,10,38,11,26,27,13,5,34,35,35,12,39,9,11,6,14,10,48,27,58,19,188.0,78.0,Right,2,1,,0,0,Korea Republic,K League 1,Suwon FC,joo ho yeon
1990,1990,77198,Joo Seung Min,M,19,GK,,0,49,49,50,49,45,20,49,21,19,4,8,37,7,5,16,11,36,11,18,25,13,12,38,28,43,13,29,7,12,5,14,11,45,20,56,18,190.0,84.0,Right,3,1,,0,0,Korea Republic,K League 1,Jeju United,joo seung min
1990,1990,77192,Kim Dong Hwa,M,22,GK,,0,49,52,48,45,51,19,47,21,17,6,7,34,7,5,15,13,35,14,21,22,11,6,24,48,41,14,33,12,12,8,11,10,42,16,53,17,184.0,78.0,Right,2,1,,0,0,Korea Republic,K League 1,Gwangju FC,kim dong hwa
1990,1990,259562,Muheet Shabir Khan,M,24,GK,,0,49,49,50,46,46,22,52,24,20,5,9,35,5,6,11,12,31,10,29,28,14,9,30,40,41,15,21,12,12,5,13,13,50,25,61,20,187.0,80.0,Right,2,1,,0,0,India,ISL,Punjab FC,muheet shabir khan
1990,1990,73039,Nora Fernandes,M,27,GK,,0,49,47,51,52,50,29,52,31,25,7,5,39,6,9,13,12,25,13,16,16,14,12,32,42,30,17,30,14,11,9,14,11,32,19,33,27,184.0,75.0,Right,2,1,Far Throw,1,0,India,ISL,Kerala Blasters,nora fernandes
1990,1990,259652,Sun Qihang,M,24,GK,,0,49,45,55,47,51,32,47,32,32,5,6,35,6,7,11,14,39,13,29,20,13,7,29,25,41,11,38,11,14,9,11,12,52,23,60,22,192.0,83.0,Right,2,1,,0,0,China PR,CSL,Shandong Taishan,sun qihang
1990,1990,76094,Theo Hennessy,M,19,GK,,0,49,50,50,49,48,27,48,25,31,5,9,37,8,9,19,10,36,11,16,26,11,10,34,57,43,18,35,14,11,8,10,13,42,21,50,23,179.0,70.0,Right,2,1,,0,0,Republic of Ireland,SSE Airtricity PD,Drogheda United,theo hennessy
1990,1990,76593,Yu Jianxian,M,24,GK,,0,49,46,54,49,51,19,43,17,23,7,7,37,8,7,15,10,21,14,24,17,12,5,30,37,40,11,38,10,11,9,11,10,40,23,53,21,188.0,77.0,Right,2,1,,0,0,China PR,CSL,Yunnan Yukun,yu jianxian
2004,2004,269526,Deng Xiongtao,M,23,GK,,0,48,48,49,53,48,20,50,22,18,8,9,40,10,8,10,12,25,8,21,26,9,9,30,26,32,12,26,12,13,9,9,10,49,15,60,23,190.0,78.0,Right,3,1,,0,0,China PR,CSL,Meizhou Hakka FC,deng xiongtao
2004,2004,76490,Ge Peng,M,25,GK,,0,48,46,48,51,48,27,53,26,28,4,8,38,7,5,16,13,24,13,19,17,13,12,32,35,35,12,24,12,14,5,10,13,52,21,64,27,188.0,87.0,Right,3,1,,0,0,China PR,CSL,Dalian Yingbo,ge peng
2004,2004,79570,Jenson Kilroy,M,19,GK,,0,48,50,46,53,51,35,44,36,34,5,8,40,8,7,11,11,28,15,27,26,14,12,37,32,41,18,35,7,11,6,13,11,37,35,44,22,187.0,70.0,Right,2,1,,0,0,England,EFL League Two,Walsall,jenson kilroy
2004,2004,278309,Kim Tae Jun,M,24,GK,,0,48,51,46,45,49,20,42,18,23,9,7,34,9,7,13,15,22,11,26,28,12,8,29,40,46,15,32,13,12,11,15,13,40,19,50,22,185.0,80.0,Right,2,1,,0,0,Korea Republic,K League 1,Gwangju FC,kim tae jun
2004,2004,77926,Li Zhiliang,M,18,GK,,0,48,49,51,50,47,26,46,26,25,4,5,38,5,9,15,13,35,13,19,19,13,6,38,24,40,13,30,8,13,9,11,12,51,16,63,17,193.0,75.0,Right,3,1,,0,0,China PR,CSL,Shanghai Port FC,li zhiliang
2004,2004,267946,Lim Jun Sub,M,22,GK,,0,48,45,51,52,52,23,46,26,18,10,8,39,10,8,10,12,30,10,23,22,9,10,23,22,35,16,32,11,12,12,10,13,43,16,53,18,194.0,90.0,Right,2,1,,0,0,Korea Republic,K League 1,FC Seoul,lim jun sub
2004,2004,77205,Park Man Ho,M,22,GK,,0,48,48,52,45,54,20,42,20,19,6,8,34,6,8,13,13,30,12,23,20,12,5,34,46,37,15,33,8,10,9,14,11,31,27,42,18,184.0,77.0,Right,2,1,,0,0,Korea Republic,K League 1,Daegu FC,park man ho
2004,2004,77218,Ryu Seong Min,M,22,GK,,0,48,50,47,46,49,22,47,21,24,4,7,35,5,9,15,12,24,13,16,22,10,12,38,37,36,15,22,7,12,7,14,12,46,26,59,24,188.0,83.0,Right,3,1,,0,0,Korea Republic,K League 1,Ulsan HD FC,ryu seong min
2004,2004,77938,Zhang Haonan,M,20,GK,,0,48,49,46,51,47,28,50,33,21,8,7,38,6,6,15,12,29,11,29,15,13,12,29,24,42,13,34,9,11,7,12,14,52,24,62,20,193.0,78.0,Right,3,1,,0,0,China PR,CSL,SZ Peng City,zhang haonan
2004,2004,269105,Zhou Zhengkai,M,25,GK,,0,48,56,49,49,46,23,42,18,30,10,12,37,9,15,13,12,22,12,16,16,12,13,22,45,32,15,30,12,15,15,12,13,41,24,50,22,183.0,72.0,Right,3,1,,0,0,China PR,CSL,Shanghai Shenhua,zhou zhengkai
2014,2014,76595,Qiu Shengjun,M,23,GK,,0,47,48,46,47,45,29,45,33,23,7,5,35,9,9,19,14,28,11,15,16,11,12,28,41,46,17,30,10,14,6,13,10,36,17,44,25,185.0,73.0,Right,2,1,,0,0,China PR,CSL,Yunnan Yukun,qiu shengjun
